biosample_id,accession,organism,strain,isolation_source,host,collection_date,geo_loc_name,amr_genotypes,amr_phenotypes,disease,sra_accession,assembly_accession,assembly_status,ftp_path_refseq,ftp_path_genbank,organism_query
54872780,SAMN54872780,,,urine,Homo sapiens,2026,USA,,,,,,,,,Acinetobacter baumannii
54872779,SAMN54872779,,,wound,Homo sapiens,2026,USA,,,,,,,,,Acinetobacter baumannii
54872778,SAMN54872778,,,sputum,Homo sapiens,2026,USA,,,,,,,,,Acinetobacter baumannii
54872777,SAMN54872777,,,Tissue,Homo sapiens,2026,USA,,,,,,,,,Acinetobacter baumannii
54872594,SAMN54872594,,,respiratory,Homo sapiens,2025,USA,,,,,,,,,Acinetobacter baumannii
54870557,SAMN54870557,,2026EP-00001,urine,Homo sapiens,2025,USA,,,,,,,,,Acinetobacter baumannii
54870556,SAMN54870556,,2026EP-00010,wound,Homo sapiens,2025,USA,,,,,,,,,Acinetobacter baumannii
54870049,SAMN54870049,,,wound,Homo sapiens,2025,USA,,,,,,,,,Acinetobacter baumannii
54870048,SAMN54870048,,,urine,Homo sapiens,2026,USA,,,,,,,,,Acinetobacter baumannii
54870012,SAMN54870012,,,wound,Homo sapiens,2025,USA,,,,,,,,,Acinetobacter baumannii
54870011,SAMN54870011,,,Deep Sacral Wound Swab,Homo sapiens,2025,USA,,,,,,,,,Acinetobacter baumannii
54810324,SAMN54810324,,M4,environment,,2024-09,China: Huizhou,,,,,,,,,Acinetobacter baumannii
54804744,SAMN54804744,,,,Homo sapiens,,,,,,,,,,,Acinetobacter baumannii
54804743,SAMN54804743,,,,Homo sapiens,,,,,,,,,,,Acinetobacter baumannii
54804739,SAMN54804739,,,,Homo sapiens,,,,,,,,,,,Acinetobacter baumannii
54804738,SAMN54804738,,,,Homo sapiens,,,,,,,,,,,Acinetobacter baumannii
54804733,SAMN54804733,,,,Homo sapiens,,,,,,,,,,,Acinetobacter baumannii
54804732,SAMN54804732,,,,Homo sapiens,,,,,,,,,,,Acinetobacter baumannii
54804731,SAMN54804731,,,,Homo sapiens,,,,,,,,,,,Acinetobacter baumannii
54804730,SAMN54804730,,,,Homo sapiens,,,,,,,,,,,Acinetobacter baumannii
54803415,SAMN54803415,,,OT,Homo sapiens,2026-01-02,USA,,,,,GCA_054656435.1,Contig,,ftp://ftp.ncbi.nlm.nih.gov/genomes/all/GCA/054/656/435/GCA_054656435.1_PDT003064281.1,Acinetobacter baumannii
54802198,SAMN54802198,,,Tissue,Homo sapiens,2025-10-24,USA,,,,,GCA_054651715.1,Contig,,ftp://ftp.ncbi.nlm.nih.gov/genomes/all/GCA/054/651/715/GCA_054651715.1_PDT003063932.1,Acinetobacter baumannii
54802197,SAMN54802197,,,Wound/Abscess,Homo sapiens,2025-10-14,USA,,,,,GCA_054651675.1,Contig,,ftp://ftp.ncbi.nlm.nih.gov/genomes/all/GCA/054/651/675/GCA_054651675.1_PDT003063933.1,Acinetobacter baumannii
54802196,SAMN54802196,,,Tissue,Homo sapiens,2025-10-31,USA,,,,,GCA_054651785.1,Contig,,ftp://ftp.ncbi.nlm.nih.gov/genomes/all/GCA/054/651/785/GCA_054651785.1_PDT003063924.1,Acinetobacter baumannii
54802195,SAMN54802195,,,urine,Homo sapiens,2025-10-02,USA,,,,,GCA_054651775.1,Contig,,ftp://ftp.ncbi.nlm.nih.gov/genomes/all/GCA/054/651/775/GCA_054651775.1_PDT003063925.1,Acinetobacter baumannii
54802194,SAMN54802194,,,other,Homo sapiens,2025-10-16,USA,,,,,GCA_054651755.1,Contig,,ftp://ftp.ncbi.nlm.nih.gov/genomes/all/GCA/054/651/755/GCA_054651755.1_PDT003063926.1,Acinetobacter baumannii
54802189,SAMN54802189,,,Wound/Abscess,Homo sapiens,2025-12-17,USA,,,,,GCA_054651735.1,Contig,,ftp://ftp.ncbi.nlm.nih.gov/genomes/all/GCA/054/651/735/GCA_054651735.1_PDT003063931.1,Acinetobacter baumannii
54799541,SAMN54799541,,,Homo Sapiens clinical,Homo sapiens,2026-01-04,USA: Florida,,,,,GCA_054646225.1,Contig,,ftp://ftp.ncbi.nlm.nih.gov/genomes/all/GCA/054/646/225/GCA_054646225.1_PDT003063521.1,Acinetobacter baumannii
54799540,SAMN54799540,,,Homo Sapiens clinical,Homo sapiens,2026-01-04,USA: Florida,,,,,GCA_054646185.1,Contig,,ftp://ftp.ncbi.nlm.nih.gov/genomes/all/GCA/054/646/185/GCA_054646185.1_PDT003063523.1,Acinetobacter baumannii
54799536,SAMN54799536,,,Homo Sapiens clinical,Homo sapiens,2026-01-02,USA: Florida,,,,,GCA_054646205.1,Contig,,ftp://ftp.ncbi.nlm.nih.gov/genomes/all/GCA/054/646/205/GCA_054646205.1_PDT003063527.1,Acinetobacter baumannii
54799532,SAMN54799532,,,Homo Sapiens clinical,Homo sapiens,2026-01-01,USA: Florida,,,,,GCA_054646165.1,Contig,,ftp://ftp.ncbi.nlm.nih.gov/genomes/all/GCA/054/646/165/GCA_054646165.1_PDT003063531.1,Acinetobacter baumannii
54799528,SAMN54799528,,,Homo Sapiens clinical,Homo sapiens,2025-12-27,USA: Florida,,,,,GCA_054646265.1,Contig,,ftp://ftp.ncbi.nlm.nih.gov/genomes/all/GCA/054/646/265/GCA_054646265.1_PDT003063517.1,Acinetobacter baumannii
54799521,SAMN54799521,,,Homo Sapiens clinical,Homo sapiens,2025-12-30,USA: Florida,,,,,GCA_054646125.1,Contig,,ftp://ftp.ncbi.nlm.nih.gov/genomes/all/GCA/054/646/125/GCA_054646125.1_PDT003063534.1,Acinetobacter baumannii
54769199,SAMN54769199,,,urine,Homo sapiens,2026,USA,,,,,GCA_054596095.1,Contig,,ftp://ftp.ncbi.nlm.nih.gov/genomes/all/GCA/054/596/095/GCA_054596095.1_PDT003062174.1,Acinetobacter baumannii
54769198,SAMN54769198,,,Ankle,Homo sapiens,2025,USA,,,,,GCA_054596315.1,Contig,,ftp://ftp.ncbi.nlm.nih.gov/genomes/all/GCA/054/596/315/GCA_054596315.1_PDT003062151.1,Acinetobacter baumannii
54769197,SAMN54769197,,,urine,Homo sapiens,2025,USA,,,,,GCA_054596235.1,Contig,,ftp://ftp.ncbi.nlm.nih.gov/genomes/all/GCA/054/596/235/GCA_054596235.1_PDT003062152.1,Acinetobacter baumannii
54769196,SAMN54769196,,,sputum,Homo sapiens,2025,USA,,,,,GCA_054596155.1,Contig,,ftp://ftp.ncbi.nlm.nih.gov/genomes/all/GCA/054/596/155/GCA_054596155.1_PDT003062153.1,Acinetobacter baumannii
54769194,SAMN54769194,,,Back,Homo sapiens,2025,USA,,,,,GCA_054596145.1,Contig,,ftp://ftp.ncbi.nlm.nih.gov/genomes/all/GCA/054/596/145/GCA_054596145.1_PDT003062155.1,Acinetobacter baumannii
54768981,SAMN54768981,,,Pelvis,Homo sapiens,2025,USA,,,,,GCA_054596425.1,Contig,,ftp://ftp.ncbi.nlm.nih.gov/genomes/all/GCA/054/596/425/GCA_054596425.1_PDT003062142.1,Acinetobacter baumannii
54768980,SAMN54768980,,,wound,Homo sapiens,2025,USA,,,,,GCA_054596415.1,Contig,,ftp://ftp.ncbi.nlm.nih.gov/genomes/all/GCA/054/596/415/GCA_054596415.1_PDT003062143.1,Acinetobacter baumannii
54768979,SAMN54768979,,,Sacrum,Homo sapiens,2025,USA,,,,,GCA_054596355.1,Contig,,ftp://ftp.ncbi.nlm.nih.gov/genomes/all/GCA/054/596/355/GCA_054596355.1_PDT003062144.1,Acinetobacter baumannii
54768978,SAMN54768978,,,blood,Homo sapiens,2025,USA,,,,,GCA_054596285.1,Contig,,ftp://ftp.ncbi.nlm.nih.gov/genomes/all/GCA/054/596/285/GCA_054596285.1_PDT003062145.1,Acinetobacter baumannii
54768851,SAMN54768851,,,Leg,Homo sapiens,2025,USA,,,,,GCA_054593565.1,Contig,,ftp://ftp.ncbi.nlm.nih.gov/genomes/all/GCA/054/593/565/GCA_054593565.1_PDT003062036.1,Acinetobacter baumannii
54768848,SAMN54768848,,,Foot,Homo sapiens,2025,USA,,,,,GCA_054592855.1,Contig,,ftp://ftp.ncbi.nlm.nih.gov/genomes/all/GCA/054/592/855/GCA_054592855.1_PDT003062039.1,Acinetobacter baumannii
54768360,SAMN54768360,,2026HL-01026,knee,Homo sapiens,2025,USA,,,,,GCA_054593695.1,Contig,,ftp://ftp.ncbi.nlm.nih.gov/genomes/all/GCA/054/593/695/GCA_054593695.1_PDT003061979.1,Acinetobacter baumannii
54768358,SAMN54768358,,2026HL-01024,wound,Homo sapiens,2025,USA,,,,,GCA_054593715.1,Contig,,ftp://ftp.ncbi.nlm.nih.gov/genomes/all/GCA/054/593/715/GCA_054593715.1_PDT003061981.1,Acinetobacter baumannii
54768164,SAMN54768164,,2025EP-00540,BRONCHIAL ALVEOLAR LAVAGE,Homo sapiens,2025,USA,,,,,GCA_054593735.1,Contig,,ftp://ftp.ncbi.nlm.nih.gov/genomes/all/GCA/054/593/735/GCA_054593735.1_PDT003061967.1,Acinetobacter baumannii
54766577,SAMN54766577,,,sputum,Homo sapiens,2025,USA,,,,,GCA_054588175.1,Contig,,ftp://ftp.ncbi.nlm.nih.gov/genomes/all/GCA/054/588/175/GCA_054588175.1_PDT003061735.1,Acinetobacter baumannii
54766575,SAMN54766575,,,other,Homo sapiens,2025,USA,,,,,GCA_054588195.1,Contig,,ftp://ftp.ncbi.nlm.nih.gov/genomes/all/GCA/054/588/195/GCA_054588195.1_PDT003061737.1,Acinetobacter baumannii
54766574,SAMN54766574,,,throat,Homo sapiens,2025,USA,,,,,GCA_054588155.1,Contig,,ftp://ftp.ncbi.nlm.nih.gov/genomes/all/GCA/054/588/155/GCA_054588155.1_PDT003061738.1,Acinetobacter baumannii
54766573,SAMN54766573,,,other,Homo sapiens,2025,USA,,,,,GCA_054589945.1,Contig,,ftp://ftp.ncbi.nlm.nih.gov/genomes/all/GCA/054/589/945/GCA_054589945.1_PDT003061739.1,Acinetobacter baumannii
54766519,SAMN54766519,,2026GN-00015,,Homo sapiens,2026,USA,,,,,GCA_054588255.1,Contig,,ftp://ftp.ncbi.nlm.nih.gov/genomes/all/GCA/054/588/255/GCA_054588255.1_PDT003061731.1,Acinetobacter baumannii
54766105,SAMN54766105,,,sputum,Homo sapiens,2026,USA,,,,,GCA_054585415.1,Contig,,ftp://ftp.ncbi.nlm.nih.gov/genomes/all/GCA/054/585/415/GCA_054585415.1_PDT003061710.1,Acinetobacter baumannii
54766102,SAMN54766102,,,blood,Homo sapiens,2025,USA,,,,,GCA_054585405.1,Contig,,ftp://ftp.ncbi.nlm.nih.gov/genomes/all/GCA/054/585/405/GCA_054585405.1_PDT003061713.1,Acinetobacter baumannii
54766101,SAMN54766101,,,sputum,Homo sapiens,2025,USA,,,,,GCA_054585395.1,Contig,,ftp://ftp.ncbi.nlm.nih.gov/genomes/all/GCA/054/585/395/GCA_054585395.1_PDT003061714.1,Acinetobacter baumannii
54766011,SAMN54766011,,2025GO-00665,Unknown,Homo sapiens,2026,USA,,,,,GCA_054583515.1,Contig,,ftp://ftp.ncbi.nlm.nih.gov/genomes/all/GCA/054/583/515/GCA_054583515.1_PDT003061652.1,Acinetobacter baumannii
54766008,SAMN54766008,,2025GO-00662,Unknown,Homo sapiens,2026,USA,,,,,GCA_054583475.1,Contig,,ftp://ftp.ncbi.nlm.nih.gov/genomes/all/GCA/054/583/475/GCA_054583475.1_PDT003061654.1,Acinetobacter baumannii
54766001,SAMN54766001,,2025GO-00654,Unknown,Homo sapiens,2026,USA,,,,,GCA_054585555.1,Contig,,ftp://ftp.ncbi.nlm.nih.gov/genomes/all/GCA/054/585/555/GCA_054585555.1_PDT003061669.1,Acinetobacter baumannii
54766000,SAMN54766000,,2025GO-00653,Unknown,Homo sapiens,2026,USA,,,,,GCA_054585515.1,Contig,,ftp://ftp.ncbi.nlm.nih.gov/genomes/all/GCA/054/585/515/GCA_054585515.1_PDT003061670.1,Acinetobacter baumannii
54765999,SAMN54765999,,2025GO-00652,Unknown,Homo sapiens,2026,USA,,,,,GCA_054585525.1,Contig,,ftp://ftp.ncbi.nlm.nih.gov/genomes/all/GCA/054/585/525/GCA_054585525.1_PDT003061671.1,Acinetobacter baumannii
54765998,SAMN54765998,,2025GO-00651,Unknown,Homo sapiens,2026,USA,,,,,GCA_054583285.1,Contig,,ftp://ftp.ncbi.nlm.nih.gov/genomes/all/GCA/054/583/285/GCA_054583285.1_PDT003061661.1,Acinetobacter baumannii
54765997,SAMN54765997,,2025GO-00650,Unknown,Homo sapiens,2026,USA,,,,,GCA_054585455.1,Contig,,ftp://ftp.ncbi.nlm.nih.gov/genomes/all/GCA/054/585/455/GCA_054585455.1_PDT003061672.1,Acinetobacter baumannii
54765988,SAMN54765988,,2025GO-00641,Unknown,Homo sapiens,2026,USA,,,,,GCA_054583425.1,Contig,,ftp://ftp.ncbi.nlm.nih.gov/genomes/all/GCA/054/583/425/GCA_054583425.1_PDT003061657.1,Acinetobacter baumannii
54765713,SAMN54765713,,,Tissue,Homo sapiens,2026,USA,,,,,GCA_054583835.1,Contig,,ftp://ftp.ncbi.nlm.nih.gov/genomes/all/GCA/054/583/835/GCA_054583835.1_PDT003061623.1,Acinetobacter baumannii
54765710,SAMN54765710,,,Not Provided,Homo sapiens,2026,USA,,,,,GCA_054583815.1,Contig,,ftp://ftp.ncbi.nlm.nih.gov/genomes/all/GCA/054/583/815/GCA_054583815.1_PDT003061626.1,Acinetobacter baumannii
54765709,SAMN54765709,,,Not Provided,Homo sapiens,2026,USA,,,,,GCA_054583795.1,Contig,,ftp://ftp.ncbi.nlm.nih.gov/genomes/all/GCA/054/583/795/GCA_054583795.1_PDT003061627.1,Acinetobacter baumannii
54764854,SAMN54764854,,,Tissue (Specify:),Homo sapiens,2025,USA: Arizona,,,,,GCA_054586315.1,Contig,,ftp://ftp.ncbi.nlm.nih.gov/genomes/all/GCA/054/586/315/GCA_054586315.1_PDT003061325.1,Acinetobacter baumannii
54764853,SAMN54764853,,,Induced Sputum,Homo sapiens,2025,USA: Arizona,,,,,GCA_054586355.1,Contig,,ftp://ftp.ncbi.nlm.nih.gov/genomes/all/GCA/054/586/355/GCA_054586355.1_PDT003061324.1,Acinetobacter baumannii
54764852,SAMN54764852,,,Other (Specify:),Homo sapiens,2025,USA: Arizona,,,,,GCA_054586395.1,Contig,,ftp://ftp.ncbi.nlm.nih.gov/genomes/all/GCA/054/586/395/GCA_054586395.1_PDT003061323.1,Acinetobacter baumannii
54764850,SAMN54764850,,,sputum,Homo sapiens,2025,USA: Arizona,,,,,GCA_054586775.1,Contig,,ftp://ftp.ncbi.nlm.nih.gov/genomes/all/GCA/054/586/775/GCA_054586775.1_PDT003061321.1,Acinetobacter baumannii
54764848,SAMN54764848,,,Other (Specify:),Homo sapiens,2025,USA: Arizona,,,,,GCA_054586805.1,Contig,,ftp://ftp.ncbi.nlm.nih.gov/genomes/all/GCA/054/586/805/GCA_054586805.1_PDT003061319.1,Acinetobacter baumannii
54764847,SAMN54764847,,,urine,Homo sapiens,2025,USA: Arizona,,,,,GCA_054586835.1,Contig,,ftp://ftp.ncbi.nlm.nih.gov/genomes/all/GCA/054/586/835/GCA_054586835.1_PDT003061318.1,Acinetobacter baumannii
54764844,SAMN54764844,,,Unknown,Homo sapiens,2025,USA: Arizona,,,,,GCA_054586875.1,Contig,,ftp://ftp.ncbi.nlm.nih.gov/genomes/all/GCA/054/586/875/GCA_054586875.1_PDT003061315.1,Acinetobacter baumannii
54764843,SAMN54764843,,,blood,Homo sapiens,2025,USA: Arizona,,,,,GCA_054586895.1,Contig,,ftp://ftp.ncbi.nlm.nih.gov/genomes/all/GCA/054/586/895/GCA_054586895.1_PDT003061314.1,Acinetobacter baumannii
54764839,SAMN54764839,,,Tissue (Specify:),Homo sapiens,2025,USA: Arizona,,,,,GCA_054586965.1,Contig,,ftp://ftp.ncbi.nlm.nih.gov/genomes/all/GCA/054/586/965/GCA_054586965.1_PDT003061310.1,Acinetobacter baumannii
54764837,SAMN54764837,,,Body Fluid (Specify:),Homo sapiens,2025,USA: Arizona,,,,,GCA_054587025.1,Contig,,ftp://ftp.ncbi.nlm.nih.gov/genomes/all/GCA/054/587/025/GCA_054587025.1_PDT003061308.1,Acinetobacter baumannii
54764835,SAMN54764835,,,Wound Swab,Homo sapiens,2025,USA: Arizona,,,,,GCA_054587055.1,Contig,,ftp://ftp.ncbi.nlm.nih.gov/genomes/all/GCA/054/587/055/GCA_054587055.1_PDT003061306.1,Acinetobacter baumannii
54763878,SAMN54763878,,,blood,Homo sapiens,2026,USA,,,,,GCA_054583255.1,Contig,,ftp://ftp.ncbi.nlm.nih.gov/genomes/all/GCA/054/583/255/GCA_054583255.1_PDT003061163.1,Acinetobacter baumannii
54763876,SAMN54763876,,,Bronchial Wash,Homo sapiens,2026,USA,,,,,GCA_054583235.1,Contig,,ftp://ftp.ncbi.nlm.nih.gov/genomes/all/GCA/054/583/235/GCA_054583235.1_PDT003061165.1,Acinetobacter baumannii
54763875,SAMN54763875,,,sputum,Homo sapiens,2026,USA,,,,,GCA_054583215.1,Contig,,ftp://ftp.ncbi.nlm.nih.gov/genomes/all/GCA/054/583/215/GCA_054583215.1_PDT003061166.1,Acinetobacter baumannii
54763874,SAMN54763874,,,blood,Homo sapiens,2026,USA,,,,,,,,,Acinetobacter baumannii
54763069,SAMN54763069,,,SWAB_WOUND,Homo sapiens,2025,USA,,,,,GCA_054577455.1,Contig,,ftp://ftp.ncbi.nlm.nih.gov/genomes/all/GCA/054/577/455/GCA_054577455.1_PDT003061058.1,Acinetobacter baumannii
54763068,SAMN54763068,,,FLUID (BODY)_SPUTUM (COUGHED),Homo sapiens,2025,USA,,,,,GCA_054576565.1,Contig,,ftp://ftp.ncbi.nlm.nih.gov/genomes/all/GCA/054/576/565/GCA_054576565.1_PDT003061057.1,Acinetobacter baumannii
54763067,SAMN54763067,,,ASPIRATE_TRACHEAL,Homo sapiens,2025,USA,,,,,GCA_054576585.1,Contig,,ftp://ftp.ncbi.nlm.nih.gov/genomes/all/GCA/054/576/585/GCA_054576585.1_PDT003061056.1,Acinetobacter baumannii
54763066,SAMN54763066,,,SWAB_WOUND,Homo sapiens,2025,USA,,,,,GCA_054583055.1,Contig,,ftp://ftp.ncbi.nlm.nih.gov/genomes/all/GCA/054/583/055/GCA_054583055.1_PDT003061141.1,Acinetobacter baumannii
54763065,SAMN54763065,,,URINE_CATHETER (INDWELLING),Homo sapiens,2025,USA,,,,,GCA_054583085.1,Contig,,ftp://ftp.ncbi.nlm.nih.gov/genomes/all/GCA/054/583/085/GCA_054583085.1_PDT003061140.1,Acinetobacter baumannii
48395428,SAMN48395428,,AC37,missing,Homo sapiens,2020-03-02,Brazil: Belo Horizonte,,,,,,,,,Acinetobacter baumannii
48395427,SAMN48395427,,AC37,patient,Homo sapiens,2020-03-02,Brazil: Belo Horizonte,,,,,,,,,Acinetobacter baumannii
48395426,SAMN48395426,,AC37,patient,Homo sapiens,2020-03-02,Brazil: Belo Horizonte,,,,,,,,,Acinetobacter baumannii
48395425,SAMN48395425,,AC37,patient,Homo sapiens,2020-03-02,Brazil: Belo Horizonte,,,,,,,,,Acinetobacter baumannii
48395424,SAMN48395424,,AC37,patient,Homo sapiens,2020-03-02,Brazil: Belo Horizonte,,,,,,,,,Acinetobacter baumannii
48395423,SAMN48395423,,AC37,patient,Homo sapiens,2020-03-02,Brazil: Belo Horizonte,,,,,,,,,Acinetobacter baumannii
48395422,SAMN48395422,,AC37,patient,Homo sapiens,2020-03-02,Brazil: Belo Horizonte,,,,,,,,,Acinetobacter baumannii
48395421,SAMN48395421,,AC37,patient,Homo sapiens,2020-03-02,Brazil: Belo Horizonte,,,,,,,,,Acinetobacter baumannii
48395420,SAMN48395420,,AC37,patient,Homo sapiens,2020-03-02,Brazil: Belo Horizonte,,,,,,,,,Acinetobacter baumannii
48395419,SAMN48395419,,AC37,patient,Homo sapiens,2020-03-02,Brazil: Belo Horizonte,,,,,,,,,Acinetobacter baumannii
48008032,SAMN48008032,,AB25-AUFP,MiniBAL,Homo sapiens,2023,Egypt: Alexandria,,,,,GCF_054483575.1,Contig,ftp://ftp.ncbi.nlm.nih.gov/genomes/all/GCF/054/483/575/GCF_054483575.1_ASM5448357v1,ftp://ftp.ncbi.nlm.nih.gov/genomes/all/GCA/054/483/575/GCA_054483575.1_ASM5448357v1,Acinetobacter baumannii
54754399,SAMN54754399,,,Sacrum counds,Homo sapiens,2025,USA,,,,,GCA_054560415.1,Contig,,ftp://ftp.ncbi.nlm.nih.gov/genomes/all/GCA/054/560/415/GCA_054560415.1_PDT003060017.1,Acinetobacter baumannii
54754398,SAMN54754398,,,Right Foot Wound,Homo sapiens,2025,USA,,,,,GCA_054559475.1,Contig,,ftp://ftp.ncbi.nlm.nih.gov/genomes/all/GCA/054/559/475/GCA_054559475.1_PDT003060018.1,Acinetobacter baumannii
54754373,SAMN54754373,,,urethra,Homo sapiens,2026,USA,,,,,GCA_054558245.1,Contig,,ftp://ftp.ncbi.nlm.nih.gov/genomes/all/GCA/054/558/245/GCA_054558245.1_PDT003059748.1,Acinetobacter baumannii
54754372,SAMN54754372,,,wound,Homo sapiens,2026,USA,,,,,GCA_054559495.1,Contig,,ftp://ftp.ncbi.nlm.nih.gov/genomes/all/GCA/054/559/495/GCA_054559495.1_PDT003060013.1,Acinetobacter baumannii
54751902,SAMN54751902,,2026EL-00009,Wound;abscess,Homo sapiens,2026,USA,,,,,,,,,Acinetobacter baumannii
54751645,SAMN54751645,,,urine,Homo sapiens,2025,USA,,,,,GCA_054556385.1,Contig,,ftp://ftp.ncbi.nlm.nih.gov/genomes/all/GCA/054/556/385/GCA_054556385.1_PDT003059582.1,Acinetobacter baumannii
54751644,SAMN54751644,,,Face,Homo sapiens,2025,USA,,,,,GCA_054556425.1,Contig,,ftp://ftp.ncbi.nlm.nih.gov/genomes/all/GCA/054/556/425/GCA_054556425.1_PDT003059583.1,Acinetobacter baumannii
54751578,SAMN54751578,,,urine,Homo sapiens,2025,USA,,,,,,,,,Acinetobacter baumannii
54741109,SAMN54741109,,Pyocyanin Resistant 10,Laboratory developed Pyocyanin resistant line,Homo sapiens,2023,India,,,,,,,,,Acinetobacter baumannii
54741108,SAMN54741108,,Pyocyanin Resistant 9,Laboratory developed Pyocyanin resistant line,Homo sapiens,2023,India,,,,,,,,,Acinetobacter baumannii
54741107,SAMN54741107,,Pyocyanin Resistant 7,Laboratory developed Pyocyanin resistant line,Homo sapiens,2023,India,,,,,,,,,Acinetobacter baumannii
54741106,SAMN54741106,,Pyocyanin Resistant 6,Laboratory developed Pyocyanin resistant line,Homo sapiens,2023,India,,,,,,,,,Acinetobacter baumannii
54741105,SAMN54741105,,Pyocyanin Resistant,Laboratory developed Pyocyanin resistant line,Homo sapiens,2023,India,,,,,,,,,Acinetobacter baumannii
54739247,SAMN54739247,,MUWRP16498,Fluid,Homo sapiens,2024-10-07,"Uganda: Kampala, Kiruddu National Referral Hospital",,,,,,,,,Acinetobacter baumannii
54739246,SAMN54739246,,MUWRP9937,Pus swab,Homo sapiens,2023-02-13,"Uganda: Kampala, Kiruddu National Referral Hospital",,,,,,,,,Acinetobacter baumannii
54739245,SAMN54739245,,MUWRP8920,Pus swab,Homo sapiens,2022-11-14,"Uganda: Lwero, General Military Hospital-Bombo",,,,,,,,,Acinetobacter baumannii
54739244,SAMN54739244,,MUWRP11128,Wound swab,Homo sapiens,2023-05-08,"Uganda: Kampala, Kiruddu National Referral Hospital",,,,,,,,,Acinetobacter baumannii
54739243,SAMN54739243,,MUWRP11105,urine,Homo sapiens,2023-07-24,"Uganda: Kampala, Kiruddu National Referral Hospital",,,,,,,,,Acinetobacter baumannii
54739242,SAMN54739242,,MUWRP1036,Pus swab,Homo sapiens,2016-12-28,"Uganda: Kasese, Bwera General Hospital",,,,,,,,,Acinetobacter baumannii
54739241,SAMN54739241,,MUWRP10339,Catheter central,Homo sapiens,2023-06-19,"Uganda: Kampala, Kiruddu National Referral Hospital",,,,,,,,,Acinetobacter baumannii
54739240,SAMN54739240,,MUWRP1031,Pus swab,Homo sapiens,2016-12-14,"Uganda: Kasese, Bwera General Hospital",,,,,,,,,Acinetobacter baumannii
54739239,SAMN54739239,,MUWRP10232,throat swab,Homo sapiens,2023-05-24,"Uganda: Kampala, Kiruddu National Referral Hospital",,,,,,,,,Acinetobacter baumannii
54739238,SAMN54739238,,MUWRP10229,blood,Homo sapiens,2023-05-24,"Uganda: Kampala, Kiruddu National Referral Hospital",,,,,,,,,Acinetobacter baumannii
54739237,SAMN54739237,,MUWRP1022,Pus swab,Homo sapiens,2016-07-22,"Uganda: Kasese, Bwera General Hospital",,,,,,,,,Acinetobacter baumannii
54739236,SAMN54739236,,MUWRP10148,Catheter central,Homo sapiens,2023-03-31,"Uganda: Kampala, Kiruddu National Referral Hospital",,,,,,,,,Acinetobacter baumannii
54739235,SAMN54739235,,MUWRP10101,Catheter central,Homo sapiens,2023-04-12,"Uganda: Kampala, Kiruddu National Referral Hospital",,,,,,,,,Acinetobacter baumannii
54739234,SAMN54739234,,MUWRP0983,Pus swab,Homo sapiens,2017-04-18,"Uganda: Lwero, General Military Hospital-Bombo",,,,,,,,,Acinetobacter baumannii
54726535,SAMN54726535,,AUSMDU00034737,human,Homo sapiens,2019-08-18,Australia:Victoria,,,,,,,,,Acinetobacter baumannii
54714068,SAMN54714068,,,Water of Hawksbill rehabilitation,,2024,United Arab Emirates,,,,,,,,,Acinetobacter baumannii
54711670,SAMN54711670,,not applicable,sputum,Homo sapiens,2025-12-10,USA,,,,,GCA_054509525.1,Contig,,ftp://ftp.ncbi.nlm.nih.gov/genomes/all/GCA/054/509/525/GCA_054509525.1_PDT003055270.1,Acinetobacter baumannii
54689903,SAMN54689903,,imipenem Resistance3,Laboratory developed imipenem resistance,Homo sapiens,2024,India,,,,,,,,,Acinetobacter baumannii
54689902,SAMN54689902,,imipenem Resistance2,Laboratory developed imipenem resistance,Homo sapiens,2024,India,,,,,,,,,Acinetobacter baumannii
54689901,SAMN54689901,,imipenem Resistance1,Laboratory developed imipenem resistance,Homo sapiens,2024,India,,,,,,,,,Acinetobacter baumannii
54686315,SAMN54686315,,ATCC-19606,ATCC 19606; derived from clinical blood culture (1966),laboratory host,2025-12-15,"China: Beijing, Beijing",,,,,,,,,Acinetobacter baumannii
54686314,SAMN54686314,,ATCC-19606,ATCC 19606; derived from clinical blood culture (1966),laboratory host,2025-12-15,"China: Beijing, Beijing",,,,,,,,,Acinetobacter baumannii
54686313,SAMN54686313,,ATCC-19606,ATCC 19606; derived from clinical blood culture (1966),laboratory host,2025-12-15,"China: Beijing, Beijing",,,,,,,,,Acinetobacter baumannii
54686312,SAMN54686312,,ATCC-19606,ATCC 19606; derived from clinical blood culture (1966),laboratory host,2025-12-15,"China: Beijing, Beijing",,,,,,,,,Acinetobacter baumannii
54686311,SAMN54686311,,ATCC-19606,ATCC 19606; derived from clinical blood culture (1966),laboratory host,2025-12-15,"China: Beijing, Beijing",,,,,,,,,Acinetobacter baumannii
54686310,SAMN54686310,,ATCC-19606,ATCC 19606; derived from clinical blood culture (1966),laboratory host,2025-12-15,"China: Beijing, Beijing",,,,,,,,,Acinetobacter baumannii
54684090,SAMN54684090,,2026EL-00002,wound,Homo sapiens,2025,USA,,,,,GCA_054504205.1,Contig,,ftp://ftp.ncbi.nlm.nih.gov/genomes/all/GCA/054/504/205/GCA_054504205.1_PDT003054803.1,Acinetobacter baumannii
54684089,SAMN54684089,,2026EL-00001,wound,Homo sapiens,2025,USA,,,,,GCA_054504145.1,Contig,,ftp://ftp.ncbi.nlm.nih.gov/genomes/all/GCA/054/504/145/GCA_054504145.1_PDT003054804.1,Acinetobacter baumannii
54623159,SAMN54623159,,ATCC-19606,ATCC 19606; derived from clinical blood culture (1966),laboratory host,2025-12-15,"China: Beijing, Beijing",,,,,,,,,Acinetobacter baumannii
54623158,SAMN54623158,,ATCC-19606,ATCC 19606; derived from clinical blood culture (1966),laboratory host,2025-12-15,"China: Beijing, Beijing",,,,,,,,,Acinetobacter baumannii
54623157,SAMN54623157,,ATCC-19606,ATCC 19606; derived from clinical blood culture (1966),laboratory host,2025-12-15,"China: Beijing, Beijing",,,,,,,,,Acinetobacter baumannii
54623156,SAMN54623156,,ATCC-19606,ATCC 19606; derived from clinical blood culture (1966),laboratory host,2025-12-15,"China: Beijing, Beijing",,,,,,,,,Acinetobacter baumannii
54623155,SAMN54623155,,ATCC-19606,ATCC 19606; derived from clinical blood culture (1966),laboratory host,2025-12-15,"China: Beijing, Beijing",,,,,,,,,Acinetobacter baumannii
54623154,SAMN54623154,,ATCC-19606,ATCC 19606; derived from clinical blood culture (1966),laboratory host,2025-12-15,"China: Beijing, Beijing",,,,,,,,,Acinetobacter baumannii
54623153,SAMN54623153,,ATCC-19606,ATCC 19606; derived from clinical blood culture (1966),laboratory host,2025-12-15,"China: Beijing, Beijing",,,,,,,,,Acinetobacter baumannii
54623152,SAMN54623152,,ATCC-19606,ATCC 19606; derived from clinical blood culture (1966),laboratory host,2025-12-15,"China: Beijing, Beijing",,,,,,,,,Acinetobacter baumannii
54623151,SAMN54623151,,ATCC-19606,ATCC 19606; derived from clinical blood culture (1966),laboratory host,2025-12-15,"China: Beijing, Beijing",,,,,,,,,Acinetobacter baumannii
54623150,SAMN54623150,,ATCC-19606,ATCC 19606; derived from clinical blood culture (1966),laboratory host,2025-12-15,"China: Beijing, Beijing",,,,,,,,,Acinetobacter baumannii
54623149,SAMN54623149,,ATCC-19606,ATCC 19606; derived from clinical blood culture (1966),laboratory host,2025-12-15,"China: Beijing, Beijing",,,,,,,,,Acinetobacter baumannii
54623148,SAMN54623148,,ATCC-19606,ATCC 19606; derived from clinical blood culture (1966),laboratory host,2025-12-15,"China: Beijing, Beijing",,,,,,,,,Acinetobacter baumannii
54448261,SAMN54448261,,2025GN-00369,Rectal swab,Homo sapiens,2025,USA,,,,,,,,,Acinetobacter baumannii
54448259,SAMN54448259,,2025GN-00366,Axilla/Groin,Homo sapiens,2025,USA,,,,,,,,,Acinetobacter baumannii
54448258,SAMN54448258,,2025GN-00367,Axilla/Groin,Homo sapiens,2025,USA,,,,,,,,,Acinetobacter baumannii
54145116,SAMN54145116,,2025GN-00347,Tissue,Homo sapiens,2025,USA,,,,,,,,,Acinetobacter baumannii
54145111,SAMN54145111,,2025GN-00320,"swab, axilla and groin",Homo sapiens,2025,USA,,,,,,,,,Acinetobacter baumannii
53626891,SAMN53626891,,2025GN-00337,"swab, axilla and groin",Homo sapiens,2025,USA,,,,,,,,,Acinetobacter baumannii
53626890,SAMN53626890,,2025GN-00333,fluid,Homo sapiens,2025,USA,,,,,,,,,Acinetobacter baumannii
53626889,SAMN53626889,,2025GN-00310,"swab, axilla and groin",Homo sapiens,2025,USA,,,,,,,,,Acinetobacter baumannii
53626888,SAMN53626888,,2025GN-00338,"swab, axilla and groin",Homo sapiens,2025,USA,,,,,,,,,Acinetobacter baumannii
53389561,SAMN53389561,,2025GN-00302,"Isolate, Trachael Aspirate",Homo sapiens,2025,USA,,,,,,,,,Acinetobacter baumannii
53329053,SAMN53329053,,2025GN-00311,Rectal swab,Homo sapiens,2025,USA,,,,,,,,,Acinetobacter baumannii
53329052,SAMN53329052,,2025GN-00304,Rectal swab,Homo sapiens,2025,USA,,,,,,,,,Acinetobacter baumannii
53329049,SAMN53329049,,2025GN-00312,Rectal swab,Homo sapiens,2025,USA,,,,,,,,,Acinetobacter baumannii
39462542,SAMN39462542,,,,,missing,missing,,,,,,,,,Acinetobacter baumannii
39462541,SAMN39462541,,,,,missing,missing,,,,,,,,,Acinetobacter baumannii
39462540,SAMN39462540,,,,,missing,missing,,,,,,,,,Acinetobacter baumannii
39462539,SAMN39462539,,,,,missing,missing,,,,,,,,,Acinetobacter baumannii
39462538,SAMN39462538,,,,,missing,missing,,,,,,,,,Acinetobacter baumannii
39462537,SAMN39462537,,,,,missing,missing,,,,,,,,,Acinetobacter baumannii
39462536,SAMN39462536,,,,,missing,missing,,,,,,,,,Acinetobacter baumannii
39462535,SAMN39462535,,,,,missing,missing,,,,,,,,,Acinetobacter baumannii
39462534,SAMN39462534,,,,,missing,missing,,,,,,,,,Acinetobacter baumannii
39462533,SAMN39462533,,,,,missing,missing,,,,,,,,,Acinetobacter baumannii
39462532,SAMN39462532,,,,,missing,missing,,,,,,,,,Acinetobacter baumannii
39462531,SAMN39462531,,,,,missing,missing,,,,,,,,,Acinetobacter baumannii
54617086,SAMN54617086,,LACPHL-BACT-2026-00025,,Homo sapiens,,,,,,,,,,,Acinetobacter baumannii
54617084,SAMN54617084,,LACPHL-BACT-2026-00023,,Homo sapiens,,,,,,,,,,,Acinetobacter baumannii
54617083,SAMN54617083,,LACPHL-BACT-2026-00022,,Homo sapiens,,,,,,,,,,,Acinetobacter baumannii
54617082,SAMN54617082,,LACPHL-BACT-2026-00021,,Homo sapiens,,,,,,,,,,,Acinetobacter baumannii
54617075,SAMN54617075,,LACPHL-BACT-2026-00014,,Homo sapiens,,,,,,,,,,,Acinetobacter baumannii
54617074,SAMN54617074,,LACPHL-BACT-2026-00013,,Homo sapiens,,,,,,,,,,,Acinetobacter baumannii
54617073,SAMN54617073,,LACPHL-BACT-2026-00012,,Homo sapiens,,,,,,,,,,,Acinetobacter baumannii
54617072,SAMN54617072,,LACPHL-BACT-2026-00011,,Homo sapiens,,,,,,,,,,,Acinetobacter baumannii
54616838,SAMN54616838,,,OT,Homo sapiens,2025-12-11,USA,,,,,GCA_054495125.1,Contig,,ftp://ftp.ncbi.nlm.nih.gov/genomes/all/GCA/054/495/125/GCA_054495125.1_PDT003054480.1,Acinetobacter baumannii
54616836,SAMN54616836,,,OT,Homo sapiens,2025-12-18,USA,,,,,GCA_054495085.1,Contig,,ftp://ftp.ncbi.nlm.nih.gov/genomes/all/GCA/054/495/085/GCA_054495085.1_PDT003054482.1,Acinetobacter baumannii
54616835,SAMN54616835,,,OT,Homo sapiens,2025-12-17,USA,,,,,GCA_054495095.1,Contig,,ftp://ftp.ncbi.nlm.nih.gov/genomes/all/GCA/054/495/095/GCA_054495095.1_PDT003054483.1,Acinetobacter baumannii
54616834,SAMN54616834,,,OT,Homo sapiens,2025-12-29,USA,,,,,GCA_054495025.1,Contig,,ftp://ftp.ncbi.nlm.nih.gov/genomes/all/GCA/054/495/025/GCA_054495025.1_PDT003054484.1,Acinetobacter baumannii
54616833,SAMN54616833,,,OT,Homo sapiens,2026-01-02,USA,,,,,GCA_054495035.1,Contig,,ftp://ftp.ncbi.nlm.nih.gov/genomes/all/GCA/054/495/035/GCA_054495035.1_PDT003054485.1,Acinetobacter baumannii
54616823,SAMN54616823,,,sputum,Homo sapiens,2025,USA,,,,,GCA_054495585.1,Contig,,ftp://ftp.ncbi.nlm.nih.gov/genomes/all/GCA/054/495/585/GCA_054495585.1_PDT003054490.1,Acinetobacter baumannii
54616822,SAMN54616822,,,urine,Homo sapiens,2025,USA,,,,,GCA_054495565.1,Contig,,ftp://ftp.ncbi.nlm.nih.gov/genomes/all/GCA/054/495/565/GCA_054495565.1_PDT003054491.1,Acinetobacter baumannii
54616819,SAMN54616819,,,wound,Homo sapiens,2025,USA,,,,,GCA_054495065.1,Contig,,ftp://ftp.ncbi.nlm.nih.gov/genomes/all/GCA/054/495/065/GCA_054495065.1_PDT003054494.1,Acinetobacter baumannii
54616816,SAMN54616816,,,tracheal aspirate,Homo sapiens,2025,USA,,,,,GCA_054494965.1,Contig,,ftp://ftp.ncbi.nlm.nih.gov/genomes/all/GCA/054/494/965/GCA_054494965.1_PDT003054498.1,Acinetobacter baumannii
54616203,SAMN54616203,,,blood,Homo sapiens,2026,USA,,,,,GCA_054495245.1,Contig,,ftp://ftp.ncbi.nlm.nih.gov/genomes/all/GCA/054/495/245/GCA_054495245.1_PDT003054453.1,Acinetobacter baumannii
54616202,SAMN54616202,,,blood,Homo sapiens,2026,USA,,,,,GCA_054495205.1,Contig,,ftp://ftp.ncbi.nlm.nih.gov/genomes/all/GCA/054/495/205/GCA_054495205.1_PDT003054452.1,Acinetobacter baumannii
54616201,SAMN54616201,,,urine,Homo sapiens,2026,USA,,,,,GCA_054495365.1,Contig,,ftp://ftp.ncbi.nlm.nih.gov/genomes/all/GCA/054/495/365/GCA_054495365.1_PDT003054451.1,Acinetobacter baumannii
54616200,SAMN54616200,,,wound,Homo sapiens,2026,USA,,,,,GCA_054495345.1,Contig,,ftp://ftp.ncbi.nlm.nih.gov/genomes/all/GCA/054/495/345/GCA_054495345.1_PDT003054450.1,Acinetobacter baumannii
54616198,SAMN54616198,,,urine,Homo sapiens,2026,USA,,,,,GCA_054495355.1,Contig,,ftp://ftp.ncbi.nlm.nih.gov/genomes/all/GCA/054/495/355/GCA_054495355.1_PDT003054448.1,Acinetobacter baumannii
54616197,SAMN54616197,,,Not Provided,Homo sapiens,2026,USA,,,,,GCA_054495445.1,Contig,,ftp://ftp.ncbi.nlm.nih.gov/genomes/all/GCA/054/495/445/GCA_054495445.1_PDT003054447.1,Acinetobacter baumannii
54616196,SAMN54616196,,,Tissue,Homo sapiens,2026,USA,,,,,GCA_054495465.1,Contig,,ftp://ftp.ncbi.nlm.nih.gov/genomes/all/GCA/054/495/465/GCA_054495465.1_PDT003054446.1,Acinetobacter baumannii
54566986,SAMN54566986,,ZS-AB-346NEPT,sputum,Homo sapiens,2025-12,China: Shanghai,,,,,GCF_054552635.1,Scaffold,ftp://ftp.ncbi.nlm.nih.gov/genomes/all/GCF/054/552/635/GCF_054552635.1_ASM5455263v1,ftp://ftp.ncbi.nlm.nih.gov/genomes/all/GCA/054/552/635/GCA_054552635.1_ASM5455263v1,Acinetobacter baumannii
54566846,SAMN54566846,,ZS-AB-346,sputum,Homo sapiens,2025-12,China: Shanghai,,,,,GCF_054552655.1,Scaffold,ftp://ftp.ncbi.nlm.nih.gov/genomes/all/GCF/054/552/655/GCF_054552655.1_ASM5455265v1,ftp://ftp.ncbi.nlm.nih.gov/genomes/all/GCA/054/552/655/GCA_054552655.1_ASM5455265v1,Acinetobacter baumannii
54595862,SAMN54595862,,2026HL-01019,wound,Homo sapiens,2025,USA,,,,,GCA_054553315.1,Contig,,ftp://ftp.ncbi.nlm.nih.gov/genomes/all/GCA/054/553/315/GCA_054553315.1_PDT003054084.1,Acinetobacter baumannii
54593569,SAMN54593569,,,,Homo sapiens,2025-12-17,USA,,,,,,,,,Acinetobacter baumannii
54593568,SAMN54593568,,,,Homo sapiens,2025-12-23,USA,,,,,,,,,Acinetobacter baumannii
54593564,SAMN54593564,,,,Homo sapiens,2025-12-25,USA,,,,,,,,,Acinetobacter baumannii
54592880,SAMN54592880,,2025EP-00546,sputum,Homo sapiens,2025,USA,,,,,GCA_054487245.1,Contig,,ftp://ftp.ncbi.nlm.nih.gov/genomes/all/GCA/054/487/245/GCA_054487245.1_PDT003053530.1,Acinetobacter baumannii
54592879,SAMN54592879,,2025EP-00545,sputum,Homo sapiens,2025,USA,,,,,GCA_054487265.1,Contig,,ftp://ftp.ncbi.nlm.nih.gov/genomes/all/GCA/054/487/265/GCA_054487265.1_PDT003053523.1,Acinetobacter baumannii
54592877,SAMN54592877,,2025EP-00543,SPUTUM- INDUCED,Homo sapiens,2025,USA,,,,,GCA_054487225.1,Contig,,ftp://ftp.ncbi.nlm.nih.gov/genomes/all/GCA/054/487/225/GCA_054487225.1_PDT003053525.1,Acinetobacter baumannii
54592844,SAMN54592844,,2026HL-01017,wound,Homo sapiens,2025,USA,,,,,GCA_054487305.1,Contig,,ftp://ftp.ncbi.nlm.nih.gov/genomes/all/GCA/054/487/305/GCA_054487305.1_PDT003053511.1,Acinetobacter baumannii
54592843,SAMN54592843,,2026HL-01016,wound,Homo sapiens,2025,USA,,,,,GCA_054487285.1,Contig,,ftp://ftp.ncbi.nlm.nih.gov/genomes/all/GCA/054/487/285/GCA_054487285.1_PDT003053512.1,Acinetobacter baumannii
54592838,SAMN54592838,,2026HL-01011,sputum tracheal aspirate,Homo sapiens,2025,USA,,,,,GCA_054487325.1,Contig,,ftp://ftp.ncbi.nlm.nih.gov/genomes/all/GCA/054/487/325/GCA_054487325.1_PDT003053506.1,Acinetobacter baumannii
54592340,SAMN54592340,,,Hip Swab,Homo sapiens,2025,USA,,,,,GCA_054487355.1,Contig,,ftp://ftp.ncbi.nlm.nih.gov/genomes/all/GCA/054/487/355/GCA_054487355.1_PDT003053490.1,Acinetobacter baumannii
54592068,SAMN54592068,,,Bronchial wash,Homo sapiens,2025,USA,,,,,GCA_054492565.1,Contig,,ftp://ftp.ncbi.nlm.nih.gov/genomes/all/GCA/054/492/565/GCA_054492565.1_PDT003053401.1,Acinetobacter baumannii
54592067,SAMN54592067,,,Bronchioalveolar lavage,Homo sapiens,2025,USA,,,,,GCA_054492505.1,Contig,,ftp://ftp.ncbi.nlm.nih.gov/genomes/all/GCA/054/492/505/GCA_054492505.1_PDT003053402.1,Acinetobacter baumannii
54590659,SAMN54590659,,,SWAB_WOUND,Homo sapiens,2025,USA,,,,,GCA_054492705.1,Contig,,ftp://ftp.ncbi.nlm.nih.gov/genomes/all/GCA/054/492/705/GCA_054492705.1_PDT003053379.1,Acinetobacter baumannii
54590658,SAMN54590658,,,BLOOD_WHOLE,Homo sapiens,2025,USA,,,,,GCA_054492685.1,Contig,,ftp://ftp.ncbi.nlm.nih.gov/genomes/all/GCA/054/492/685/GCA_054492685.1_PDT003053378.1,Acinetobacter baumannii
54590657,SAMN54590657,,,FLUID (BODY)_SPUTUM (INDUCED),Homo sapiens,2025,USA,,,,,GCA_054492725.1,Contig,,ftp://ftp.ncbi.nlm.nih.gov/genomes/all/GCA/054/492/725/GCA_054492725.1_PDT003053377.1,Acinetobacter baumannii
54590656,SAMN54590656,,,URINE_CATHETER (STRAIGHT),Homo sapiens,2025,USA,,,,,GCA_054492745.1,Contig,,ftp://ftp.ncbi.nlm.nih.gov/genomes/all/GCA/054/492/745/GCA_054492745.1_PDT003053376.1,Acinetobacter baumannii
54590655,SAMN54590655,,,URINE_CLEAN CATCH/VOIDED,Homo sapiens,2025,USA,,,,,GCA_054492785.1,Contig,,ftp://ftp.ncbi.nlm.nih.gov/genomes/all/GCA/054/492/785/GCA_054492785.1_PDT003053375.1,Acinetobacter baumannii
54590654,SAMN54590654,,,WOUND_OTHER,Homo sapiens,2025,USA,,,,,GCA_054492765.1,Contig,,ftp://ftp.ncbi.nlm.nih.gov/genomes/all/GCA/054/492/765/GCA_054492765.1_PDT003053374.1,Acinetobacter baumannii
54590653,SAMN54590653,,,SWAB_WOUND,Homo sapiens,2025,USA,,,,,GCA_054492825.1,Contig,,ftp://ftp.ncbi.nlm.nih.gov/genomes/all/GCA/054/492/825/GCA_054492825.1_PDT003053373.1,Acinetobacter baumannii
54590652,SAMN54590652,,,SWAB_WOUND,Homo sapiens,2025,USA,,,,,GCA_054492805.1,Contig,,ftp://ftp.ncbi.nlm.nih.gov/genomes/all/GCA/054/492/805/GCA_054492805.1_PDT003053372.1,Acinetobacter baumannii
54590651,SAMN54590651,,,URINE_CLEAN CATCH/VOIDED,Homo sapiens,2025,USA,,,,,GCA_054492845.1,Contig,,ftp://ftp.ncbi.nlm.nih.gov/genomes/all/GCA/054/492/845/GCA_054492845.1_PDT003053371.1,Acinetobacter baumannii
54590650,SAMN54590650,,,URINE_CLEAN CATCH/VOIDED,Homo sapiens,2025,USA,,,,,GCA_054492885.1,Contig,,ftp://ftp.ncbi.nlm.nih.gov/genomes/all/GCA/054/492/885/GCA_054492885.1_PDT003053370.1,Acinetobacter baumannii
54590649,SAMN54590649,,,URINE_CATHETER (STRAIGHT),Homo sapiens,2025,USA,,,,,GCA_054492865.1,Contig,,ftp://ftp.ncbi.nlm.nih.gov/genomes/all/GCA/054/492/865/GCA_054492865.1_PDT003053369.1,Acinetobacter baumannii
54590648,SAMN54590648,,,ASPIRATE_TRACHEAL,Homo sapiens,2025,USA,,,,,GCA_054492895.1,Contig,,ftp://ftp.ncbi.nlm.nih.gov/genomes/all/GCA/054/492/895/GCA_054492895.1_PDT003053368.1,Acinetobacter baumannii
54590647,SAMN54590647,,,URINE_CLEAN CATCH/VOIDED,Homo sapiens,2025,USA,,,,,GCA_054492925.1,Contig,,ftp://ftp.ncbi.nlm.nih.gov/genomes/all/GCA/054/492/925/GCA_054492925.1_PDT003053367.1,Acinetobacter baumannii
54590646,SAMN54590646,,,SWAB_WOUND,Homo sapiens,2025,USA,,,,,GCA_054492965.1,Contig,,ftp://ftp.ncbi.nlm.nih.gov/genomes/all/GCA/054/492/965/GCA_054492965.1_PDT003053366.1,Acinetobacter baumannii
54590645,SAMN54590645,,,SWAB_OTHER,Homo sapiens,2025,USA,,,,,GCA_054492945.1,Contig,,ftp://ftp.ncbi.nlm.nih.gov/genomes/all/GCA/054/492/945/GCA_054492945.1_PDT003053365.1,Acinetobacter baumannii
54590644,SAMN54590644,,,URINE_CATHETER (STRAIGHT),Homo sapiens,2025,USA,,,,,GCA_054492985.1,Contig,,ftp://ftp.ncbi.nlm.nih.gov/genomes/all/GCA/054/492/985/GCA_054492985.1_PDT003053364.1,Acinetobacter baumannii
54590643,SAMN54590643,,,FLUID (BODY)_SPUTUM (COUGHED),Homo sapiens,2025,USA,,,,,GCA_054493005.1,Contig,,ftp://ftp.ncbi.nlm.nih.gov/genomes/all/GCA/054/493/005/GCA_054493005.1_PDT003053363.1,Acinetobacter baumannii
54590642,SAMN54590642,,,WOUND_SURGICAL,Homo sapiens,2025,USA,,,,,GCA_054493025.1,Contig,,ftp://ftp.ncbi.nlm.nih.gov/genomes/all/GCA/054/493/025/GCA_054493025.1_PDT003053362.1,Acinetobacter baumannii
54590641,SAMN54590641,,,SWAB_WOUND,Homo sapiens,2025,USA,,,,,GCA_054493065.1,Contig,,ftp://ftp.ncbi.nlm.nih.gov/genomes/all/GCA/054/493/065/GCA_054493065.1_PDT003053361.1,Acinetobacter baumannii
54590626,SAMN54590626,,,URINE_CLEAN CATCH/VOIDED,Homo sapiens,2025,USA,,,,,GCA_054487345.1,Contig,,ftp://ftp.ncbi.nlm.nih.gov/genomes/all/GCA/054/487/345/GCA_054487345.1_PDT003053481.1,Acinetobacter baumannii
54590625,SAMN54590625,,,WOUND_OTHER,Homo sapiens,2025,USA,,,,,GCA_054487425.1,Contig,,ftp://ftp.ncbi.nlm.nih.gov/genomes/all/GCA/054/487/425/GCA_054487425.1_PDT003053480.1,Acinetobacter baumannii
54590624,SAMN54590624,,,TISSUE_OTHER,Homo sapiens,2025,USA,,,,,GCA_054487645.1,Contig,,ftp://ftp.ncbi.nlm.nih.gov/genomes/all/GCA/054/487/645/GCA_054487645.1_PDT003053479.1,Acinetobacter baumannii
54590623,SAMN54590623,,,SWAB_WOUND,Homo sapiens,2025,USA,,,,,GCA_054487405.1,Contig,,ftp://ftp.ncbi.nlm.nih.gov/genomes/all/GCA/054/487/405/GCA_054487405.1_PDT003053478.1,Acinetobacter baumannii
54590622,SAMN54590622,,,BLOOD_WHOLE,Homo sapiens,2025,USA,,,,,GCA_054487685.1,Contig,,ftp://ftp.ncbi.nlm.nih.gov/genomes/all/GCA/054/487/685/GCA_054487685.1_PDT003053477.1,Acinetobacter baumannii
54590621,SAMN54590621,,,WOUND_OTHER,Homo sapiens,2025,USA,,,,,GCA_054491695.1,Contig,,ftp://ftp.ncbi.nlm.nih.gov/genomes/all/GCA/054/491/695/GCA_054491695.1_PDT003053400.1,Acinetobacter baumannii
54590620,SAMN54590620,,,ASPIRATE_TRACHEAL,Homo sapiens,2025,USA,,,,,GCA_054487665.1,Contig,,ftp://ftp.ncbi.nlm.nih.gov/genomes/all/GCA/054/487/665/GCA_054487665.1_PDT003053476.1,Acinetobacter baumannii
54590619,SAMN54590619,,,WOUND_OTHER,Homo sapiens,2025,USA,,,,,GCA_054487705.1,Contig,,ftp://ftp.ncbi.nlm.nih.gov/genomes/all/GCA/054/487/705/GCA_054487705.1_PDT003053475.1,Acinetobacter baumannii
54590618,SAMN54590618,,,ASPIRATE_TRACHEAL,Homo sapiens,2025,USA,,,,,GCA_054487725.1,Contig,,ftp://ftp.ncbi.nlm.nih.gov/genomes/all/GCA/054/487/725/GCA_054487725.1_PDT003053474.1,Acinetobacter baumannii
54590617,SAMN54590617,,,WOUND_OTHER,Homo sapiens,2025,USA,,,,,GCA_054487745.1,Contig,,ftp://ftp.ncbi.nlm.nih.gov/genomes/all/GCA/054/487/745/GCA_054487745.1_PDT003053473.1,Acinetobacter baumannii
54590616,SAMN54590616,,,FLUID (BODY)_SPUTUM (COUGHED),Homo sapiens,2025,USA,,,,,GCA_054487765.1,Contig,,ftp://ftp.ncbi.nlm.nih.gov/genomes/all/GCA/054/487/765/GCA_054487765.1_PDT003053472.1,Acinetobacter baumannii
54590615,SAMN54590615,,,URINE_CLEAN CATCH/VOIDED,Homo sapiens,2025,USA,,,,,GCA_054487445.1,Contig,,ftp://ftp.ncbi.nlm.nih.gov/genomes/all/GCA/054/487/445/GCA_054487445.1_PDT003053471.1,Acinetobacter baumannii
54590614,SAMN54590614,,,ASPIRATE_TRACHEAL,Homo sapiens,2025,USA,,,,,GCA_054487785.1,Contig,,ftp://ftp.ncbi.nlm.nih.gov/genomes/all/GCA/054/487/785/GCA_054487785.1_PDT003053470.1,Acinetobacter baumannii
54590613,SAMN54590613,,,SWAB_WOUND,Homo sapiens,2025,USA,,,,,GCA_054487805.1,Contig,,ftp://ftp.ncbi.nlm.nih.gov/genomes/all/GCA/054/487/805/GCA_054487805.1_PDT003053469.1,Acinetobacter baumannii
54589726,SAMN54589726,,,Homo Sapiens clinical,Homo sapiens,2025-12-19,USA: Florida,,,,,GCA_054493695.1,Contig,,ftp://ftp.ncbi.nlm.nih.gov/genomes/all/GCA/054/493/695/GCA_054493695.1_PDT003053335.1,Acinetobacter baumannii
54589716,SAMN54589716,,,Homo Sapiens clinical,Homo sapiens,2025-12-20,USA: Florida,,,,,GCA_054493895.1,Contig,,ftp://ftp.ncbi.nlm.nih.gov/genomes/all/GCA/054/493/895/GCA_054493895.1_PDT003053325.1,Acinetobacter baumannii
54589711,SAMN54589711,,,Homo Sapiens clinical,Homo sapiens,2025-12-09,USA: Florida,,,,,GCA_054493775.1,Contig,,ftp://ftp.ncbi.nlm.nih.gov/genomes/all/GCA/054/493/775/GCA_054493775.1_PDT003053330.1,Acinetobacter baumannii
54587110,SAMN54587110,,2026GN-00008,"swab, rectal",Homo sapiens,2026,USA,,,,,GCA_054486425.1,Contig,,ftp://ftp.ncbi.nlm.nih.gov/genomes/all/GCA/054/486/425/GCA_054486425.1_PDT003053282.1,Acinetobacter baumannii
54587109,SAMN54587109,,2026GN-00005,trachael aspirate,Homo sapiens,2026,USA,,,,,,,,,Acinetobacter baumannii
54587108,SAMN54587108,,2025GN-00373,"swab, axilla and groin",Homo sapiens,2025,USA,,,,,GCA_054486565.1,Contig,,ftp://ftp.ncbi.nlm.nih.gov/genomes/all/GCA/054/486/565/GCA_054486565.1_PDT003053284.1,Acinetobacter baumannii
54587107,SAMN54587107,,2025GN-00375,"swab, axilla and groin",Homo sapiens,2025,USA,,,,,GCA_054486585.1,Contig,,ftp://ftp.ncbi.nlm.nih.gov/genomes/all/GCA/054/486/585/GCA_054486585.1_PDT003053285.1,Acinetobacter baumannii
54586887,SAMN54586887,,not applicable,blood,Homo sapiens,2025-12-29,USA,,,,,GCA_054486305.1,Contig,,ftp://ftp.ncbi.nlm.nih.gov/genomes/all/GCA/054/486/305/GCA_054486305.1_PDT003053250.1,Acinetobacter baumannii
54586886,SAMN54586886,,not applicable,Catheter tip,Homo sapiens,2025-12-27,USA,,,,,GCA_054486365.1,Contig,,ftp://ftp.ncbi.nlm.nih.gov/genomes/all/GCA/054/486/365/GCA_054486365.1_PDT003053251.1,Acinetobacter baumannii
54586885,SAMN54586885,,not applicable,blood,Homo sapiens,2025-12-16,USA,,,,,GCA_054486265.1,Contig,,ftp://ftp.ncbi.nlm.nih.gov/genomes/all/GCA/054/486/265/GCA_054486265.1_PDT003053252.1,Acinetobacter baumannii
54586884,SAMN54586884,,not applicable,wound,Homo sapiens,2025-12-23,USA,,,,,GCA_054486285.1,Contig,,ftp://ftp.ncbi.nlm.nih.gov/genomes/all/GCA/054/486/285/GCA_054486285.1_PDT003053253.1,Acinetobacter baumannii
54586883,SAMN54586883,,not applicable,Sputum-tracheal,Homo sapiens,2025-12-05,USA,,,,,GCA_054486325.1,Contig,,ftp://ftp.ncbi.nlm.nih.gov/genomes/all/GCA/054/486/325/GCA_054486325.1_PDT003053254.1,Acinetobacter baumannii
54586879,SAMN54586879,,not applicable,wound,Homo sapiens,2025-12-17,USA,,,,,GCA_054486345.1,Contig,,ftp://ftp.ncbi.nlm.nih.gov/genomes/all/GCA/054/486/345/GCA_054486345.1_PDT003053258.1,Acinetobacter baumannii
54572620,SAMN54572620,,,wound,Homo sapiens,2023,USA,,,,,GCA_054476915.1,Contig,,ftp://ftp.ncbi.nlm.nih.gov/genomes/all/GCA/054/476/915/GCA_054476915.1_PDT003052850.1,Acinetobacter baumannii
54572383,SAMN54572383,,,Back,Homo sapiens,2023,USA,,,,,GCA_054476935.1,Contig,,ftp://ftp.ncbi.nlm.nih.gov/genomes/all/GCA/054/476/935/GCA_054476935.1_PDT003052831.1,Acinetobacter baumannii
54572382,SAMN54572382,,,sputum,Homo sapiens,2023,USA,,,,,GCA_054476955.1,Contig,,ftp://ftp.ncbi.nlm.nih.gov/genomes/all/GCA/054/476/955/GCA_054476955.1_PDT003052832.1,Acinetobacter baumannii
54572101,SAMN54572101,,,tracheal aspirate,Homo sapiens,2025,USA,,,,,GCA_054476495.1,Contig,,ftp://ftp.ncbi.nlm.nih.gov/genomes/all/GCA/054/476/495/GCA_054476495.1_PDT003052802.1,Acinetobacter baumannii
54572100,SAMN54572100,,,Leg,Homo sapiens,2025,USA,,,,,GCA_054476415.1,Contig,,ftp://ftp.ncbi.nlm.nih.gov/genomes/all/GCA/054/476/415/GCA_054476415.1_PDT003052803.1,Acinetobacter baumannii
54572099,SAMN54572099,,,Perineum,Homo sapiens,2025,USA,,,,,GCA_054476435.1,Contig,,ftp://ftp.ncbi.nlm.nih.gov/genomes/all/GCA/054/476/435/GCA_054476435.1_PDT003052804.1,Acinetobacter baumannii
54572098,SAMN54572098,,,wound,Homo sapiens,2025,USA,,,,,GCA_054476395.1,Contig,,ftp://ftp.ncbi.nlm.nih.gov/genomes/all/GCA/054/476/395/GCA_054476395.1_PDT003052805.1,Acinetobacter baumannii
54572057,SAMN54572057,,,Sacrum,Homo sapiens,2025,USA,,,,,GCA_054475355.1,Contig,,ftp://ftp.ncbi.nlm.nih.gov/genomes/all/GCA/054/475/355/GCA_054475355.1_PDT003052785.1,Acinetobacter baumannii
54572056,SAMN54572056,,,Foot,Homo sapiens,2025,USA,,,,,GCA_054475405.1,Contig,,ftp://ftp.ncbi.nlm.nih.gov/genomes/all/GCA/054/475/405/GCA_054475405.1_PDT003052786.1,Acinetobacter baumannii
54570915,SAMN54570915,,,Leg,Homo sapiens,2025,USA,,,,,GCA_054475535.1,Contig,,ftp://ftp.ncbi.nlm.nih.gov/genomes/all/GCA/054/475/535/GCA_054475535.1_PDT003052757.1,Acinetobacter baumannii
54570327,SAMN54570327,,,trachea,Homo sapiens,2025,USA,,,,,GCA_054473635.1,Contig,,ftp://ftp.ncbi.nlm.nih.gov/genomes/all/GCA/054/473/635/GCA_054473635.1_PDT003052718.1,Acinetobacter baumannii
54570326,SAMN54570326,,,sputum,Homo sapiens,2025,USA,,,,,GCA_054473615.1,Contig,,ftp://ftp.ncbi.nlm.nih.gov/genomes/all/GCA/054/473/615/GCA_054473615.1_PDT003052719.1,Acinetobacter baumannii
54570325,SAMN54570325,,,BAL,Homo sapiens,2025,USA,,,,,GCA_054473595.1,Contig,,ftp://ftp.ncbi.nlm.nih.gov/genomes/all/GCA/054/473/595/GCA_054473595.1_PDT003052720.1,Acinetobacter baumannii
54570324,SAMN54570324,,,sputum,Homo sapiens,2025,USA,,,,,GCA_054473575.1,Contig,,ftp://ftp.ncbi.nlm.nih.gov/genomes/all/GCA/054/473/575/GCA_054473575.1_PDT003052721.1,Acinetobacter baumannii
54570323,SAMN54570323,,,Bronchial lavage,Homo sapiens,2025,USA,,,,,GCA_054473535.1,Contig,,ftp://ftp.ncbi.nlm.nih.gov/genomes/all/GCA/054/473/535/GCA_054473535.1_PDT003052722.1,Acinetobacter baumannii
54570322,SAMN54570322,,,respiratory,Homo sapiens,2025,USA,,,,,GCA_054473555.1,Contig,,ftp://ftp.ncbi.nlm.nih.gov/genomes/all/GCA/054/473/555/GCA_054473555.1_PDT003052723.1,Acinetobacter baumannii
54570321,SAMN54570321,,,sputum,Homo sapiens,2025,USA,,,,,GCA_054473795.1,Contig,,ftp://ftp.ncbi.nlm.nih.gov/genomes/all/GCA/054/473/795/GCA_054473795.1_PDT003052710.1,Acinetobacter baumannii
54570320,SAMN54570320,,,sputum,Homo sapiens,2025,USA,,,,,GCA_054473775.1,Contig,,ftp://ftp.ncbi.nlm.nih.gov/genomes/all/GCA/054/473/775/GCA_054473775.1_PDT003052711.1,Acinetobacter baumannii
54570319,SAMN54570319,,,urine,Homo sapiens,2025,USA,,,,,GCA_054473755.1,Contig,,ftp://ftp.ncbi.nlm.nih.gov/genomes/all/GCA/054/473/755/GCA_054473755.1_PDT003052712.1,Acinetobacter baumannii
54570318,SAMN54570318,,,bone,Homo sapiens,2025,USA,,,,,GCA_054473715.1,Contig,,ftp://ftp.ncbi.nlm.nih.gov/genomes/all/GCA/054/473/715/GCA_054473715.1_PDT003052713.1,Acinetobacter baumannii
54570317,SAMN54570317,,,Peritoneal Fluid,Homo sapiens,2025,USA,,,,,GCA_054473735.1,Contig,,ftp://ftp.ncbi.nlm.nih.gov/genomes/all/GCA/054/473/735/GCA_054473735.1_PDT003052714.1,Acinetobacter baumannii
54570316,SAMN54570316,,,urine,Homo sapiens,2025,USA,,,,,GCA_054473695.1,Contig,,ftp://ftp.ncbi.nlm.nih.gov/genomes/all/GCA/054/473/695/GCA_054473695.1_PDT003052715.1,Acinetobacter baumannii
54570315,SAMN54570315,,,Skin (Buttock),Homo sapiens,2025,USA,,,,,GCA_054473675.1,Contig,,ftp://ftp.ncbi.nlm.nih.gov/genomes/all/GCA/054/473/675/GCA_054473675.1_PDT003052716.1,Acinetobacter baumannii
54570314,SAMN54570314,,,Left arm tissue,Homo sapiens,2025,USA,,,,,GCA_054473655.1,Contig,,ftp://ftp.ncbi.nlm.nih.gov/genomes/all/GCA/054/473/655/GCA_054473655.1_PDT003052717.1,Acinetobacter baumannii
54570313,SAMN54570313,,,Left leg,Homo sapiens,2025,USA,,,,,GCA_054473515.1,Contig,,ftp://ftp.ncbi.nlm.nih.gov/genomes/all/GCA/054/473/515/GCA_054473515.1_PDT003052724.1,Acinetobacter baumannii
54570312,SAMN54570312,,,BAL,Homo sapiens,2025,USA,,,,,GCA_054473495.1,Contig,,ftp://ftp.ncbi.nlm.nih.gov/genomes/all/GCA/054/473/495/GCA_054473495.1_PDT003052725.1,Acinetobacter baumannii
54570072,SAMN54570072,,,urine,Homo sapiens,2025,USA,,,,,GCA_054476375.1,Contig,,ftp://ftp.ncbi.nlm.nih.gov/genomes/all/GCA/054/476/375/GCA_054476375.1_PDT003052815.1,Acinetobacter baumannii
54570071,SAMN54570071,,,urine,Homo sapiens,2025,USA,,,,,GCA_054476335.1,Contig,,ftp://ftp.ncbi.nlm.nih.gov/genomes/all/GCA/054/476/335/GCA_054476335.1_PDT003052816.1,Acinetobacter baumannii
54570069,SAMN54570069,,,urine,Homo sapiens,2025,USA,,,,,GCA_054476355.1,Contig,,ftp://ftp.ncbi.nlm.nih.gov/genomes/all/GCA/054/476/355/GCA_054476355.1_PDT003052818.1,Acinetobacter baumannii
54555140,SAMN54555140,,unknown,unknown,Homo sapiens,2025,USA,,,,,GCA_054471415.1,Contig,,ftp://ftp.ncbi.nlm.nih.gov/genomes/all/GCA/054/471/415/GCA_054471415.1_PDT003050142.1,Acinetobacter baumannii
54555139,SAMN54555139,,unknown,unknown,Homo sapiens,2025,USA,,,,,GCA_054471455.1,Contig,,ftp://ftp.ncbi.nlm.nih.gov/genomes/all/GCA/054/471/455/GCA_054471455.1_PDT003050141.1,Acinetobacter baumannii
54555133,SAMN54555133,,unknown,unknown,Homo sapiens,2025,USA,,,,,GCA_054471535.1,Contig,,ftp://ftp.ncbi.nlm.nih.gov/genomes/all/GCA/054/471/535/GCA_054471535.1_PDT003050136.1,Acinetobacter baumannii
54555129,SAMN54555129,,unknown,unknown,Homo sapiens,2025,USA,,,,,GCA_054471635.1,Contig,,ftp://ftp.ncbi.nlm.nih.gov/genomes/all/GCA/054/471/635/GCA_054471635.1_PDT003050132.1,Acinetobacter baumannii
54553916,SAMN54553916,,not applicable,sputum,Homo sapiens,2025-12-15,USA,,,,,GCA_054445825.1,Contig,,ftp://ftp.ncbi.nlm.nih.gov/genomes/all/GCA/054/445/825/GCA_054445825.1_PDT003050019.1,Acinetobacter baumannii
54553915,SAMN54553915,,not applicable,sputum,Homo sapiens,2025-12-14,USA,,,,,GCA_054445845.1,Contig,,ftp://ftp.ncbi.nlm.nih.gov/genomes/all/GCA/054/445/845/GCA_054445845.1_PDT003050020.1,Acinetobacter baumannii
54552013,SAMN54552013,,,wound,Homo sapiens,2025,USA,,,,,GCA_054441815.1,Contig,,ftp://ftp.ncbi.nlm.nih.gov/genomes/all/GCA/054/441/815/GCA_054441815.1_PDT003049593.1,Acinetobacter baumannii
54552010,SAMN54552010,,,fluid,Homo sapiens,2025,USA,,,,,GCA_054441975.1,Contig,,ftp://ftp.ncbi.nlm.nih.gov/genomes/all/GCA/054/441/975/GCA_054441975.1_PDT003049596.1,Acinetobacter baumannii
54531359,SAMN54531359,,RH173,pendant,,2021-05-19,China: Hangzhou,,,,,,,,,Acinetobacter baumannii
54531357,SAMN54531357,,RH288,infusion rack hook,,2021-06-30,China: Hangzhou,,,,,,,,,Acinetobacter baumannii
54531356,SAMN54531356,,RH287,bedside table,,2021-06-30,China: Hangzhou,,,,,,,,,Acinetobacter baumannii
54531355,SAMN54531355,,RH286,bed regulator,,2021-06-30,China: Hangzhou,,,,,,,,,Acinetobacter baumannii
54531354,SAMN54531354,,RH285,bed rail,,2021-06-30,China: Hangzhou,,,,,,,,,Acinetobacter baumannii
54531353,SAMN54531353,,RH256,treatment cart,,2021-06-16,China: Hangzhou,,,,,,,,,Acinetobacter baumannii
54531352,SAMN54531352,,RH255,bedside table,,2021-06-16,China: Hangzhou,,,,,,,,,Acinetobacter baumannii
54531351,SAMN54531351,,RH254,microinjection pump,,2021-06-16,China: Hangzhou,,,,,,,,,Acinetobacter baumannii
54531350,SAMN54531350,,RH253,ventilator,,2021-06-16,China: Hangzhou,,,,,,,,,Acinetobacter baumannii
54531349,SAMN54531349,,RH252,bed rail,,2021-06-16,China: Hangzhou,,,,,,,,,Acinetobacter baumannii
54531358,SAMN54531358,,M21,sputum,Homo sapiens,2021-06-14,China: Hangzhou,,,,,,,,,Acinetobacter baumannii
54531348,SAMN54531348,,RB65,rectal swab,Homo sapiens,2021-06-30,China: Hangzhou,,,,,,,,,Acinetobacter baumannii
54531347,SAMN54531347,,RB55,rectal swab,Homo sapiens,2021-06-16,China: Hangzhou,,,,,,,,,Acinetobacter baumannii
54529273,SAMN54529273,,2025GO-00638,Unknown,Homo sapiens,2025,USA,,,,,GCA_054415675.1,Contig,,ftp://ftp.ncbi.nlm.nih.gov/genomes/all/GCA/054/415/675/GCA_054415675.1_PDT003048741.1,Acinetobacter baumannii
54529272,SAMN54529272,,2025GO-00637,Unknown,Homo sapiens,2025,USA,,,,,GCA_054415645.1,Contig,,ftp://ftp.ncbi.nlm.nih.gov/genomes/all/GCA/054/415/645/GCA_054415645.1_PDT003048742.1,Acinetobacter baumannii
54529271,SAMN54529271,,2025GO-00636,Unknown,Homo sapiens,2025,USA,,,,,GCA_054415635.1,Contig,,ftp://ftp.ncbi.nlm.nih.gov/genomes/all/GCA/054/415/635/GCA_054415635.1_PDT003048743.1,Acinetobacter baumannii
54529270,SAMN54529270,,2025GO-00635,Unknown,Homo sapiens,2025,USA,,,,,GCA_054415615.1,Contig,,ftp://ftp.ncbi.nlm.nih.gov/genomes/all/GCA/054/415/615/GCA_054415615.1_PDT003048744.1,Acinetobacter baumannii
54529269,SAMN54529269,,2025GO-00634,Unknown,Homo sapiens,2025,USA,,,,,GCA_054415575.1,Contig,,ftp://ftp.ncbi.nlm.nih.gov/genomes/all/GCA/054/415/575/GCA_054415575.1_PDT003048745.1,Acinetobacter baumannii
54529268,SAMN54529268,,2025GO-00633,Unknown,Homo sapiens,2025,USA,,,,,GCA_054415555.1,Contig,,ftp://ftp.ncbi.nlm.nih.gov/genomes/all/GCA/054/415/555/GCA_054415555.1_PDT003048747.1,Acinetobacter baumannii
54529267,SAMN54529267,,2025GO-00632,Unknown,Homo sapiens,2025,USA,,,,,GCA_054415515.1,Contig,,ftp://ftp.ncbi.nlm.nih.gov/genomes/all/GCA/054/415/515/GCA_054415515.1_PDT003048748.1,Acinetobacter baumannii
54529266,SAMN54529266,,2025GO-00631,Unknown,Homo sapiens,2025,USA,,,,,GCA_054415535.1,Contig,,ftp://ftp.ncbi.nlm.nih.gov/genomes/all/GCA/054/415/535/GCA_054415535.1_PDT003048749.1,Acinetobacter baumannii
54529265,SAMN54529265,,2025GO-00630,Unknown,Homo sapiens,2025,USA,,,,,GCA_054415495.1,Contig,,ftp://ftp.ncbi.nlm.nih.gov/genomes/all/GCA/054/415/495/GCA_054415495.1_PDT003048750.1,Acinetobacter baumannii
54529264,SAMN54529264,,2025GO-00629,Unknown,Homo sapiens,2025,USA,,,,,GCA_054415465.1,Contig,,ftp://ftp.ncbi.nlm.nih.gov/genomes/all/GCA/054/415/465/GCA_054415465.1_PDT003048751.1,Acinetobacter baumannii
54529263,SAMN54529263,,2025GO-00628,Unknown,Homo sapiens,2025,USA,,,,,GCA_054415455.1,Contig,,ftp://ftp.ncbi.nlm.nih.gov/genomes/all/GCA/054/415/455/GCA_054415455.1_PDT003048752.1,Acinetobacter baumannii
54529262,SAMN54529262,,2025GO-00627,Unknown,Homo sapiens,2025,USA,,,,,GCA_054415435.1,Contig,,ftp://ftp.ncbi.nlm.nih.gov/genomes/all/GCA/054/415/435/GCA_054415435.1_PDT003048753.1,Acinetobacter baumannii
54529261,SAMN54529261,,2025GO-00626,Unknown,Homo sapiens,2025,USA,,,,,GCA_054415415.1,Contig,,ftp://ftp.ncbi.nlm.nih.gov/genomes/all/GCA/054/415/415/GCA_054415415.1_PDT003048754.1,Acinetobacter baumannii
54529260,SAMN54529260,,2025GO-00625,Unknown,Homo sapiens,2025,USA,,,,,GCA_054415395.1,Contig,,ftp://ftp.ncbi.nlm.nih.gov/genomes/all/GCA/054/415/395/GCA_054415395.1_PDT003048755.1,Acinetobacter baumannii
54529251,SAMN54529251,,2025GO-00616,Unknown,Homo sapiens,2025,USA,,,,,GCA_054415595.1,Contig,,ftp://ftp.ncbi.nlm.nih.gov/genomes/all/GCA/054/415/595/GCA_054415595.1_PDT003048746.1,Acinetobacter baumannii
54527486,SAMN54527486,,,wound,Homo sapiens,2026,USA,,,,,GCA_054411745.1,Contig,,ftp://ftp.ncbi.nlm.nih.gov/genomes/all/GCA/054/411/745/GCA_054411745.1_PDT003048418.1,Acinetobacter baumannii
54527485,SAMN54527485,,,wound,Homo sapiens,2026,USA,,,,,GCA_054411755.1,Contig,,ftp://ftp.ncbi.nlm.nih.gov/genomes/all/GCA/054/411/755/GCA_054411755.1_PDT003048419.1,Acinetobacter baumannii
54527484,SAMN54527484,,,sputum,Homo sapiens,2026,USA,,,,,GCA_054411735.1,Contig,,ftp://ftp.ncbi.nlm.nih.gov/genomes/all/GCA/054/411/735/GCA_054411735.1_PDT003048420.1,Acinetobacter baumannii
54526888,SAMN54526888,,,wound,Homo sapiens,2026,USA,,,,,GCA_054410875.1,Contig,,ftp://ftp.ncbi.nlm.nih.gov/genomes/all/GCA/054/410/875/GCA_054410875.1_PDT003048412.1,Acinetobacter baumannii
54526887,SAMN54526887,,,urine,Homo sapiens,2026,USA,,,,,GCA_054410855.1,Contig,,ftp://ftp.ncbi.nlm.nih.gov/genomes/all/GCA/054/410/855/GCA_054410855.1_PDT003048413.1,Acinetobacter baumannii
54526886,SAMN54526886,,,wound,Homo sapiens,2026,USA,,,,,GCA_054410835.1,Contig,,ftp://ftp.ncbi.nlm.nih.gov/genomes/all/GCA/054/410/835/GCA_054410835.1_PDT003048414.1,Acinetobacter baumannii
54526884,SAMN54526884,,,urine,Homo sapiens,2026,USA,,,,,GCA_054410815.1,Contig,,ftp://ftp.ncbi.nlm.nih.gov/genomes/all/GCA/054/410/815/GCA_054410815.1_PDT003048416.1,Acinetobacter baumannii
54496168,SAMN54496168,,,other,Homo sapiens,2025,USA,,,,,GCA_054396745.1,Contig,,ftp://ftp.ncbi.nlm.nih.gov/genomes/all/GCA/054/396/745/GCA_054396745.1_PDT003047826.1,Acinetobacter baumannii
54496167,SAMN54496167,,,sputum,Homo sapiens,2025,USA,,,,,GCA_054396695.1,Contig,,ftp://ftp.ncbi.nlm.nih.gov/genomes/all/GCA/054/396/695/GCA_054396695.1_PDT003047827.1,Acinetobacter baumannii
54496164,SAMN54496164,,,sputum,Homo sapiens,2025,USA,,,,,GCA_054395385.1,Contig,,ftp://ftp.ncbi.nlm.nih.gov/genomes/all/GCA/054/395/385/GCA_054395385.1_PDT003047830.1,Acinetobacter baumannii
54494234,SAMN54494234,,,OT,Homo sapiens,2025-12-12,USA: Kansas,,,,,GCA_054394285.1,Contig,,ftp://ftp.ncbi.nlm.nih.gov/genomes/all/GCA/054/394/285/GCA_054394285.1_PDT003047732.1,Acinetobacter baumannii
54494233,SAMN54494233,,,OT,Homo sapiens,2025-12-15,USA: Kansas,,,,,GCA_054394195.1,Contig,,ftp://ftp.ncbi.nlm.nih.gov/genomes/all/GCA/054/394/195/GCA_054394195.1_PDT003047733.1,Acinetobacter baumannii
54450589,SAMN54450589,,ATCC 17978,,Homo sapiens,2025,USA: San Diego,,,,,,,,,Acinetobacter baumannii
52655000,SAMN52655000,,ATCC17978 abaI mutant,"LB broth, 37 degrees Celsius, sub-MIC meropenem",Homo sapiens,2022-11-14,missing,,,,,,,,,Acinetobacter baumannii
52654999,SAMN52654999,,ATCC17978 abaI mutant,"LB broth, 37 degrees Celsius",Homo sapiens,2022-11-13,missing,,,,,,,,,Acinetobacter baumannii
52654998,SAMN52654998,,ATCC 17978,"LB broth, 37 degrees Celsius, sub-MIC meropenem",Homo sapiens,2022-11-12,missing,,,,,,,,,Acinetobacter baumannii
52654997,SAMN52654997,,ATCC 17978,"LB broth, 37 degrees Celsius.",Homo sapiens,2022-11-11,missing,,,,,,,,,Acinetobacter baumannii
54467167,SAMN54467167,,,Tissue,Homo sapiens,2025,USA,,,,,GCA_054375375.1,Contig,,ftp://ftp.ncbi.nlm.nih.gov/genomes/all/GCA/054/375/375/GCA_054375375.1_PDT003046584.1,Acinetobacter baumannii
54459763,SAMN54459763,,,FLUID (BODY)_PLEURAL,Homo sapiens,2025,USA,,,,,GCA_054370555.1,Contig,,ftp://ftp.ncbi.nlm.nih.gov/genomes/all/GCA/054/370/555/GCA_054370555.1_PDT003045467.1,Acinetobacter baumannii
54459762,SAMN54459762,,,SWAB_WOUND,Homo sapiens,2025,USA,,,,,GCA_054369655.1,Contig,,ftp://ftp.ncbi.nlm.nih.gov/genomes/all/GCA/054/369/655/GCA_054369655.1_PDT003045466.1,Acinetobacter baumannii
54459761,SAMN54459761,,,FLUID (BODY)_SPUTUM (COUGHED),Homo sapiens,2025,USA,,,,,GCA_054369675.1,Contig,,ftp://ftp.ncbi.nlm.nih.gov/genomes/all/GCA/054/369/675/GCA_054369675.1_PDT003045465.1,Acinetobacter baumannii
54459760,SAMN54459760,,,WOUND_SURGICAL,Homo sapiens,2025,USA,,,,,GCA_054369975.1,Contig,,ftp://ftp.ncbi.nlm.nih.gov/genomes/all/GCA/054/369/975/GCA_054369975.1_PDT003045464.1,Acinetobacter baumannii
54459759,SAMN54459759,,,TISSUE_ABSCESS,Homo sapiens,2025,USA,,,,,GCA_054369695.1,Contig,,ftp://ftp.ncbi.nlm.nih.gov/genomes/all/GCA/054/369/695/GCA_054369695.1_PDT003045463.1,Acinetobacter baumannii
54459758,SAMN54459758,,,WOUND_OTHER,Homo sapiens,2025,USA,,,,,GCA_054369995.1,Contig,,ftp://ftp.ncbi.nlm.nih.gov/genomes/all/GCA/054/369/995/GCA_054369995.1_PDT003045462.1,Acinetobacter baumannii
54459757,SAMN54459757,,,FLUID (BODY)_SPUTUM (COUGHED),Homo sapiens,2025,USA,,,,,GCA_054370015.1,Contig,,ftp://ftp.ncbi.nlm.nih.gov/genomes/all/GCA/054/370/015/GCA_054370015.1_PDT003045461.1,Acinetobacter baumannii
54459756,SAMN54459756,,,SWAB_WOUND,Homo sapiens,2025,USA,,,,,GCA_054370035.1,Contig,,ftp://ftp.ncbi.nlm.nih.gov/genomes/all/GCA/054/370/035/GCA_054370035.1_PDT003045460.1,Acinetobacter baumannii
54459755,SAMN54459755,,,URINE_OTHER,Homo sapiens,2025,USA,,,,,GCA_054370055.1,Contig,,ftp://ftp.ncbi.nlm.nih.gov/genomes/all/GCA/054/370/055/GCA_054370055.1_PDT003045459.1,Acinetobacter baumannii
54459754,SAMN54459754,,,SWAB_WOUND,Homo sapiens,2025,USA,,,,,GCA_054369715.1,Contig,,ftp://ftp.ncbi.nlm.nih.gov/genomes/all/GCA/054/369/715/GCA_054369715.1_PDT003045458.1,Acinetobacter baumannii
54459753,SAMN54459753,,,SWAB_WOUND,Homo sapiens,2025,USA,,,,,GCA_054370075.1,Contig,,ftp://ftp.ncbi.nlm.nih.gov/genomes/all/GCA/054/370/075/GCA_054370075.1_PDT003045457.1,Acinetobacter baumannii
54459752,SAMN54459752,,,URINE_OTHER,Homo sapiens,2025,USA,,,,,GCA_054369735.1,Contig,,ftp://ftp.ncbi.nlm.nih.gov/genomes/all/GCA/054/369/735/GCA_054369735.1_PDT003045456.1,Acinetobacter baumannii
54459751,SAMN54459751,,,SWAB_OTHER,Homo sapiens,2025,USA,,,,,GCA_054370175.1,Contig,,ftp://ftp.ncbi.nlm.nih.gov/genomes/all/GCA/054/370/175/GCA_054370175.1_PDT003045455.1,Acinetobacter baumannii
54459750,SAMN54459750,,,WOUND_OTHER,Homo sapiens,2025,USA,,,,,GCA_054369805.1,Contig,,ftp://ftp.ncbi.nlm.nih.gov/genomes/all/GCA/054/369/805/GCA_054369805.1_PDT003045454.1,Acinetobacter baumannii
54459749,SAMN54459749,,,WOUND_DRAINAGE,Homo sapiens,2025,USA,,,,,GCA_054370575.1,Contig,,ftp://ftp.ncbi.nlm.nih.gov/genomes/all/GCA/054/370/575/GCA_054370575.1_PDT003045453.1,Acinetobacter baumannii
54459748,SAMN54459748,,,FLUID (BODY)_SPUTUM (INDUCED),Homo sapiens,2025,USA,,,,,GCA_054370095.1,Contig,,ftp://ftp.ncbi.nlm.nih.gov/genomes/all/GCA/054/370/095/GCA_054370095.1_PDT003045452.1,Acinetobacter baumannii
54459747,SAMN54459747,,,SWAB_WOUND,Homo sapiens,2025,USA,,,,,GCA_054370215.1,Contig,,ftp://ftp.ncbi.nlm.nih.gov/genomes/all/GCA/054/370/215/GCA_054370215.1_PDT003045451.1,Acinetobacter baumannii
54459746,SAMN54459746,,,ASPIRATE_TRACHEAL,Homo sapiens,2025,USA,,,,,GCA_054369755.1,Contig,,ftp://ftp.ncbi.nlm.nih.gov/genomes/all/GCA/054/369/755/GCA_054369755.1_PDT003045450.1,Acinetobacter baumannii
54459745,SAMN54459745,,,SWAB_WOUND,Homo sapiens,2025,USA,,,,,GCA_054369775.1,Contig,,ftp://ftp.ncbi.nlm.nih.gov/genomes/all/GCA/054/369/775/GCA_054369775.1_PDT003045449.1,Acinetobacter baumannii
54459744,SAMN54459744,,,FLUID (BODY)_SPUTUM (INDUCED),Homo sapiens,2025,USA,,,,,GCA_054369835.1,Contig,,ftp://ftp.ncbi.nlm.nih.gov/genomes/all/GCA/054/369/835/GCA_054369835.1_PDT003045448.1,Acinetobacter baumannii
54459743,SAMN54459743,,,URINE_CLEAN CATCH/VOIDED,Homo sapiens,2025,USA,,,,,GCA_054369795.1,Contig,,ftp://ftp.ncbi.nlm.nih.gov/genomes/all/GCA/054/369/795/GCA_054369795.1_PDT003045447.1,Acinetobacter baumannii
54459742,SAMN54459742,,,BLOOD_OTHER,Homo sapiens,2025,USA,,,,,GCA_054369855.1,Contig,,ftp://ftp.ncbi.nlm.nih.gov/genomes/all/GCA/054/369/855/GCA_054369855.1_PDT003045446.1,Acinetobacter baumannii
54459741,SAMN54459741,,,TISSUE_ABSCESS,Homo sapiens,2025,USA,,,,,GCA_054369865.1,Contig,,ftp://ftp.ncbi.nlm.nih.gov/genomes/all/GCA/054/369/865/GCA_054369865.1_PDT003045445.1,Acinetobacter baumannii
54459740,SAMN54459740,,,SWAB_WOUND,Homo sapiens,2025,USA,,,,,GCA_054369895.1,Contig,,ftp://ftp.ncbi.nlm.nih.gov/genomes/all/GCA/054/369/895/GCA_054369895.1_PDT003045444.1,Acinetobacter baumannii
54459739,SAMN54459739,,,URINE_CATHETER (STRAIGHT),Homo sapiens,2025,USA,,,,,GCA_054369915.1,Contig,,ftp://ftp.ncbi.nlm.nih.gov/genomes/all/GCA/054/369/915/GCA_054369915.1_PDT003045443.1,Acinetobacter baumannii
54459738,SAMN54459738,,,WOUND_OTHER,Homo sapiens,2025,USA,,,,,GCA_054369935.1,Contig,,ftp://ftp.ncbi.nlm.nih.gov/genomes/all/GCA/054/369/935/GCA_054369935.1_PDT003045442.1,Acinetobacter baumannii
54459737,SAMN54459737,,,SWAB_WOUND,Homo sapiens,2025,USA,,,,,GCA_054370195.1,Contig,,ftp://ftp.ncbi.nlm.nih.gov/genomes/all/GCA/054/370/195/GCA_054370195.1_PDT003045441.1,Acinetobacter baumannii
54459736,SAMN54459736,,,ASPIRATE_TRACHEAL,Homo sapiens,2025,USA,,,,,GCA_054369955.1,Contig,,ftp://ftp.ncbi.nlm.nih.gov/genomes/all/GCA/054/369/955/GCA_054369955.1_PDT003045440.1,Acinetobacter baumannii
54456503,SAMN54456503,,,pressure ulcer swab,Homo sapiens,2025-03,Slovenia,,,,,GCA_054368105.1,Contig,,ftp://ftp.ncbi.nlm.nih.gov/genomes/all/GCA/054/368/105/GCA_054368105.1_PDT003045284.1,Acinetobacter baumannii
54456502,SAMN54456502,,,rectum swab,Homo sapiens,2025-03,Slovenia,,,,,GCA_054368125.1,Contig,,ftp://ftp.ncbi.nlm.nih.gov/genomes/all/GCA/054/368/125/GCA_054368125.1_PDT003045285.1,Acinetobacter baumannii
54456497,SAMN54456497,,,throat swab,Homo sapiens,2025-03,Slovenia,,,,,GCA_054368145.1,Contig,,ftp://ftp.ncbi.nlm.nih.gov/genomes/all/GCA/054/368/145/GCA_054368145.1_PDT003045290.1,Acinetobacter baumannii
54456484,SAMN54456484,,,burn swab,Homo sapiens,2025-03,Slovenia,,,,,GCA_054368045.1,Contig,,ftp://ftp.ncbi.nlm.nih.gov/genomes/all/GCA/054/368/045/GCA_054368045.1_PDT003045308.1,Acinetobacter baumannii
54456483,SAMN54456483,,,burn swab,Homo sapiens,2025-03,Slovenia,,,,,GCA_054368065.1,Contig,,ftp://ftp.ncbi.nlm.nih.gov/genomes/all/GCA/054/368/065/GCA_054368065.1_PDT003045309.1,Acinetobacter baumannii
54456480,SAMN54456480,,,tracheal aspirate,Homo sapiens,2025-03,Slovenia,,,,,GCA_054368005.1,Contig,,ftp://ftp.ncbi.nlm.nih.gov/genomes/all/GCA/054/368/005/GCA_054368005.1_PDT003045312.1,Acinetobacter baumannii
54456474,SAMN54456474,,,rectum swab,Homo sapiens,2025-03,Slovenia,,,,,GCA_054367985.1,Contig,,ftp://ftp.ncbi.nlm.nih.gov/genomes/all/GCA/054/367/985/GCA_054367985.1_PDT003045319.1,Acinetobacter baumannii
54456458,SAMN54456458,,,rectum swab,Homo sapiens,2025-02,Slovenia,,,,,GCA_054368085.1,Contig,,ftp://ftp.ncbi.nlm.nih.gov/genomes/all/GCA/054/368/085/GCA_054368085.1_PDT003045307.1,Acinetobacter baumannii
54456457,SAMN54456457,,,rectum swab,Homo sapiens,2025-02,Slovenia,,,,,GCA_054368025.1,Contig,,ftp://ftp.ncbi.nlm.nih.gov/genomes/all/GCA/054/368/025/GCA_054368025.1_PDT003045318.1,Acinetobacter baumannii
54269304,SAMN54269304,,LACPHL-BACT-2025-00554,,Homo sapiens,,,,,,,GCA_054458355.1,Contig,,ftp://ftp.ncbi.nlm.nih.gov/genomes/all/GCA/054/458/355/GCA_054458355.1_ASM5445835v1,Acinetobacter baumannii
54269301,SAMN54269301,,LACPHL-BACT-2025-00551,,Homo sapiens,,,,,,,GCA_054458455.1,Contig,,ftp://ftp.ncbi.nlm.nih.gov/genomes/all/GCA/054/458/455/GCA_054458455.1_ASM5445845v1,Acinetobacter baumannii
54269300,SAMN54269300,,LACPHL-BACT-2025-00550,,Homo sapiens,,,,,,,GCA_054458415.1,Contig,,ftp://ftp.ncbi.nlm.nih.gov/genomes/all/GCA/054/458/415/GCA_054458415.1_ASM5445841v1,Acinetobacter baumannii
54269297,SAMN54269297,,LACPHL-BACT-2025-00547,,Homo sapiens,,,,,,,GCA_054458475.1,Contig,,ftp://ftp.ncbi.nlm.nih.gov/genomes/all/GCA/054/458/475/GCA_054458475.1_ASM5445847v1,Acinetobacter baumannii
50912965,SAMN50912965,,ST52,swab of the purulent open septic ulcer on the right breast,Homo sapiens,2023-02,Kenya:Kisii,,,,,,,,,Acinetobacter baumannii
49025321,SAMN49025321,,A966,Endotracheal aspirate,Homo sapiens,2022-06-14,Chile:Talcahuano,,,,,GCF_054458995.1,Contig,ftp://ftp.ncbi.nlm.nih.gov/genomes/all/GCF/054/458/995/GCF_054458995.1_ASM5445899v1,ftp://ftp.ncbi.nlm.nih.gov/genomes/all/GCA/054/458/995/GCA_054458995.1_ASM5445899v1,Acinetobacter baumannii
49025320,SAMN49025320,,A956,blood,Homo sapiens,2021-05-20,Chile:Talcahuano,,,,,GCF_054458955.1,Contig,ftp://ftp.ncbi.nlm.nih.gov/genomes/all/GCF/054/458/955/GCF_054458955.1_ASM5445895v1,ftp://ftp.ncbi.nlm.nih.gov/genomes/all/GCA/054/458/955/GCA_054458955.1_ASM5445895v1,Acinetobacter baumannii
46851831,SAMN46851831,,,missing,Homo sapiens,missing,Thailand:Khon Kaen,,,,,,,,,Acinetobacter baumannii
46851830,SAMN46851830,,,missing,Homo sapiens,missing,Thailand:Khon Kaen,,,,,,,,,Acinetobacter baumannii
46851829,SAMN46851829,,,missing,Homo sapiens,missing,Thailand:Khon Kaen,,,,,,,,,Acinetobacter baumannii
46851828,SAMN46851828,,,missing,Homo sapiens,missing,Thailand:Khon Kaen,,,,,,,,,Acinetobacter baumannii
46851827,SAMN46851827,,,missing,Homo sapiens,missing,Thailand:Khon Kaen,,,,,,,,,Acinetobacter baumannii
46851822,SAMN46851822,,,missing,Homo sapiens,missing,Thailand:Khon Kaen,,,,,,,,,Acinetobacter baumannii
46851821,SAMN46851821,,,missing,Homo sapiens,missing,Thailand:Khon Kaen,,,,,,,,,Acinetobacter baumannii
46851820,SAMN46851820,,,missing,Homo sapiens,missing,Thailand:Khon Kaen,,,,,,,,,Acinetobacter baumannii
46851819,SAMN46851819,,,missing,Homo sapiens,missing,Thailand:Khon Kaen,,,,,,,,,Acinetobacter baumannii
46851818,SAMN46851818,,,missing,Homo sapiens,missing,Thailand:Khon Kaen,,,,,,,,,Acinetobacter baumannii
46851817,SAMN46851817,,,missing,Homo sapiens,missing,Thailand:Khon Kaen,,,,,,,,,Acinetobacter baumannii
46851815,SAMN46851815,,,missing,Homo sapiens,missing,Thailand:Khon Kaen,,,,,,,,,Acinetobacter baumannii
46851812,SAMN46851812,,,missing,Homo sapiens,missing,Thailand:Khon Kaen,,,,,,,,,Acinetobacter baumannii
46851811,SAMN46851811,,,missing,Homo sapiens,missing,Thailand:Khon Kaen,,,,,,,,,Acinetobacter baumannii
46851810,SAMN46851810,,,missing,Homo sapiens,missing,Thailand:Khon Kaen,,,,,,,,,Acinetobacter baumannii
46851809,SAMN46851809,,,missing,Homo sapiens,missing,Thailand:Khon Kaen,,,,,,,,,Acinetobacter baumannii
46851808,SAMN46851808,,,missing,Homo sapiens,missing,Thailand:Khon Kaen,,,,,,,,,Acinetobacter baumannii
46851807,SAMN46851807,,,missing,Homo sapiens,missing,Thailand:Khon Kaen,,,,,,,,,Acinetobacter baumannii
46851806,SAMN46851806,,,missing,Homo sapiens,missing,Thailand:Khon Kaen,,,,,,,,,Acinetobacter baumannii
46851804,SAMN46851804,,,missing,Homo sapiens,missing,Thailand:Khon Kaen,,,,,,,,,Acinetobacter baumannii
46851803,SAMN46851803,,,missing,Homo sapiens,missing,Thailand:Khon Kaen,,,,,,,,,Acinetobacter baumannii
46851800,SAMN46851800,,,missing,Homo sapiens,missing,Thailand:Khon Kaen,,,,,,,,,Acinetobacter baumannii
46851799,SAMN46851799,,,missing,Homo sapiens,missing,Thailand:Khon Kaen,,,,,,,,,Acinetobacter baumannii
46851798,SAMN46851798,,,missing,Homo sapiens,missing,Thailand:Khon Kaen,,,,,,,,,Acinetobacter baumannii
46851796,SAMN46851796,,,missing,Homo sapiens,missing,Thailand:Khon Kaen,,,,,,,,,Acinetobacter baumannii
46851794,SAMN46851794,,,missing,Homo sapiens,missing,Thailand:Khon Kaen,,,,,,,,,Acinetobacter baumannii
46851793,SAMN46851793,,,missing,Homo sapiens,missing,Thailand:Khon Kaen,,,,,,,,,Acinetobacter baumannii
46851792,SAMN46851792,,,missing,Homo sapiens,missing,Thailand:Khon Kaen,,,,,,,,,Acinetobacter baumannii
54450648,SAMN54450648,,missing,missing,missing,2024,"China:Guangdong,Shenzhen",,,,,,,,,Acinetobacter baumannii
54450647,SAMN54450647,,missing,missing,missing,2024,"China:Guangdong,Shenzhen",,,,,,,,,Acinetobacter baumannii
54450646,SAMN54450646,,missing,missing,missing,2024,"China:Guangdong,Shenzhen",,,,,,,,,Acinetobacter baumannii
54450645,SAMN54450645,,missing,missing,missing,2024,"China:Guangdong,Shenzhen",,,,,,,,,Acinetobacter baumannii
54450644,SAMN54450644,,missing,missing,missing,2024,"China:Guangdong,Shenzhen",,,,,,,,,Acinetobacter baumannii
54450643,SAMN54450643,,missing,missing,missing,2024,"China:Guangdong,Shenzhen",,,,,,,,,Acinetobacter baumannii
54450642,SAMN54450642,,missing,missing,missing,2024,"China:Guangdong,Shenzhen",,,,,,,,,Acinetobacter baumannii
54450641,SAMN54450641,,missing,missing,missing,2024,"China:Guangdong,Shenzhen",,,,,,,,,Acinetobacter baumannii
54450640,SAMN54450640,,missing,missing,missing,2024,"China:Guangdong,Shenzhen",,,,,,,,,Acinetobacter baumannii
54450639,SAMN54450639,,missing,missing,missing,2024,"China:Guangdong,Shenzhen",,,,,,,,,Acinetobacter baumannii
54450638,SAMN54450638,,missing,missing,missing,2024,"China:Guangdong,Shenzhen",,,,,,,,,Acinetobacter baumannii
54450637,SAMN54450637,,missing,missing,missing,2024,"China:Guangdong,Shenzhen",,,,,,,,,Acinetobacter baumannii
54450611,SAMN54450611,,not applicable,,Homo sapiens,2025,USA,,,,,GCA_054352415.1,Contig,,ftp://ftp.ncbi.nlm.nih.gov/genomes/all/GCA/054/352/415/GCA_054352415.1_PDT003045202.1,Acinetobacter baumannii
54449882,SAMN54449882,,,,Homo sapiens,,,,,,,,,,,Acinetobacter baumannii
54449881,SAMN54449881,,,,Homo sapiens,,,,,,,,,,,Acinetobacter baumannii
54449880,SAMN54449880,,,,Homo sapiens,,,,,,,,,,,Acinetobacter baumannii
54449879,SAMN54449879,,,,Homo sapiens,,,,,,,,,,,Acinetobacter baumannii
54449878,SAMN54449878,,,,Homo sapiens,,,,,,,,,,,Acinetobacter baumannii
54449877,SAMN54449877,,,,Homo sapiens,,,,,,,,,,,Acinetobacter baumannii
54449876,SAMN54449876,,,,Homo sapiens,,,,,,,,,,,Acinetobacter baumannii
54449875,SAMN54449875,,,,Homo sapiens,,,,,,,,,,,Acinetobacter baumannii
54449874,SAMN54449874,,,,Homo sapiens,,,,,,,,,,,Acinetobacter baumannii
54449873,SAMN54449873,,,,Homo sapiens,,,,,,,,,,,Acinetobacter baumannii
54448272,SAMN54448272,,not applicable,Sputum - tracheal aspirate,Homo sapiens,2025-12-18,USA,,,,,GCA_054349595.1,Contig,,ftp://ftp.ncbi.nlm.nih.gov/genomes/all/GCA/054/349/595/GCA_054349595.1_PDT003045173.1,Acinetobacter baumannii
54448271,SAMN54448271,,not applicable,urine,Homo sapiens,2025-12-17,USA,,,,,GCA_054349575.1,Contig,,ftp://ftp.ncbi.nlm.nih.gov/genomes/all/GCA/054/349/575/GCA_054349575.1_PDT003045174.1,Acinetobacter baumannii
54444702,SAMN54444702,,,wound,Homo sapiens,2026,USA,,,,,GCA_054374675.1,Contig,,ftp://ftp.ncbi.nlm.nih.gov/genomes/all/GCA/054/374/675/GCA_054374675.1_PDT003046049.1,Acinetobacter baumannii
54444701,SAMN54444701,,,sputum,Homo sapiens,2026,USA,,,,,GCA_054374655.1,Contig,,ftp://ftp.ncbi.nlm.nih.gov/genomes/all/GCA/054/374/655/GCA_054374655.1_PDT003046050.1,Acinetobacter baumannii
54444663,SAMN54444663,,2025EP-00525,sputum,Homo sapiens,2025,USA,,,,,GCA_054374715.1,Contig,,ftp://ftp.ncbi.nlm.nih.gov/genomes/all/GCA/054/374/715/GCA_054374715.1_PDT003046047.1,Acinetobacter baumannii
54444661,SAMN54444661,,2025EP-00498,sputum,Homo sapiens,2025,USA,,,,,GCA_054374695.1,Contig,,ftp://ftp.ncbi.nlm.nih.gov/genomes/all/GCA/054/374/695/GCA_054374695.1_PDT003046048.1,Acinetobacter baumannii
54443517,SAMN54443517,,2026HL-00995,rectal swab,Homo sapiens,2025,USA,,,,,GCA_054372635.1,Contig,,ftp://ftp.ncbi.nlm.nih.gov/genomes/all/GCA/054/372/635/GCA_054372635.1_PDT003045657.1,Acinetobacter baumannii
54443346,SAMN54443346,,,wound,Homo sapiens,2026,USA,,,,,GCA_054345835.1,Contig,,ftp://ftp.ncbi.nlm.nih.gov/genomes/all/GCA/054/345/835/GCA_054345835.1_PDT003044531.1,Acinetobacter baumannii
54443345,SAMN54443345,,,Tissue,Homo sapiens,2026,USA,,,,,GCA_054345815.1,Contig,,ftp://ftp.ncbi.nlm.nih.gov/genomes/all/GCA/054/345/815/GCA_054345815.1_PDT003044532.1,Acinetobacter baumannii
54443344,SAMN54443344,,,Tissue,Homo sapiens,2026,USA,,,,,GCA_054345755.1,Contig,,ftp://ftp.ncbi.nlm.nih.gov/genomes/all/GCA/054/345/755/GCA_054345755.1_PDT003044533.1,Acinetobacter baumannii
54443343,SAMN54443343,,,urine,Homo sapiens,2026,USA,,,,,GCA_054345795.1,Contig,,ftp://ftp.ncbi.nlm.nih.gov/genomes/all/GCA/054/345/795/GCA_054345795.1_PDT003044534.1,Acinetobacter baumannii
54443342,SAMN54443342,,,Tissue,Homo sapiens,2026,USA,,,,,GCA_054409095.1,Contig,,ftp://ftp.ncbi.nlm.nih.gov/genomes/all/GCA/054/409/095/GCA_054409095.1_PDT003044523.1,Acinetobacter baumannii
54443341,SAMN54443341,,,wound,Homo sapiens,2026,USA,,,,,GCA_054345935.1,Contig,,ftp://ftp.ncbi.nlm.nih.gov/genomes/all/GCA/054/345/935/GCA_054345935.1_PDT003044524.1,Acinetobacter baumannii
54443340,SAMN54443340,,,Tissue,Homo sapiens,2026,USA,,,,,GCA_054409055.1,Contig,,ftp://ftp.ncbi.nlm.nih.gov/genomes/all/GCA/054/409/055/GCA_054409055.1_PDT003044525.1,Acinetobacter baumannii
54443339,SAMN54443339,,,Not Provided,Homo sapiens,2026,USA,,,,,GCA_054345895.1,Contig,,ftp://ftp.ncbi.nlm.nih.gov/genomes/all/GCA/054/345/895/GCA_054345895.1_PDT003044526.1,Acinetobacter baumannii
54443338,SAMN54443338,,,wound,Homo sapiens,2026,USA,,,,,GCA_054345915.1,Contig,,ftp://ftp.ncbi.nlm.nih.gov/genomes/all/GCA/054/345/915/GCA_054345915.1_PDT003044527.1,Acinetobacter baumannii
54443336,SAMN54443336,,,sputum,Homo sapiens,2026,USA,,,,,GCA_054345875.1,Contig,,ftp://ftp.ncbi.nlm.nih.gov/genomes/all/GCA/054/345/875/GCA_054345875.1_PDT003044529.1,Acinetobacter baumannii
54443335,SAMN54443335,,,tracheal aspirate,Homo sapiens,2026,USA,,,,,GCA_054345855.1,Contig,,ftp://ftp.ncbi.nlm.nih.gov/genomes/all/GCA/054/345/855/GCA_054345855.1_PDT003044530.1,Acinetobacter baumannii
54443334,SAMN54443334,,,wound,Homo sapiens,2026,USA,,,,,GCA_054345775.1,Contig,,ftp://ftp.ncbi.nlm.nih.gov/genomes/all/GCA/054/345/775/GCA_054345775.1_PDT003044535.1,Acinetobacter baumannii
54348251,SAMN54348251,,LACPHL-BACT-2025-00557,,Homo sapiens,,,,,,,GCA_054457095.1,Contig,,ftp://ftp.ncbi.nlm.nih.gov/genomes/all/GCA/054/457/095/GCA_054457095.1_ASM5445709v1,Acinetobacter baumannii
54348249,SAMN54348249,,LACPHL-BACT-2025-00555,,Homo sapiens,,,,,,,GCA_054457135.1,Contig,,ftp://ftp.ncbi.nlm.nih.gov/genomes/all/GCA/054/457/135/GCA_054457135.1_ASM5445713v1,Acinetobacter baumannii
54165672,SAMN54165672,,CRAB24088,patient,,2024,China: shanghai,,,,,,,,,Acinetobacter baumannii
54165671,SAMN54165671,,CRAB24087,patient,,2024,China: shanghai,,,,,,,,,Acinetobacter baumannii
54165670,SAMN54165670,,CRAB24086,patient,,2024,China: shanghai,,,,,,,,,Acinetobacter baumannii
54165669,SAMN54165669,,CRAB24085,patient,,2024,China: shanghai,,,,,,,,,Acinetobacter baumannii
54165668,SAMN54165668,,CRAB24083,patient,,2024,China: shanghai,,,,,,,,,Acinetobacter baumannii
54165667,SAMN54165667,,CRAB24082,patient,,2024,China: shanghai,,,,,,,,,Acinetobacter baumannii
54165666,SAMN54165666,,CRAB24081,patient,,2024,China: shanghai,,,,,,,,,Acinetobacter baumannii
54165665,SAMN54165665,,CRAB24078,patient,,2024,China: shanghai,,,,,,,,,Acinetobacter baumannii
54165664,SAMN54165664,,CRAB24077,patient,,2024,China: shanghai,,,,,,,,,Acinetobacter baumannii
54165663,SAMN54165663,,CRAB24076,patient,,2024,China: shanghai,,,,,,,,,Acinetobacter baumannii
54165662,SAMN54165662,,CRAB24075,patient,,2024,China: shanghai,,,,,,,,,Acinetobacter baumannii
54165661,SAMN54165661,,CRAB24074,patient,,2024,China: shanghai,,,,,,,,,Acinetobacter baumannii
54165660,SAMN54165660,,CRAB24073,patient,,2024,China: shanghai,,,,,,,,,Acinetobacter baumannii
54165659,SAMN54165659,,CRAB24072,patient,,2024,China: shanghai,,,,,,,,,Acinetobacter baumannii
54165658,SAMN54165658,,CRAB24071,patient,,2024,China: shanghai,,,,,,,,,Acinetobacter baumannii
54165657,SAMN54165657,,CRAB24070,patient,,2024,China: shanghai,,,,,,,,,Acinetobacter baumannii
54165656,SAMN54165656,,CRAB24069,patient,,2024,China: shanghai,,,,,,,,,Acinetobacter baumannii
54165655,SAMN54165655,,CRAB24068,patient,,2024,China: shanghai,,,,,,,,,Acinetobacter baumannii
54165654,SAMN54165654,,CRAB24067,patient,,2024,China: shanghai,,,,,,,,,Acinetobacter baumannii
54165653,SAMN54165653,,CRAB24066,patient,,2024,China: shanghai,,,,,,,,,Acinetobacter baumannii
54165652,SAMN54165652,,CRAB24065,patient,,2024,China: shanghai,,,,,,,,,Acinetobacter baumannii
54165651,SAMN54165651,,CRAB24064,patient,,2024,China: shanghai,,,,,,,,,Acinetobacter baumannii
54165650,SAMN54165650,,CRAB24063,patient,,2024,China: shanghai,,,,,,,,,Acinetobacter baumannii
54165649,SAMN54165649,,CRAB24062,patient,,2024,China: shanghai,,,,,,,,,Acinetobacter baumannii
54165648,SAMN54165648,,CRAB24061,patient,,2024,China: shanghai,,,,,,,,,Acinetobacter baumannii
54165647,SAMN54165647,,CRAB24060,patient,,2024,China: shanghai,,,,,,,,,Acinetobacter baumannii
54165646,SAMN54165646,,CRAB24059,patient,,2024,China: shanghai,,,,,,,,,Acinetobacter baumannii
54165645,SAMN54165645,,CRAB24058,patient,,2024,China: shanghai,,,,,GCA_054373055.1,Contig,,ftp://ftp.ncbi.nlm.nih.gov/genomes/all/GCA/054/373/055/GCA_054373055.1_PDT003045622.1,Acinetobacter baumannii
54165644,SAMN54165644,,CRAB24057,patient,,2024,China: shanghai,,,,,,,,,Acinetobacter baumannii
54165643,SAMN54165643,,CRAB24056,patient,,2024,China: shanghai,,,,,,,,,Acinetobacter baumannii
54165642,SAMN54165642,,CRAB24053,patient,,2024,China: shanghai,,,,,,,,,Acinetobacter baumannii
54165641,SAMN54165641,,CRAB24052,patient,,2024,China: shanghai,,,,,,,,,Acinetobacter baumannii
54165640,SAMN54165640,,CRAB24051,patient,,2024,China: shanghai,,,,,,,,,Acinetobacter baumannii
54165639,SAMN54165639,,CRAB24050,patient,,2024,China: shanghai,,,,,,,,,Acinetobacter baumannii
54165638,SAMN54165638,,CRAB24049,patient,,2024,China: shanghai,,,,,,,,,Acinetobacter baumannii
54165637,SAMN54165637,,CRAB24048,patient,,2024,China: shanghai,,,,,,,,,Acinetobacter baumannii
54165636,SAMN54165636,,CRAB24047,patient,,2024,China: shanghai,,,,,,,,,Acinetobacter baumannii
54165635,SAMN54165635,,CRAB24046,patient,,2024,China: shanghai,,,,,,,,,Acinetobacter baumannii
54165634,SAMN54165634,,CRAB24045,patient,,2024,China: shanghai,,,,,,,,,Acinetobacter baumannii
54165633,SAMN54165633,,CRAB24044,patient,,2024,China: shanghai,,,,,,,,,Acinetobacter baumannii
54165632,SAMN54165632,,CRAB24043,patient,,2024,China: shanghai,,,,,,,,,Acinetobacter baumannii
54792268,SAMEA120937308,,,human vagina,,,,,,,,,,,,Enterococcus faecalis
54792156,SAMEA120937443,,,human vagina,,,,,,,,,,,,Enterococcus faecalis
54791858,SAMEA120937581,,,human vagina,,,,,,,,,,,,Enterococcus faecalis
54787660,SAMEA120937430,,,human vagina,,,,,,,,,,,,Enterococcus faecalis
54783173,SAMEA120937442,,,human vagina,,,,,,,,,,,,Enterococcus faecalis
54779518,SAMEA120937322,,,human vagina,,,,,,,,,,,,Enterococcus faecalis
54779346,SAMEA120937469,,,human vagina,,,,,,,,,,,,Enterococcus faecalis
54777311,SAMEA120937420,,,human vagina,,,,,,,,,,,,Enterococcus faecalis
54803489,SAMN54803489,,FSIS12642607,Animal-Turkey-Young Turkey (cecal),,2026,USA:OH,,,,,GCA_054656275.1,Contig,,ftp://ftp.ncbi.nlm.nih.gov/genomes/all/GCA/054/656/275/GCA_054656275.1_PDT003064293.1,Enterococcus faecalis
54803418,SAMN54803418,,FSIS12642606,Animal-Cattle-Beef Cow (cecal),,2026,USA:MI,,,,,GCA_054656355.1,Contig,,ftp://ftp.ncbi.nlm.nih.gov/genomes/all/GCA/054/656/355/GCA_054656355.1_PDT003064285.1,Enterococcus faecalis
54803414,SAMN54803414,,FSIS12642602,Animal-Chicken-Young Chicken (cecal),,2026,USA:GA,,,,,GCA_054656455.1,Contig,,ftp://ftp.ncbi.nlm.nih.gov/genomes/all/GCA/054/656/455/GCA_054656455.1_PDT003064280.1,Enterococcus faecalis
54803397,SAMN54803397,,FSIS12642603,Animal-Chicken-Young Chicken (cecal),,2025,USA:VA,,,,,GCA_054656575.1,Contig,,ftp://ftp.ncbi.nlm.nih.gov/genomes/all/GCA/054/656/575/GCA_054656575.1_PDT003064275.1,Enterococcus faecalis
54803313,SAMN54803313,,FSIS12642500,Animal-Chicken-Young Chicken (cecal),,2025,USA:AR,,,,,GCA_054656755.1,Contig,,ftp://ftp.ncbi.nlm.nih.gov/genomes/all/GCA/054/656/755/GCA_054656755.1_PDT003064265.1,Enterococcus faecalis
54803312,SAMN54803312,,FSIS12642501,Animal-Turkey-Young Turkey (cecal),,2025,USA:NY,,,,,GCA_054656685.1,Contig,,ftp://ftp.ncbi.nlm.nih.gov/genomes/all/GCA/054/656/685/GCA_054656685.1_PDT003064266.1,Enterococcus faecalis
54803309,SAMN54803309,,FSIS12642609,Animal-Turkey-Young Turkey (cecal),,2026,USA:PA,,,,,GCA_054652275.1,Contig,,ftp://ftp.ncbi.nlm.nih.gov/genomes/all/GCA/054/652/275/GCA_054652275.1_PDT003064187.1,Enterococcus faecalis
54803308,SAMN54803308,,FSIS12642499,Animal-Turkey-Young Turkey (cecal),,2025,USA:IN,,,,,GCA_054652335.1,Contig,,ftp://ftp.ncbi.nlm.nih.gov/genomes/all/GCA/054/652/335/GCA_054652335.1_PDT003064185.1,Enterococcus faecalis
54803290,SAMN54803290,,FSIS12642498,Animal-Swine-Market Swine (cecal),,2025,USA:IL,,,,,GCA_054652355.1,Contig,,ftp://ftp.ncbi.nlm.nih.gov/genomes/all/GCA/054/652/355/GCA_054652355.1_PDT003064181.1,Enterococcus faecalis
54803289,SAMN54803289,,FSIS12642497,Animal-Swine-Market Swine (cecal),,2025,USA:CA,,,,,GCA_054652315.1,Contig,,ftp://ftp.ncbi.nlm.nih.gov/genomes/all/GCA/054/652/315/GCA_054652315.1_PDT003064184.1,Enterococcus faecalis
54803062,SAMN54803062,,FSIS12642494,Animal-Chicken-Young Chicken (cecal),,2025,USA:NC,,,,,GCA_054652395.1,Contig,,ftp://ftp.ncbi.nlm.nih.gov/genomes/all/GCA/054/652/395/GCA_054652395.1_PDT003064175.1,Enterococcus faecalis
54803061,SAMN54803061,,FSIS12642493,Animal-Turkey-Young Turkey (cecal),,2025,USA:MN,,,,,GCA_054652415.1,Contig,,ftp://ftp.ncbi.nlm.nih.gov/genomes/all/GCA/054/652/415/GCA_054652415.1_PDT003064174.1,Enterococcus faecalis
54802957,SAMN54802957,,FSIS12642490,Animal-Chicken-Young Chicken (cecal),,2025,USA:CA,,,,,GCA_054652515.1,Contig,,ftp://ftp.ncbi.nlm.nih.gov/genomes/all/GCA/054/652/515/GCA_054652515.1_PDT003064170.1,Enterococcus faecalis
54798595,SAMN54798595,,A124_8,outpatient,,2025-03-17,China: Zhejiang,,,,,,,,,Enterococcus faecalis
54798593,SAMN54798593,,A111_4,emergency,,2025-03-17,China: Zhejiang,,,,,,,,,Enterococcus faecalis
54798581,SAMN54798581,,A88_3,emergency,,2024-12-27,China: Zhejiang,,,,,,,,,Enterococcus faecalis
54798562,SAMN54798562,,A57_3,emergency,,2024-12-27,China: Zhejiang,,,,,,,,,Enterococcus faecalis
54798556,SAMN54798556,,QC_21_4,outpatient,,2024-10-24,China: Zhejiang,,,,,,,,,Enterococcus faecalis
54798555,SAMN54798555,,HO44,emergency,,2025-06-10,China: Zhejiang,,,,,,,,,Enterococcus faecalis
54798554,SAMN54798554,,HO43,outpatient,,2025-06-10,China: Zhejiang,,,,,,,,,Enterococcus faecalis
54798553,SAMN54798553,,HO42,emergency,,2025-06-10,China: Zhejiang,,,,,,,,,Enterococcus faecalis
54798552,SAMN54798552,,HO41,emergency,,2025-06-10,China: Zhejiang,,,,,,,,,Enterococcus faecalis
54798551,SAMN54798551,,HO40,emergency,,2025-06-10,China: Zhejiang,,,,,,,,,Enterococcus faecalis
54798550,SAMN54798550,,HO39,emergency,,2025-06-10,China: Zhejiang,,,,,,,,,Enterococcus faecalis
54798549,SAMN54798549,,HO38,emergency,,2025-06-10,China: Zhejiang,,,,,,,,,Enterococcus faecalis
54798548,SAMN54798548,,HO37,emergency,,2025-06-10,China: Zhejiang,,,,,,,,,Enterococcus faecalis
54798547,SAMN54798547,,HO36,emergency,,2025-06-10,China: Zhejiang,,,,,,,,,Enterococcus faecalis
54798546,SAMN54798546,,HO35,emergency,,2025-06-10,China: Zhejiang,,,,,,,,,Enterococcus faecalis
54798545,SAMN54798545,,HO34,emergency,,2025-06-10,China: Zhejiang,,,,,,,,,Enterococcus faecalis
54798544,SAMN54798544,,HO33,emergency,,2025-06-10,China: Zhejiang,,,,,,,,,Enterococcus faecalis
54773707,SAMN54773707,,JH2-2-LTVRE-2,,Homo sapiens,2025,China,,,,,,,,,Enterococcus faecalis
54773706,SAMN54773706,,JH2-2-LTVRE-1,,Homo sapiens,2025,China,,,,,,,,,Enterococcus faecalis
46890404,SAMN46890404,,,stool,,not applicable,missing,,,,,,,,,Enterococcus faecalis
46889797,SAMN46889797,,,stool,,not applicable,missing,,,,,,,,,Enterococcus faecalis
46889795,SAMN46889795,,,stool,,not applicable,missing,,,,,,,,,Enterococcus faecalis
46889789,SAMN46889789,,,stool,,not applicable,missing,,,,,,,,,Enterococcus faecalis
46889549,SAMN46889549,,,stool,,not applicable,missing,,,,,,,,,Enterococcus faecalis
54762902,SAMN54762902,,1594,faces,animal,2024-07,China,,,,,,,,,Enterococcus faecalis
54747717,SAMEA116304673,,,,,,,,,,,,,,,Enterococcus faecalis
54746399,SAMEA116304565,,,,,,,,,,,,,,,Enterococcus faecalis
54744838,SAMEA116304074,,,,,,,,,,,,,,,Enterococcus faecalis
53301940,SAMN53301940,,E187,sputum,Homo sapiens,2021-07-17,Turkey,,,,,GCF_054391415.1,Scaffold,ftp://ftp.ncbi.nlm.nih.gov/genomes/all/GCF/054/391/415/GCF_054391415.1_ASM5439141v1,ftp://ftp.ncbi.nlm.nih.gov/genomes/all/GCA/054/391/415/GCA_054391415.1_ASM5439141v1,Enterococcus faecalis
53301939,SAMN53301939,,E184,sputum,Homo sapiens,2021-04-20,Turkey,,,,,GCF_054391455.1,Scaffold,ftp://ftp.ncbi.nlm.nih.gov/genomes/all/GCF/054/391/455/GCF_054391455.1_ASM5439145v1,ftp://ftp.ncbi.nlm.nih.gov/genomes/all/GCA/054/391/455/GCA_054391455.1_ASM5439145v1,Enterococcus faecalis
53301938,SAMN53301938,,E5,Apirate,Homo sapiens,2021-03-15,Turkey,,,,,GCF_054391435.1,Scaffold,ftp://ftp.ncbi.nlm.nih.gov/genomes/all/GCF/054/391/435/GCF_054391435.1_ASM5439143v1,ftp://ftp.ncbi.nlm.nih.gov/genomes/all/GCA/054/391/435/GCA_054391435.1_ASM5439143v1,Enterococcus faecalis
54693077,SAMEA120862814,,,,,,,,,,,,,,,Enterococcus faecalis
54706047,SAMN54706047,,EF126,,Homo sapiens,2023-09-28,"USA: Chicago, IL",,,,,,,,,Enterococcus faecalis
54706046,SAMN54706046,,EF143,,Homo sapiens,2023-09-26,"USA: Chicago, IL",,,,,,,,,Enterococcus faecalis
54706045,SAMN54706045,,EF173,,Homo sapiens,2023-09-25,"USA: Chicago, IL",,,,,,,,,Enterococcus faecalis
54706044,SAMN54706044,,EF181,,Homo sapiens,2023-09-24,"USA: Chicago, IL",,,,,,,,,Enterococcus faecalis
54706043,SAMN54706043,,EF186,,Homo sapiens,2023-09-23,"USA: Chicago, IL",,,,,,,,,Enterococcus faecalis
54706042,SAMN54706042,,EF141,,Homo sapiens,2023-09-22,"USA: Chicago, IL",,,,,,,,,Enterococcus faecalis
54706041,SAMN54706041,,EF107,,Homo sapiens,2023-09-21,"USA: Chicago, IL",,,,,,,,,Enterococcus faecalis
54706040,SAMN54706040,,EF178,,Homo sapiens,2023-09-20,"USA: Chicago, IL",,,,,,,,,Enterococcus faecalis
54706039,SAMN54706039,,EF114,,Homo sapiens,2023-09-19,"USA: Chicago, IL",,,,,,,,,Enterococcus faecalis
54706038,SAMN54706038,,EF160,,Homo sapiens,2023-09-18,"USA: Chicago, IL",,,,,,,,,Enterococcus faecalis
54706037,SAMN54706037,,EF139,,Homo sapiens,2023-09-17,"USA: Chicago, IL",,,,,,,,,Enterococcus faecalis
54706036,SAMN54706036,,EF106,,Homo sapiens,2023-09-16,"USA: Chicago, IL",,,,,,,,,Enterococcus faecalis
54706035,SAMN54706035,,EF193,,Homo sapiens,2023-09-15,"USA: Chicago, IL",,,,,,,,,Enterococcus faecalis
54706034,SAMN54706034,,EF187,,Homo sapiens,2023-09-13,"USA: Chicago, IL",,,,,,,,,Enterococcus faecalis
54706033,SAMN54706033,,EF150,,Homo sapiens,2023-09-12,"USA: Chicago, IL",,,,,,,,,Enterococcus faecalis
54706032,SAMN54706032,,EF170,,Homo sapiens,2023-09-11,"USA: Chicago, IL",,,,,,,,,Enterococcus faecalis
54589682,SAMN54589682,,,,Homo sapiens,,,,,,,GCA_054612435.1,Scaffold,,ftp://ftp.ncbi.nlm.nih.gov/genomes/all/GCA/054/612/435/GCA_054612435.1_ASM5461243v1,Enterococcus faecalis
54587424,SAMN54587424,,,,Homo sapiens,,,,,,,GCA_054612415.1,Scaffold,,ftp://ftp.ncbi.nlm.nih.gov/genomes/all/GCA/054/612/415/GCA_054612415.1_ASM5461241v1,Enterococcus faecalis
54577667,SAMN54577667,,,urinary tract,Homo sapiens,,,,,,,GCA_054612355.1,Scaffold,,ftp://ftp.ncbi.nlm.nih.gov/genomes/all/GCA/054/612/355/GCA_054612355.1_ASM5461235v1,Enterococcus faecalis
54572053,SAMN54572053,,C6-7,breast milk,Homo sapiens,2019-05-28,Mexico,,,,,GCA_054612255.1,Scaffold,,ftp://ftp.ncbi.nlm.nih.gov/genomes/all/GCA/054/612/255/GCA_054612255.1_ASM5461225v1,Enterococcus faecalis
54557916,SAMN54557916,,UMB1509,,Homo sapiens,,,,,,,GCA_054611715.1,Scaffold,,ftp://ftp.ncbi.nlm.nih.gov/genomes/all/GCA/054/611/715/GCA_054611715.1_ASM5461171v1,Enterococcus faecalis
54685871,SAMN54685871,,not applicable,Oral swab,Homo sapiens,2022-06-29,Australia: Adelaide,,,,,,,,,Enterococcus faecalis
54685824,SAMN54685824,,not applicable,Tumour,Homo sapiens,2022-01-12,Australia: Adelaide,,,,,,,,,Enterococcus faecalis
54559362,SAMN54559362,,C5-7,intestinal tract,Mus musculus,2019-05-28,Mexico,,,,,GCA_054611895.1,Scaffold,,ftp://ftp.ncbi.nlm.nih.gov/genomes/all/GCA/054/611/895/GCA_054611895.1_ASM5461189v1,Enterococcus faecalis
54558830,SAMN54558830,,C4-7,breast milk,Homo sapiens,2019-05-28,Mexico,,,,,GCA_054611855.1,Scaffold,,ftp://ftp.ncbi.nlm.nih.gov/genomes/all/GCA/054/611/855/GCA_054611855.1_ASM5461185v1,Enterococcus faecalis
52928673,SAMN52928673,,OG1RF,Not applicable,Homo sapiens,2024-03-13,Switzerland: Lausanne,,,,,,,,,Enterococcus faecalis
52928672,SAMN52928672,,OG1RF,Not applicable,Not applicable,2024-03-13,Switzerland: Lausanne,,,,,,,,,Enterococcus faecalis
52928671,SAMN52928671,,OG1RF,Not applicable,Not applicable,2024-03-13,Switzerland: Lausanne,,,,,,,,,Enterococcus faecalis
52928670,SAMN52928670,,OG1RF,Not applicable,Not applicable,2024-03-13,Switzerland: Lausanne,,,,,,,,,Enterococcus faecalis
52928669,SAMN52928669,,OG1RF,Not applicable,Not applicable,2024-03-13,Switzerland: Lausanne,,,,,,,,,Enterococcus faecalis
46385916,SAMN46385916,,,milk,,2024-05-17,Ghana: ACCRA,,,,,,,,,Enterococcus faecalis
46385915,SAMN46385915,,,chicken,,2023-12-15,Ghana: ACCRA,,,,,,,,,Enterococcus faecalis
46385914,SAMN46385914,,,milk,,2024-05-17,Ghana: ACCRA,,,,,,,,,Enterococcus faecalis
46385913,SAMN46385913,,,milk,,2024-05-17,Ghana: ACCRA,,,,,,,,,Enterococcus faecalis
46385912,SAMN46385912,,,beef,,2024-03-18,Ghana: ACCRA,,,,,,,,,Enterococcus faecalis
46385911,SAMN46385911,,,beef,,2024-01-16,Ghana: ACCRA,,,,,,,,,Enterococcus faecalis
46385910,SAMN46385910,,,Khebab,,2024-01-16,Ghana: ACCRA,,,,,,,,,Enterococcus faecalis
46385909,SAMN46385909,,,beef,,2024-01-16,Ghana: ACCRA,,,,,,,,,Enterococcus faecalis
46385908,SAMN46385908,,,milk,,2024-05-17,Ghana: ACCRA,,,,,,,,,Enterococcus faecalis
46385907,SAMN46385907,,,milk,,2024-05-17,Ghana: ACCRA,,,,,,,,,Enterococcus faecalis
46385906,SAMN46385906,,,milk,,2024-05-17,Ghana: ACCRA,,,,,,,,,Enterococcus faecalis
46385905,SAMN46385905,,,chicken,,2023-12-15,Ghana: ACCRA,,,,,,,,,Enterococcus faecalis
46385904,SAMN46385904,,,chicken,,2023-12-15,Ghana: ACCRA,,,,,,,,,Enterococcus faecalis
46385903,SAMN46385903,,,chicken,,2023-12-15,Ghana: ACCRA,,,,,,,,,Enterococcus faecalis
46385902,SAMN46385902,,,chicken,,2023-12-15,Ghana: ACCRA,,,,,,,,,Enterococcus faecalis
46385901,SAMN46385901,,,chicken,,2023-12-15,Ghana: ACCRA,,,,,,,,,Enterococcus faecalis
46385900,SAMN46385900,,,chicken,,2023-12-15,Ghana: ACCRA,,,,,,,,,Enterococcus faecalis
46385899,SAMN46385899,,,chicken,,2023-12-15,Ghana: ACCRA,,,,,,,,,Enterococcus faecalis
46385898,SAMN46385898,,,chicken,,2023-12-15,Ghana: ACCRA,,,,,,,,,Enterococcus faecalis
54612398,SAMN54612398,,5114,milk,cow,2025-10,"China:Zhanjiang,Guangdong",,,,,,,,,Enterococcus faecalis
54567427,SAMN54567427,,L7,blood,Homo sapiens,2009,Brazil: Sao Paulo,,,,,GCF_054515455.1,Contig,ftp://ftp.ncbi.nlm.nih.gov/genomes/all/GCF/054/515/455/GCF_054515455.1_ASM5451545v1,ftp://ftp.ncbi.nlm.nih.gov/genomes/all/GCA/054/515/455/GCA_054515455.1_ASM5451545v1,Enterococcus faecalis
33469234,SAMN33469234,,Ef-wfmc-01,,Homo sapiens,2022-10-29,China,,,,,,,,,Enterococcus faecalis
54497635,SAMN54497635,,FSIS12642412,Animal-Swine-Sow (cecal),,2025,USA:IL,,,,,,,,,Enterococcus faecalis
54497634,SAMN54497634,,FSIS12642411,Animal-Turkey-Young Turkey (cecal),,2025,USA:IN,,,,,GCA_054396805.1,Contig,,ftp://ftp.ncbi.nlm.nih.gov/genomes/all/GCA/054/396/805/GCA_054396805.1_PDT003047925.1,Enterococcus faecalis
54497633,SAMN54497633,,FSIS12642404,Animal-Turkey-Young Turkey (cecal),,2025,USA:MN,,,,,GCA_054397105.1,Contig,,ftp://ftp.ncbi.nlm.nih.gov/genomes/all/GCA/054/397/105/GCA_054397105.1_PDT003047923.1,Enterococcus faecalis
54497632,SAMN54497632,,FSIS12642409,Animal-Cattle-Steer (cecal),,2025,USA:MI,,,,,GCA_054396845.1,Contig,,ftp://ftp.ncbi.nlm.nih.gov/genomes/all/GCA/054/396/845/GCA_054396845.1_PDT003047924.1,Enterococcus faecalis
54497630,SAMN54497630,,FSIS12642407,Animal-Turkey-Young Turkey (cecal),,2025,USA:AR,,,,,GCA_054396865.1,Contig,,ftp://ftp.ncbi.nlm.nih.gov/genomes/all/GCA/054/396/865/GCA_054396865.1_PDT003047922.1,Enterococcus faecalis
54497627,SAMN54497627,,FSIS12642410,Animal-Turkey-Young Turkey (cecal),,2025,USA:NC,,,,,GCA_054396905.1,Contig,,ftp://ftp.ncbi.nlm.nih.gov/genomes/all/GCA/054/396/905/GCA_054396905.1_PDT003047914.1,Enterococcus faecalis
54497624,SAMN54497624,,FSIS12642401,Animal-Chicken-Young Chicken (cecal),,2025,USA:SC,,,,,,,,,Enterococcus faecalis
54496757,SAMN54496757,,FSIS12642415,Animal-Chicken-Young Chicken (cecal),,2025,USA:MS,,,,,GCA_054397175.1,Contig,,ftp://ftp.ncbi.nlm.nih.gov/genomes/all/GCA/054/397/175/GCA_054397175.1_PDT003047906.1,Enterococcus faecalis
54496756,SAMN54496756,,FSIS12642408,Animal-Chicken-Young Chicken (cecal),,2025,USA:AL,,,,,GCA_054396585.1,Contig,,ftp://ftp.ncbi.nlm.nih.gov/genomes/all/GCA/054/396/585/GCA_054396585.1_PDT003047900.1,Enterococcus faecalis
54496754,SAMN54496754,,FSIS12642399,Animal-Swine-Market Swine (cecal),,2025,USA:IA,,,,,GCA_054397235.1,Contig,,ftp://ftp.ncbi.nlm.nih.gov/genomes/all/GCA/054/397/235/GCA_054397235.1_PDT003047904.1,Enterococcus faecalis
54496727,SAMN54496727,,FSIS12542292,Animal-Turkey-Young Turkey (cecal),,2025,USA:MN,,,,,GCA_054397145.1,Contig,,ftp://ftp.ncbi.nlm.nih.gov/genomes/all/GCA/054/397/145/GCA_054397145.1_PDT003047894.1,Enterococcus faecalis
54496726,SAMN54496726,,FSIS12542294,Animal-Turkey-Young Turkey (cecal),,2025,USA:IA,,,,,GCA_054397035.1,Contig,,ftp://ftp.ncbi.nlm.nih.gov/genomes/all/GCA/054/397/035/GCA_054397035.1_PDT003047896.1,Enterococcus faecalis
54496696,SAMN54496696,,FSIS12542290,Animal-Swine-Sow (cecal),,2025,USA:OH,,,,,GCA_054396605.1,Contig,,ftp://ftp.ncbi.nlm.nih.gov/genomes/all/GCA/054/396/605/GCA_054396605.1_PDT003047893.1,Enterococcus faecalis
54496695,SAMN54496695,,FSIS12542291,Animal-Swine-Sow (cecal),,2025,USA:OH,,,,,GCA_054397295.1,Contig,,ftp://ftp.ncbi.nlm.nih.gov/genomes/all/GCA/054/397/295/GCA_054397295.1_PDT003047887.1,Enterococcus faecalis
54492307,SAMN54492307,,OTH-23-VL-SD-IA-0048,urine,,2023-12-11,USA:IA,,,,,GCA_054400645.1,Contig,,ftp://ftp.ncbi.nlm.nih.gov/genomes/all/GCA/054/400/645/GCA_054400645.1_PDT003047574.1,Enterococcus faecalis
54491049,SAMEA120775249,,,human feces,,,,,,,,,,,,Enterococcus faecalis
54477740,SAMEA120767104,,,human feces,,,,,,,,,,,,Enterococcus faecalis
54448254,SAMN54448254,,FSIS12542288,Animal-Swine-Market Swine (cecal),,2025,USA:MO,,,,,GCA_054348815.1,Contig,,ftp://ftp.ncbi.nlm.nih.gov/genomes/all/GCA/054/348/815/GCA_054348815.1_PDT003044853.1,Enterococcus faecalis
54448245,SAMN54448245,,FSIS12542287,Animal-Chicken-Young Chicken (cecal),,2025,USA:AL,,,,,GCA_054348855.1,Contig,,ftp://ftp.ncbi.nlm.nih.gov/genomes/all/GCA/054/348/855/GCA_054348855.1_PDT003044849.1,Enterococcus faecalis
54448242,SAMN54448242,,FSIS12542285,Animal-Cattle-Dairy Cow (cecal),,2025,USA:CA,,,,,GCA_054408695.1,Contig,,ftp://ftp.ncbi.nlm.nih.gov/genomes/all/GCA/054/408/695/GCA_054408695.1_PDT003044846.1,Enterococcus faecalis
54448241,SAMN54448241,,FSIS12542128,Animal-Turkey-Young Turkey (cecal),,2025,USA:AR,,,,,GCA_054408705.1,Contig,,ftp://ftp.ncbi.nlm.nih.gov/genomes/all/GCA/054/408/705/GCA_054408705.1_PDT003044845.1,Enterococcus faecalis
54448236,SAMN54448236,,FSIS12542125,Animal-Chicken-Young Chicken (cecal),,2025,USA:TX,,,,,GCA_054348875.1,Contig,,ftp://ftp.ncbi.nlm.nih.gov/genomes/all/GCA/054/348/875/GCA_054348875.1_PDT003044842.1,Enterococcus faecalis
54448230,SAMN54448230,,FSIS12542289,Animal-Swine-Market Swine (cecal),,2025,USA:NC,,,,,GCA_054348935.1,Contig,,ftp://ftp.ncbi.nlm.nih.gov/genomes/all/GCA/054/348/935/GCA_054348935.1_PDT003044835.1,Enterococcus faecalis
54448229,SAMN54448229,,FSIS12542286,Animal-Chicken-Young Chicken (cecal),,2025,USA:DE,,,,,GCA_054408795.1,Contig,,ftp://ftp.ncbi.nlm.nih.gov/genomes/all/GCA/054/408/795/GCA_054408795.1_PDT003044831.1,Enterococcus faecalis
54448225,SAMN54448225,,FSIS12542119,Animal-Turkey-Young Turkey (cecal),,2025,USA:NC,,,,,GCA_054348915.1,Contig,,ftp://ftp.ncbi.nlm.nih.gov/genomes/all/GCA/054/348/915/GCA_054348915.1_PDT003044837.1,Enterococcus faecalis
54448219,SAMN54448219,,FSIS12542121,Animal-Swine-Market Swine (cecal),,2025,USA:PA,,,,,GCA_054408755.1,Contig,,ftp://ftp.ncbi.nlm.nih.gov/genomes/all/GCA/054/408/755/GCA_054408755.1_PDT003044824.1,Enterococcus faecalis
54448214,SAMN54448214,,FSIS12542122,Animal-Chicken-Young Chicken (cecal),,2025,USA:GA,,,,,GCA_054348995.1,Contig,,ftp://ftp.ncbi.nlm.nih.gov/genomes/all/GCA/054/348/995/GCA_054348995.1_PDT003044821.1,Enterococcus faecalis
54448213,SAMN54448213,,FSIS12542114,Animal-Turkey-Young Turkey (cecal),,2025,USA:OH,,,,,GCA_054349015.1,Contig,,ftp://ftp.ncbi.nlm.nih.gov/genomes/all/GCA/054/349/015/GCA_054349015.1_PDT003044817.1,Enterococcus faecalis
54448203,SAMN54448203,,FSIS12542120,Animal-Cattle-Dairy Cow (cecal),,2025,USA:WI,,,,,GCA_054349035.1,Contig,,ftp://ftp.ncbi.nlm.nih.gov/genomes/all/GCA/054/349/035/GCA_054349035.1_PDT003044816.1,Enterococcus faecalis
54448200,SAMN54448200,,FSIS12542113,Animal-Turkey-Young Turkey (cecal),,2025,USA:IN,,,,,GCA_054349075.1,Contig,,ftp://ftp.ncbi.nlm.nih.gov/genomes/all/GCA/054/349/075/GCA_054349075.1_PDT003044814.1,Enterococcus faecalis
54448199,SAMN54448199,,FSIS12542112,Animal-Chicken-Young Chicken (cecal),,2025,USA:AL,,,,,GCA_054349055.1,Contig,,ftp://ftp.ncbi.nlm.nih.gov/genomes/all/GCA/054/349/055/GCA_054349055.1_PDT003044813.1,Enterococcus faecalis
54448192,SAMN54448192,,FSIS12542111,Animal-Swine-Market Swine (cecal),,2025,USA:IL,,,,,GCA_054408815.1,Contig,,ftp://ftp.ncbi.nlm.nih.gov/genomes/all/GCA/054/408/815/GCA_054408815.1_PDT003044803.1,Enterococcus faecalis
54448191,SAMN54448191,,FSIS12542110,Animal-Turkey-Young Turkey (cecal),,2025,USA:VT,,,,,GCA_054349155.1,Contig,,ftp://ftp.ncbi.nlm.nih.gov/genomes/all/GCA/054/349/155/GCA_054349155.1_PDT003044800.1,Enterococcus faecalis
54275484,SAMN54275484,,PAK6AS,soil,missing,2024,Pakistan,,,,,,,,,Enterococcus faecalis
52901954,SAMN52901954,,AMC970,Creek [ENVO:03501405]; Dairy farm [ENVO:03501416],Not Applicable [GENEPIO:0001619],2022-08-31,Canada:British Columbia,,,,,,,,,Enterococcus faecalis
52901953,SAMN52901953,,AMC969,Creek [ENVO:03501405]; Dairy farm [ENVO:03501416],Not Applicable [GENEPIO:0001619],2022-08-31,Canada:British Columbia,,,,,,,,,Enterococcus faecalis
52901952,SAMN52901952,,AMC967,Creek [ENVO:03501405]; Dairy farm [ENVO:03501416],Not Applicable [GENEPIO:0001619],2022-08-31,Canada:British Columbia,,,,,,,,,Enterococcus faecalis
52901951,SAMN52901951,,AMC965,Creek [ENVO:03501405]; Dairy farm [ENVO:03501416],Not Applicable [GENEPIO:0001619],2022-08-31,Canada:British Columbia,,,,,,,,,Enterococcus faecalis
52901950,SAMN52901950,,AMC963,Creek [ENVO:03501405]; Dairy farm [ENVO:03501416],Not Applicable [GENEPIO:0001619],2022-08-31,Canada:British Columbia,,,,,,,,,Enterococcus faecalis
52901949,SAMN52901949,,AMC961,Creek [ENVO:03501405]; Dairy farm [ENVO:03501416],Not Applicable [GENEPIO:0001619],2022-08-31,Canada:British Columbia,,,,,,,,,Enterococcus faecalis
52901948,SAMN52901948,,AMC870,Wastewater treatment plant [ENVO:00002272],Not Applicable [GENEPIO:0001619],2022-08-24,Canada:British Columbia,,,,,,,,,Enterococcus faecalis
52901947,SAMN52901947,,AMC867,Wastewater treatment plant [ENVO:00002272],Not Applicable [GENEPIO:0001619],2022-08-24,Canada:British Columbia,,,,,,,,,Enterococcus faecalis
52901946,SAMN52901946,,AMC861,Wastewater treatment plant [ENVO:00002272],Not Applicable [GENEPIO:0001619],2022-08-24,Canada:British Columbia,,,,,,,,,Enterococcus faecalis
52901945,SAMN52901945,,AMC859,Wastewater treatment plant [ENVO:00002272],Not Applicable [GENEPIO:0001619],2022-08-24,Canada:British Columbia,,,,,,,,,Enterococcus faecalis
52901944,SAMN52901944,,AMC856,Wastewater treatment plant [ENVO:00002272],Not Applicable [GENEPIO:0001619],2022-08-24,Canada:British Columbia,,,,,,,,,Enterococcus faecalis
52901943,SAMN52901943,,AMC852,Bos taurus [NCBITaxon:9913]; Fecal composite [GENEPIO:0004512]; Animal pen [ENVO:03501387]; Dairy farm [ENVO:03501416],Bos taurus [NCBITaxon:9913],2022-08-24,Canada:British Columbia,,,,,,,,,Enterococcus faecalis
52901942,SAMN52901942,,AMC835,Creek [ENVO:03501405]; Dairy farm [ENVO:03501416],Not Applicable [GENEPIO:0001619],2022-08-24,Canada:British Columbia,,,,,,,,,Enterococcus faecalis
52901941,SAMN52901941,,AMC833,Creek [ENVO:03501405]; Dairy farm [ENVO:03501416],Not Applicable [GENEPIO:0001619],2022-08-24,Canada:British Columbia,,,,,,,,,Enterococcus faecalis
52901940,SAMN52901940,,AMC832,Creek [ENVO:03501405]; Dairy farm [ENVO:03501416],Not Applicable [GENEPIO:0001619],2022-08-24,Canada:British Columbia,,,,,,,,,Enterococcus faecalis
52901939,SAMN52901939,,AMC830,Creek [ENVO:03501405]; Dairy farm [ENVO:03501416],Not Applicable [GENEPIO:0001619],2022-08-24,Canada:British Columbia,,,,,,,,,Enterococcus faecalis
52901938,SAMN52901938,,AMC828,Creek [ENVO:03501405]; Dairy farm [ENVO:03501416],Not Applicable [GENEPIO:0001619],2022-08-24,Canada:British Columbia,,,,,,,,,Enterococcus faecalis
52901937,SAMN52901937,,AMC825,Creek [ENVO:03501405]; Dairy farm [ENVO:03501416],Not Applicable [GENEPIO:0001619],2022-08-24,Canada:British Columbia,,,,,,,,,Enterococcus faecalis
52901936,SAMN52901936,,AMC764,Bos taurus [NCBITaxon:9913]; Fecal composite [GENEPIO:0004512]; Animal pen [ENVO:03501387]; Dairy farm [ENVO:03501416],Bos taurus [NCBITaxon:9913],2022-08-15,Canada:British Columbia,,,,,,,,,Enterococcus faecalis
52901935,SAMN52901935,,AMC762,Bos taurus [NCBITaxon:9913]; Fecal composite [GENEPIO:0004512]; Animal pen [ENVO:03501387]; Dairy farm [ENVO:03501416],Bos taurus [NCBITaxon:9913],2022-08-15,Canada:British Columbia,,,,,,,,,Enterococcus faecalis
52901934,SAMN52901934,,AMC738,Wastewater treatment plant [ENVO:00002272],Not Applicable [GENEPIO:0001619],2022-08-15,Canada:British Columbia,,,,,,,,,Enterococcus faecalis
52901933,SAMN52901933,,AMC736,Wastewater treatment plant [ENVO:00002272],Not Applicable [GENEPIO:0001619],2022-08-15,Canada:British Columbia,,,,,,,,,Enterococcus faecalis
52901932,SAMN52901932,,AMC735,Creek [ENVO:03501405]; Dairy farm [ENVO:03501416],Not Applicable [GENEPIO:0001619],2022-08-15,Canada:British Columbia,,,,,,,,,Enterococcus faecalis
52901931,SAMN52901931,,AMC732,Creek [ENVO:03501405]; Dairy farm [ENVO:03501416],Not Applicable [GENEPIO:0001619],2022-08-15,Canada:British Columbia,,,,,,,,,Enterococcus faecalis
52901930,SAMN52901930,,AMC730,Creek [ENVO:03501405]; Dairy farm [ENVO:03501416],Not Applicable [GENEPIO:0001619],2022-08-15,Canada:British Columbia,,,,,,,,,Enterococcus faecalis
52901929,SAMN52901929,,AMC727,Creek [ENVO:03501405]; Dairy farm [ENVO:03501416],Not Applicable [GENEPIO:0001619],2022-08-15,Canada:British Columbia,,,,,,,,,Enterococcus faecalis
52901928,SAMN52901928,,AMC3441,Creek [ENVO:03501405]; Dairy farm [ENVO:03501416],Not Applicable [GENEPIO:0001619],2024-05-13,Canada:British Columbia,,,,,,,,,Enterococcus faecalis
52901927,SAMN52901927,,AMC3440,Creek [ENVO:03501405]; Dairy farm [ENVO:03501416],Not Applicable [GENEPIO:0001619],2024-05-13,Canada:British Columbia,,,,,,,,,Enterococcus faecalis
52901926,SAMN52901926,,AMC3438,Creek [ENVO:03501405]; Dairy farm [ENVO:03501416],Not Applicable [GENEPIO:0001619],2024-05-13,Canada:British Columbia,,,,,,,,,Enterococcus faecalis
52901925,SAMN52901925,,AMC3435,Creek [ENVO:03501405]; Dairy farm [ENVO:03501416],Not Applicable [GENEPIO:0001619],2024-05-13,Canada:British Columbia,,,,,,,,,Enterococcus faecalis
52901924,SAMN52901924,,AMC3419,Bos taurus [NCBITaxon:9913]; Fecal composite [GENEPIO:0004512]; Animal pen [ENVO:03501387]; Dairy farm [ENVO:03501416],Bos taurus [NCBITaxon:9913],2024-05-13,Canada:British Columbia,,,,,,,,,Enterococcus faecalis
52901923,SAMN52901923,,AMC3328,Wastewater treatment plant [ENVO:00002272],Not Applicable [GENEPIO:0001619],2024-05-06,Canada:British Columbia,,,,,,,,,Enterococcus faecalis
52901922,SAMN52901922,,AMC3309,Creek [ENVO:03501405]; Dairy farm [ENVO:03501416],Not Applicable [GENEPIO:0001619],2024-05-06,Canada:British Columbia,,,,,,,,,Enterococcus faecalis
52901921,SAMN52901921,,AMC3305,Creek [ENVO:03501405]; Dairy farm [ENVO:03501416],Not Applicable [GENEPIO:0001619],2024-05-06,Canada:British Columbia,,,,,,,,,Enterococcus faecalis
52901920,SAMN52901920,,AMC3303,Creek [ENVO:03501405]; Dairy farm [ENVO:03501416],Not Applicable [GENEPIO:0001619],2024-05-06,Canada:British Columbia,,,,,,,,,Enterococcus faecalis
52901919,SAMN52901919,,AMC3302,Creek [ENVO:03501405]; Dairy farm [ENVO:03501416],Not Applicable [GENEPIO:0001619],2024-05-06,Canada:British Columbia,,,,,,,,,Enterococcus faecalis
52901918,SAMN52901918,,AMC3300,Dairy farm [ENVO:03501416]; Agricultural Field [ENVO:00000114]; Agricultural soil [ENVO:00002259],Not Applicable [GENEPIO:0001619],2024-05-06,Canada:British Columbia,,,,,,,,,Enterococcus faecalis
52901917,SAMN52901917,,AMC3289,Bos taurus [NCBITaxon:9913]; Fecal composite [GENEPIO:0004512]; Animal pen [ENVO:03501387]; Dairy farm [ENVO:03501416],Bos taurus [NCBITaxon:9913],2024-05-06,Canada:British Columbia,,,,,,,,,Enterococcus faecalis
52901916,SAMN52901916,,AMC3191,Wastewater treatment plant [ENVO:00002272],Not Applicable [GENEPIO:0001619],2024-04-29,Canada:British Columbia,,,,,,,,,Enterococcus faecalis
52901915,SAMN52901915,,AMC3171,Creek [ENVO:03501405]; Dairy farm [ENVO:03501416],Not Applicable [GENEPIO:0001619],2024-04-29,Canada:British Columbia,,,,,,,,,Enterococcus faecalis
52901914,SAMN52901914,,AMC3161,Bos taurus [NCBITaxon:9913]; Fecal composite [GENEPIO:0004512]; Animal pen [ENVO:03501387]; Dairy farm [ENVO:03501416],Bos taurus [NCBITaxon:9913],2024-04-29,Canada:British Columbia,,,,,,,,,Enterococcus faecalis
52901913,SAMN52901913,,AMC3155,Bos taurus [NCBITaxon:9913]; Fecal composite [GENEPIO:0004512]; Animal pen [ENVO:03501387]; Dairy farm [ENVO:03501416],Bos taurus [NCBITaxon:9913],2024-04-29,Canada:British Columbia,,,,,,,,,Enterococcus faecalis
52901912,SAMN52901912,,AMC3152,Bos taurus [NCBITaxon:9913]; Fecal composite [GENEPIO:0004512]; Animal pen [ENVO:03501387]; Dairy farm [ENVO:03501416],Bos taurus [NCBITaxon:9913],2024-04-29,Canada:British Columbia,,,,,,,,,Enterococcus faecalis
52901911,SAMN52901911,,AMC3148,Dairy farm [ENVO:03501416]; Agricultural Field [ENVO:00000114]; Agricultural soil [ENVO:00002259],Not Applicable [GENEPIO:0001619],2024-04-29,Canada:British Columbia,,,,,,,,,Enterococcus faecalis
52901910,SAMN52901910,,AMC3065,Creek [ENVO:03501405]; Dairy farm [ENVO:03501416],Not Applicable [GENEPIO:0001619],2023-10-30,Canada:British Columbia,,,,,,,,,Enterococcus faecalis
52901909,SAMN52901909,,AMC3060,Dairy farm [ENVO:03501416]; Agricultural Field [ENVO:00000114]; Agricultural soil [ENVO:00002259],Not Applicable [GENEPIO:0001619],2023-10-23,Canada:British Columbia,,,,,,,,,Enterococcus faecalis
52901908,SAMN52901908,,AMC3058,Creek [ENVO:03501405]; Dairy farm [ENVO:03501416],Not Applicable [GENEPIO:0001619],2024-02-19,Canada:British Columbia,,,,,,,,,Enterococcus faecalis
52901907,SAMN52901907,,AMC3057,Creek [ENVO:03501405]; Dairy farm [ENVO:03501416],Not Applicable [GENEPIO:0001619],2024-02-19,Canada:British Columbia,,,,,,,,,Enterococcus faecalis
52901906,SAMN52901906,,AMC3035,Bos taurus [NCBITaxon:9913]; Fecal composite [GENEPIO:0004512]; Animal pen [ENVO:03501387]; Dairy farm [ENVO:03501416],Bos taurus [NCBITaxon:9913],2024-02-19,Canada:British Columbia,,,,,,,,,Enterococcus faecalis
52901905,SAMN52901905,,AMC3028,Bos taurus [NCBITaxon:9913]; Fecal composite [GENEPIO:0004512]; Animal pen [ENVO:03501387]; Dairy farm [ENVO:03501416],Bos taurus [NCBITaxon:9913],2024-02-19,Canada:British Columbia,,,,,,,,,Enterococcus faecalis
52901904,SAMN52901904,,AMC2965,Wastewater treatment plant [ENVO:00002272],Not Applicable [GENEPIO:0001619],2024-02-19,Canada:British Columbia,,,,,,,,,Enterococcus faecalis
52901903,SAMN52901903,,AMC2964,Wastewater treatment plant [ENVO:00002272],Not Applicable [GENEPIO:0001619],2024-02-19,Canada:British Columbia,,,,,,,,,Enterococcus faecalis
52901902,SAMN52901902,,AMC2962,Wastewater treatment plant [ENVO:00002272],Not Applicable [GENEPIO:0001619],2024-02-19,Canada:British Columbia,,,,,,,,,Enterococcus faecalis
52901901,SAMN52901901,,AMC2960,Wastewater treatment plant [ENVO:00002272],Not Applicable [GENEPIO:0001619],2024-02-19,Canada:British Columbia,,,,,,,,,Enterococcus faecalis
52901900,SAMN52901900,,AMC2926,Bos taurus [NCBITaxon:9913]; Fecal composite [GENEPIO:0004512]; Animal pen [ENVO:03501387]; Dairy farm [ENVO:03501416],Bos taurus [NCBITaxon:9913],2024-02-12,Canada:British Columbia,,,,,,,,,Enterococcus faecalis
52901899,SAMN52901899,,AMC2919,Bos taurus [NCBITaxon:9913]; Fecal composite [GENEPIO:0004512]; Animal pen [ENVO:03501387]; Dairy farm [ENVO:03501416],Bos taurus [NCBITaxon:9913],2024-02-12,Canada:British Columbia,,,,,,,,,Enterococcus faecalis
52901898,SAMN52901898,,AMC2917,Bos taurus [NCBITaxon:9913]; Fecal composite [GENEPIO:0004512]; Animal pen [ENVO:03501387]; Dairy farm [ENVO:03501416],Bos taurus [NCBITaxon:9913],2024-02-12,Canada:British Columbia,,,,,,,,,Enterococcus faecalis
52901897,SAMN52901897,,AMC2909,Dairy farm [ENVO:03501416]; Manure pit [ENVO:01001872]; Bos taurus [NCBITaxon:9913]; Fecal composite [GENEPIO:0004512],Bos taurus [NCBITaxon:9913],2024-02-12,Canada:British Columbia,,,,,,,,,Enterococcus faecalis
52901896,SAMN52901896,,AMC2890,Bos taurus [NCBITaxon:9913]; Fecal composite [GENEPIO:0004512]; Animal pen [ENVO:03501387]; Dairy farm [ENVO:03501416],Bos taurus [NCBITaxon:9913],2024-02-12,Canada:British Columbia,,,,,,,,,Enterococcus faecalis
52901895,SAMN52901895,,AMC2825,Wastewater treatment plant [ENVO:00002272],Not Applicable [GENEPIO:0001619],2024-02-05,Canada:British Columbia,,,,,,,,,Enterococcus faecalis
52901894,SAMN52901894,,AMC2823,Wastewater treatment plant [ENVO:00002272],Not Applicable [GENEPIO:0001619],2024-02-05,Canada:British Columbia,,,,,,,,,Enterococcus faecalis
52901893,SAMN52901893,,AMC2821,Wastewater treatment plant [ENVO:00002272],Not Applicable [GENEPIO:0001619],2024-02-05,Canada:British Columbia,,,,,,,,,Enterococcus faecalis
52901892,SAMN52901892,,AMC2810,Creek [ENVO:03501405]; Dairy farm [ENVO:03501416],Not Applicable [GENEPIO:0001619],2024-02-05,Canada:British Columbia,,,,,,,,,Enterococcus faecalis
52901891,SAMN52901891,,AMC2807,Creek [ENVO:03501405]; Dairy farm [ENVO:03501416],Not Applicable [GENEPIO:0001619],2024-02-05,Canada:British Columbia,,,,,,,,,Enterococcus faecalis
52901890,SAMN52901890,,AMC2790,Bos taurus [NCBITaxon:9913]; Fecal composite [GENEPIO:0004512]; Animal pen [ENVO:03501387]; Dairy farm [ENVO:03501416],Bos taurus [NCBITaxon:9913],2024-02-05,Canada:British Columbia,,,,,,,,,Enterococcus faecalis
52901889,SAMN52901889,,AMC2788,Bos taurus [NCBITaxon:9913]; Fecal composite [GENEPIO:0004512]; Animal pen [ENVO:03501387]; Dairy farm [ENVO:03501416],Bos taurus [NCBITaxon:9913],2024-02-05,Canada:British Columbia,,,,,,,,,Enterococcus faecalis
52901888,SAMN52901888,,AMC2764,Bos taurus [NCBITaxon:9913]; Fecal composite [GENEPIO:0004512]; Animal pen [ENVO:03501387]; Dairy farm [ENVO:03501416],Bos taurus [NCBITaxon:9913],2024-02-05,Canada:British Columbia,,,,,,,,,Enterococcus faecalis
52901887,SAMN52901887,,AMC2762,Bos taurus [NCBITaxon:9913]; Fecal composite [GENEPIO:0004512]; Animal pen [ENVO:03501387]; Dairy farm [ENVO:03501416],Bos taurus [NCBITaxon:9913],2024-02-05,Canada:British Columbia,,,,,,,,,Enterococcus faecalis
52901886,SAMN52901886,,AMC2761,Bos taurus [NCBITaxon:9913]; Fecal composite [GENEPIO:0004512]; Animal pen [ENVO:03501387]; Dairy farm [ENVO:03501416],Bos taurus [NCBITaxon:9913],2024-02-05,Canada:British Columbia,,,,,,,,,Enterococcus faecalis
52901885,SAMN52901885,,AMC2688,Wastewater treatment plant [ENVO:00002272],Not Applicable [GENEPIO:0001619],2023-10-30,Canada:British Columbia,,,,,,,,,Enterococcus faecalis
52901884,SAMN52901884,,AMC2685,Wastewater treatment plant [ENVO:00002272],Not Applicable [GENEPIO:0001619],2023-10-30,Canada:British Columbia,,,,,,,,,Enterococcus faecalis
52901883,SAMN52901883,,AMC2645,Dairy farm [ENVO:03501416]; Agricultural Field [ENVO:00000114]; Agricultural soil [ENVO:00002259],Not Applicable [GENEPIO:0001619],2023-10-30,Canada:British Columbia,,,,,,,,,Enterococcus faecalis
52901882,SAMN52901882,,AMC2640,Bos taurus [NCBITaxon:9913]; Fecal composite [GENEPIO:0004512]; Animal pen [ENVO:03501387]; Dairy farm [ENVO:03501416],Bos taurus [NCBITaxon:9913],2023-10-30,Canada:British Columbia,,,,,,,,,Enterococcus faecalis
52901881,SAMN52901881,,AMC2567,Wastewater treatment plant [ENVO:00002272],Not Applicable [GENEPIO:0001619],2023-10-23,Canada:British Columbia,,,,,,,,,Enterococcus faecalis
52901880,SAMN52901880,,AMC2566,Wastewater treatment plant [ENVO:00002272],Not Applicable [GENEPIO:0001619],2023-10-23,Canada:British Columbia,,,,,,,,,Enterococcus faecalis
52901878,SAMN52901878,,AMC2563,Wastewater treatment plant [ENVO:00002272],Not Applicable [GENEPIO:0001619],2023-10-23,Canada:British Columbia,,,,,,,,,Enterococcus faecalis
52901877,SAMN52901877,,AMC2562,Wastewater treatment plant [ENVO:00002272],Not Applicable [GENEPIO:0001619],2023-10-23,Canada:British Columbia,,,,,,,,,Enterococcus faecalis
52901876,SAMN52901876,,AMC2552,Creek [ENVO:03501405]; Dairy farm [ENVO:03501416],Not Applicable [GENEPIO:0001619],2023-10-23,Canada:British Columbia,,,,,,,,,Enterococcus faecalis
52901875,SAMN52901875,,AMC2549,Creek [ENVO:03501405]; Dairy farm [ENVO:03501416],Not Applicable [GENEPIO:0001619],2023-10-23,Canada:British Columbia,,,,,,,,,Enterococcus faecalis
52901874,SAMN52901874,,AMC2538,Bos taurus [NCBITaxon:9913]; Fecal composite [GENEPIO:0004512]; Animal pen [ENVO:03501387]; Dairy farm [ENVO:03501416],Bos taurus [NCBITaxon:9913],2023-10-23,Canada:British Columbia,,,,,,,,,Enterococcus faecalis
52901873,SAMN52901873,,AMC2536,Bos taurus [NCBITaxon:9913]; Fecal composite [GENEPIO:0004512]; Animal pen [ENVO:03501387]; Dairy farm [ENVO:03501416],Bos taurus [NCBITaxon:9913],2023-10-23,Canada:British Columbia,,,,,,,,,Enterococcus faecalis
52901872,SAMN52901872,,AMC2535,Dairy farm [ENVO:03501416]; Agricultural Field [ENVO:00000114]; Agricultural soil [ENVO:00002259],Not Applicable [GENEPIO:0001619],2023-10-23,Canada:British Columbia,,,,,,,,,Enterococcus faecalis
52901871,SAMN52901871,,AMC2453,Creek [ENVO:03501405]; Dairy farm [ENVO:03501416],Not Applicable [GENEPIO:0001619],2023-10-09,Canada:British Columbia,,,,,,,,,Enterococcus faecalis
52901870,SAMN52901870,,AMC2442,Dairy farm [ENVO:03501416]; Agricultural Field [ENVO:00000114]; Agricultural soil [ENVO:00002259],Not Applicable [GENEPIO:0001619],2023-10-09,Canada:British Columbia,,,,,,,,,Enterococcus faecalis
52901869,SAMN52901869,,AMC2429,Dairy farm [ENVO:03501416]; Agricultural Field [ENVO:00000114]; Agricultural soil [ENVO:00002259],Not Applicable [GENEPIO:0001619],2023-10-09,Canada:British Columbia,,,,,,,,,Enterococcus faecalis
52901868,SAMN52901868,,AMC2415,Bos taurus [NCBITaxon:9913]; Fecal composite [GENEPIO:0004512]; Animal pen [ENVO:03501387]; Dairy farm [ENVO:03501416],Bos taurus [NCBITaxon:9913],2023-10-09,Canada:British Columbia,,,,,,,,,Enterococcus faecalis
52901867,SAMN52901867,,AMC2414,Bos taurus [NCBITaxon:9913]; Fecal composite [GENEPIO:0004512]; Animal pen [ENVO:03501387]; Dairy farm [ENVO:03501416],Bos taurus [NCBITaxon:9913],2023-10-09,Canada:British Columbia,,,,,,,,,Enterococcus faecalis
52901866,SAMN52901866,,AMC2339,Creek [ENVO:03501405]; Dairy farm [ENVO:03501416],Not Applicable [GENEPIO:0001619],2023-07-24,Canada:British Columbia,,,,,,,,,Enterococcus faecalis
52901865,SAMN52901865,,AMC2336,Creek [ENVO:03501405]; Dairy farm [ENVO:03501416],Not Applicable [GENEPIO:0001619],2023-07-24,Canada:British Columbia,,,,,,,,,Enterococcus faecalis
52901864,SAMN52901864,,AMC2317,Bos taurus [NCBITaxon:9913]; Fecal composite [GENEPIO:0004512]; Animal pen [ENVO:03501387]; Dairy farm [ENVO:03501416],Bos taurus [NCBITaxon:9913],2023-07-24,Canada:British Columbia,,,,,,,,,Enterococcus faecalis
52901863,SAMN52901863,,AMC2302,Bos taurus [NCBITaxon:9913]; Fecal composite [GENEPIO:0004512]; Animal pen [ENVO:03501387]; Dairy farm [ENVO:03501416],Bos taurus [NCBITaxon:9913],2023-07-24,Canada:British Columbia,,,,,,,,,Enterococcus faecalis
52901862,SAMN52901862,,AMC2300,Bos taurus [NCBITaxon:9913]; Fecal composite [GENEPIO:0004512]; Animal pen [ENVO:03501387]; Dairy farm [ENVO:03501416],Bos taurus [NCBITaxon:9913],2023-07-24,Canada:British Columbia,,,,,,,,,Enterococcus faecalis
52901861,SAMN52901861,,AMC2298,Bos taurus [NCBITaxon:9913]; Fecal composite [GENEPIO:0004512]; Animal pen [ENVO:03501387]; Dairy farm [ENVO:03501416],Bos taurus [NCBITaxon:9913],2023-07-24,Canada:British Columbia,,,,,,,,,Enterococcus faecalis
52901860,SAMN52901860,,AMC2229,Wastewater treatment plant [ENVO:00002272],Not Applicable [GENEPIO:0001619],2023-07-17,Canada:British Columbia,,,,,,,,,Enterococcus faecalis
52901859,SAMN52901859,,AMC2226,Wastewater treatment plant [ENVO:00002272],Not Applicable [GENEPIO:0001619],2023-07-17,Canada:British Columbia,,,,,,,,,Enterococcus faecalis
52901858,SAMN52901858,,AMC2207,Creek [ENVO:03501405]; Dairy farm [ENVO:03501416],Not Applicable [GENEPIO:0001619],2023-07-17,Canada:British Columbia,,,,,,,,,Enterococcus faecalis
52901857,SAMN52901857,,AMC2206,Creek [ENVO:03501405]; Dairy farm [ENVO:03501416],Not Applicable [GENEPIO:0001619],2023-07-17,Canada:British Columbia,,,,,,,,,Enterococcus faecalis
52901856,SAMN52901856,,AMC2203,Creek [ENVO:03501405]; Dairy farm [ENVO:03501416],Not Applicable [GENEPIO:0001619],2023-07-17,Canada:British Columbia,,,,,,,,,Enterococcus faecalis
52901855,SAMN52901855,,AMC2202,Creek [ENVO:03501405]; Dairy farm [ENVO:03501416],Not Applicable [GENEPIO:0001619],2023-07-17,Canada:British Columbia,,,,,,,,,Enterococcus faecalis
52901854,SAMN52901854,,AMC2200,Creek [ENVO:03501405]; Dairy farm [ENVO:03501416],Not Applicable [GENEPIO:0001619],2023-07-17,Canada:British Columbia,,,,,,,,,Enterococcus faecalis
52901853,SAMN52901853,,AMC2180,Bos taurus [NCBITaxon:9913]; Fecal composite [GENEPIO:0004512]; Animal pen [ENVO:03501387]; Dairy farm [ENVO:03501416],Bos taurus [NCBITaxon:9913],2023-07-17,Canada:British Columbia,,,,,,,,,Enterococcus faecalis
52901852,SAMN52901852,,AMC2173,Dairy farm [ENVO:03501416]; Manure pit [ENVO:01001872]; Bos taurus [NCBITaxon:9913]; Fecal composite [GENEPIO:0004512],Bos taurus [NCBITaxon:9913],2023-07-17,Canada:British Columbia,,,,,,,,,Enterococcus faecalis
52901851,SAMN52901851,,AMC2109,Wastewater treatment plant [ENVO:00002272],Not Applicable [GENEPIO:0001619],2023-07-10,Canada:British Columbia,,,,,,,,,Enterococcus faecalis
52901850,SAMN52901850,,AMC2108,Wastewater treatment plant [ENVO:00002272],Not Applicable [GENEPIO:0001619],2023-07-10,Canada:British Columbia,,,,,,,,,Enterococcus faecalis
52901849,SAMN52901849,,AMC2106,Wastewater treatment plant [ENVO:00002272],Not Applicable [GENEPIO:0001619],2023-07-10,Canada:British Columbia,,,,,,,,,Enterococcus faecalis
52901848,SAMN52901848,,AMC2105,Wastewater treatment plant [ENVO:00002272],Not Applicable [GENEPIO:0001619],2023-07-10,Canada:British Columbia,,,,,,,,,Enterococcus faecalis
52901847,SAMN52901847,,AMC2091,Creek [ENVO:03501405]; Dairy farm [ENVO:03501416],Not Applicable [GENEPIO:0001619],2023-07-10,Canada:British Columbia,,,,,,,,,Enterococcus faecalis
52901846,SAMN52901846,,AMC2090,Creek [ENVO:03501405]; Dairy farm [ENVO:03501416],Not Applicable [GENEPIO:0001619],2023-07-10,Canada:British Columbia,,,,,,,,,Enterococcus faecalis
52901845,SAMN52901845,,AMC2087,Creek [ENVO:03501405]; Dairy farm [ENVO:03501416],Not Applicable [GENEPIO:0001619],2023-07-10,Canada:British Columbia,,,,,,,,,Enterococcus faecalis
52901844,SAMN52901844,,AMC2077,Bos taurus [NCBITaxon:9913]; Fecal composite [GENEPIO:0004512]; Animal pen [ENVO:03501387]; Dairy farm [ENVO:03501416],Bos taurus [NCBITaxon:9913],2023-07-10,Canada:British Columbia,,,,,,,,,Enterococcus faecalis
52901843,SAMN52901843,,AMC2073,Bos taurus [NCBITaxon:9913]; Fecal composite [GENEPIO:0004512]; Animal pen [ENVO:03501387]; Dairy farm [ENVO:03501416],Bos taurus [NCBITaxon:9913],2023-07-10,Canada:British Columbia,,,,,,,,,Enterococcus faecalis
52901842,SAMN52901842,,AMC2070,Bos taurus [NCBITaxon:9913]; Fecal composite [GENEPIO:0004512]; Animal pen [ENVO:03501387]; Dairy farm [ENVO:03501416],Bos taurus [NCBITaxon:9913],2023-07-10,Canada:British Columbia,,,,,,,,,Enterococcus faecalis
52901841,SAMN52901841,,AMC2069,Bos taurus [NCBITaxon:9913]; Fecal composite [GENEPIO:0004512]; Animal pen [ENVO:03501387]; Dairy farm [ENVO:03501416],Bos taurus [NCBITaxon:9913],2023-07-10,Canada:British Columbia,,,,,,,,,Enterococcus faecalis
52901840,SAMN52901840,,AMC1978,Creek [ENVO:03501405]; Dairy farm [ENVO:03501416],Not Applicable [GENEPIO:0001619],2023-05-08,Canada:British Columbia,,,,,,,,,Enterococcus faecalis
52901839,SAMN52901839,,AMC1977,Creek [ENVO:03501405]; Dairy farm [ENVO:03501416],Not Applicable [GENEPIO:0001619],2023-05-08,Canada:British Columbia,,,,,,,,,Enterococcus faecalis
52901838,SAMN52901838,,AMC1973,Creek [ENVO:03501405]; Dairy farm [ENVO:03501416],Not Applicable [GENEPIO:0001619],2023-05-08,Canada:British Columbia,,,,,,,,,Enterococcus faecalis
52901837,SAMN52901837,,AMC1967,Dairy farm [ENVO:03501416]; Manure pit [ENVO:01001872]; Bos taurus [NCBITaxon:9913]; Fecal composite [GENEPIO:0004512],Bos taurus [NCBITaxon:9913],2023-05-08,Canada:British Columbia,,,,,,,,,Enterococcus faecalis
52901836,SAMN52901836,,AMC1881,Wastewater treatment plant [ENVO:00002272],Not Applicable [GENEPIO:0001619],2023-05-03,Canada:British Columbia,,,,,,,,,Enterococcus faecalis
52901835,SAMN52901835,,AMC1879,Wastewater treatment plant [ENVO:00002272],Not Applicable [GENEPIO:0001619],2023-05-03,Canada:British Columbia,,,,,,,,,Enterococcus faecalis
52901834,SAMN52901834,,AMC1876,Wastewater treatment plant [ENVO:00002272],Not Applicable [GENEPIO:0001619],2023-05-03,Canada:British Columbia,,,,,,,,,Enterococcus faecalis
52901833,SAMN52901833,,AMC1874,Wastewater treatment plant [ENVO:00002272],Not Applicable [GENEPIO:0001619],2023-05-03,Canada:British Columbia,,,,,,,,,Enterococcus faecalis
52901832,SAMN52901832,,AMC1873,Wastewater treatment plant [ENVO:00002272],Not Applicable [GENEPIO:0001619],2023-05-03,Canada:British Columbia,,,,,,,,,Enterococcus faecalis
52901831,SAMN52901831,,AMC1850,Bos taurus [NCBITaxon:9913]; Fecal composite [GENEPIO:0004512]; Animal pen [ENVO:03501387]; Dairy farm [ENVO:03501416],Bos taurus [NCBITaxon:9913],2023-05-02,Canada:British Columbia,,,,,,,,,Enterococcus faecalis
52901830,SAMN52901830,,AMC1842,Dairy farm [ENVO:03501416]; Manure pit [ENVO:01001872]; Bos taurus [NCBITaxon:9913]; Fecal composite [GENEPIO:0004512],Bos taurus [NCBITaxon:9913],2023-05-02,Canada:British Columbia,,,,,,,,,Enterococcus faecalis
52901829,SAMN52901829,,AMC1778,Wastewater treatment plant [ENVO:00002272],Not Applicable [GENEPIO:0001619],2023-04-18,Canada:British Columbia,,,,,,,,,Enterococcus faecalis
52901828,SAMN52901828,,AMC1760,Creek [ENVO:03501405]; Dairy farm [ENVO:03501416],Not Applicable [GENEPIO:0001619],2023-04-17,Canada:British Columbia,,,,,,,,,Enterococcus faecalis
52901827,SAMN52901827,,AMC1730,Bos taurus [NCBITaxon:9913]; Fecal composite [GENEPIO:0004512]; Animal pen [ENVO:03501387]; Dairy farm [ENVO:03501416],Bos taurus [NCBITaxon:9913],2023-04-17,Canada:British Columbia,,,,,,,,,Enterococcus faecalis
52901826,SAMN52901826,,AMC1540,Wastewater treatment plant [ENVO:00002272],Not Applicable [GENEPIO:0001619],2023-02-21,Canada:British Columbia,,,,,,,,,Enterococcus faecalis
52901825,SAMN52901825,,AMC1539,Wastewater treatment plant [ENVO:00002272],Not Applicable [GENEPIO:0001619],2023-02-21,Canada:British Columbia,,,,,,,,,Enterococcus faecalis
52901824,SAMN52901824,,AMC1538,Wastewater treatment plant [ENVO:00002272],Not Applicable [GENEPIO:0001619],2023-02-21,Canada:British Columbia,,,,,,,,,Enterococcus faecalis
52901823,SAMN52901823,,AMC1536,Wastewater treatment plant [ENVO:00002272],Not Applicable [GENEPIO:0001619],2023-02-21,Canada:British Columbia,,,,,,,,,Enterococcus faecalis
52901822,SAMN52901822,,AMC1535,Wastewater treatment plant [ENVO:00002272],Not Applicable [GENEPIO:0001619],2023-02-21,Canada:British Columbia,,,,,,,,,Enterococcus faecalis
52901821,SAMN52901821,,AMC1533,Wastewater treatment plant [ENVO:00002272],Not Applicable [GENEPIO:0001619],2023-02-21,Canada:British Columbia,,,,,,,,,Enterococcus faecalis
52901820,SAMN52901820,,AMC1480,Bos taurus [NCBITaxon:9913]; Fecal composite [GENEPIO:0004512]; Animal pen [ENVO:03501387]; Dairy farm [ENVO:03501416],Bos taurus [NCBITaxon:9913],2023-02-13,Canada:British Columbia,,,,,,,,,Enterococcus faecalis
52901819,SAMN52901819,,AMC1479,Bos taurus [NCBITaxon:9913]; Fecal composite [GENEPIO:0004512]; Animal pen [ENVO:03501387]; Dairy farm [ENVO:03501416],Bos taurus [NCBITaxon:9913],2023-02-13,Canada:British Columbia,,,,,,,,,Enterococcus faecalis
52901818,SAMN52901818,,AMC1413,Dairy farm [ENVO:03501416]; Manure pit [ENVO:01001872]; Bos taurus [NCBITaxon:9913]; Fecal composite [GENEPIO:0004512],Bos taurus [NCBITaxon:9913],2023-02-06,Canada:British Columbia,,,,,,,,,Enterococcus faecalis
52901817,SAMN52901817,,AMC1412,Dairy farm [ENVO:03501416]; Manure pit [ENVO:01001872]; Bos taurus [NCBITaxon:9913]; Fecal composite [GENEPIO:0004512],Bos taurus [NCBITaxon:9913],2023-02-06,Canada:British Columbia,,,,,,,,,Enterococcus faecalis
52901816,SAMN52901816,,AMC1398,Bos taurus [NCBITaxon:9913]; Fecal composite [GENEPIO:0004512]; Animal pen [ENVO:03501387]; Dairy farm [ENVO:03501416],Bos taurus [NCBITaxon:9913],2023-02-06,Canada:British Columbia,,,,,,,,,Enterococcus faecalis
52901815,SAMN52901815,,AMC1395,Bos taurus [NCBITaxon:9913]; Fecal composite [GENEPIO:0004512]; Animal pen [ENVO:03501387]; Dairy farm [ENVO:03501416],Bos taurus [NCBITaxon:9913],2023-02-06,Canada:British Columbia,,,,,,,,,Enterococcus faecalis
52901814,SAMN52901814,,AMC1375,Bos taurus [NCBITaxon:9913]; Fecal composite [GENEPIO:0004512]; Animal pen [ENVO:03501387]; Dairy farm [ENVO:03501416],Bos taurus [NCBITaxon:9913],2023-02-06,Canada:British Columbia,,,,,,,,,Enterococcus faecalis
52901813,SAMN52901813,,AMC1249,Dairy farm [ENVO:03501416]; Manure pit [ENVO:01001872]; Bos taurus [NCBITaxon:9913]; Fecal composite [GENEPIO:0004512],Bos taurus [NCBITaxon:9913],2022-11-14,Canada:British Columbia,,,,,,,,,Enterococcus faecalis
52901812,SAMN52901812,,AMC1189,Wastewater treatment plant [ENVO:00002272],Not Applicable [GENEPIO:0001619],2022-11-07,Canada:British Columbia,,,,,,,,,Enterococcus faecalis
52901811,SAMN52901811,,AMC1186,Wastewater treatment plant [ENVO:00002272],Not Applicable [GENEPIO:0001619],2022-11-07,Canada:British Columbia,,,,,,,,,Enterococcus faecalis
52901810,SAMN52901810,,AMC1184,Wastewater treatment plant [ENVO:00002272],Not Applicable [GENEPIO:0001619],2022-11-07,Canada:British Columbia,,,,,,,,,Enterococcus faecalis
52901809,SAMN52901809,,AMC1182,Wastewater treatment plant [ENVO:00002272],Not Applicable [GENEPIO:0001619],2022-11-07,Canada:British Columbia,,,,,,,,,Enterococcus faecalis
52901808,SAMN52901808,,AMC1181,Wastewater treatment plant [ENVO:00002272],Not Applicable [GENEPIO:0001619],2022-11-07,Canada:British Columbia,,,,,,,,,Enterococcus faecalis
52901807,SAMN52901807,,AMC1178,Wastewater treatment plant [ENVO:00002272],Not Applicable [GENEPIO:0001619],2022-11-07,Canada:British Columbia,,,,,,,,,Enterococcus faecalis
52901806,SAMN52901806,,AMC1158,Dairy farm [ENVO:03501416]; Manure pit [ENVO:01001872]; Bos taurus [NCBITaxon:9913]; Fecal composite [GENEPIO:0004512],Bos taurus [NCBITaxon:9913],2022-11-07,Canada:British Columbia,,,,,,,,,Enterococcus faecalis
52901805,SAMN52901805,,AMC1150,Bos taurus [NCBITaxon:9913]; Fecal composite [GENEPIO:0004512]; Animal pen [ENVO:03501387]; Dairy farm [ENVO:03501416],Bos taurus [NCBITaxon:9913],2022-11-07,Canada:British Columbia,,,,,,,,,Enterococcus faecalis
52901804,SAMN52901804,,AMC1081,Dairy farm [ENVO:03501416]; Manure pit [ENVO:01001872]; Bos taurus [NCBITaxon:9913]; Fecal composite [GENEPIO:0004512],Bos taurus [NCBITaxon:9913],2022-10-31,Canada:British Columbia,,,,,,,,,Enterococcus faecalis
52901803,SAMN52901803,,AMC1070,Bos taurus [NCBITaxon:9913]; Fecal composite [GENEPIO:0004512]; Animal pen [ENVO:03501387]; Dairy farm [ENVO:03501416],Bos taurus [NCBITaxon:9913],2022-10-31,Canada:British Columbia,,,,,,,,,Enterococcus faecalis
52901802,SAMN52901802,,AMC1057,Bos taurus [NCBITaxon:9913]; Fecal composite [GENEPIO:0004512]; Animal pen [ENVO:03501387]; Dairy farm [ENVO:03501416],Bos taurus [NCBITaxon:9913],2022-10-31,Canada:British Columbia,,,,,,,,,Enterococcus faecalis
52901801,SAMN52901801,,AMC1055,Wastewater treatment plant [ENVO:00002272],Not Applicable [GENEPIO:0001619],2022-10-31,Canada:British Columbia,,,,,,,,,Enterococcus faecalis
52901800,SAMN52901800,,AMC1054,Wastewater treatment plant [ENVO:00002272],Not Applicable [GENEPIO:0001619],2022-10-31,Canada:British Columbia,,,,,,,,,Enterococcus faecalis
52901799,SAMN52901799,,AMC1052,Wastewater treatment plant [ENVO:00002272],Not Applicable [GENEPIO:0001619],2022-10-31,Canada:British Columbia,,,,,,,,,Enterococcus faecalis
52901798,SAMN52901798,,AMC1050,Wastewater treatment plant [ENVO:00002272],Not Applicable [GENEPIO:0001619],2022-10-31,Canada:British Columbia,,,,,,,,,Enterococcus faecalis
52901797,SAMN52901797,,AMC1047,Creek [ENVO:03501405]; Dairy farm [ENVO:03501416],Not Applicable [GENEPIO:0001619],2022-10-31,Canada:British Columbia,,,,,,,,,Enterococcus faecalis
52901796,SAMN52901796,,AMC1045,Creek [ENVO:03501405]; Dairy farm [ENVO:03501416],Not Applicable [GENEPIO:0001619],2022-10-31,Canada:British Columbia,,,,,,,,,Enterococcus faecalis
54431048,SAMEA120862820,,,,,,,,,,,,,,,Enterococcus faecalis
54430611,SAMEA120862822,,,,,,,,,,,,,,,Enterococcus faecalis
54430259,SAMEA120862817,,,,,,,,,,,,,,,Enterococcus faecalis
54430225,SAMEA120862815,,,,,,,,,,,,,,,Enterococcus faecalis
54428999,SAMEA120862819,,,,,,,,,,,,,,,Enterococcus faecalis
54427248,SAMEA120862813,,,,,,,,,,,,,,,Enterococcus faecalis
54426851,SAMEA120862816,,,,,,,,,,,,,,,Enterococcus faecalis
54426785,SAMEA120862818,,,,,,,,,,,,,,,Enterococcus faecalis
54425663,SAMEA120862823,,,,,,,,,,,,,,,Enterococcus faecalis
54425623,SAMEA120862821,,,,,,,,,,,,,,,Enterococcus faecalis
54425478,SAMEA120862824,,,,,,,,,,,,,,,Enterococcus faecalis
54425000,SAMEA120862825,,,,,,,,,,,,,,,Enterococcus faecalis
54424111,SAMEA120862812,,,,,,,,,,,,,,,Enterococcus faecalis
49098762,SAMN49098762,,3137-1D,missing,Gyps fulvus,missing,Spain,,,,,,,,,Enterococcus faecalis
49098761,SAMN49098761,,3126-2A,missing,Gyps fulvus,missing,Spain,,,,,,,,,Enterococcus faecalis
49098760,SAMN49098760,,2381-2C,missing,Gyps fulvus,missing,Spain,,,,,,,,,Enterococcus faecalis
49098759,SAMN49098759,,841-1C,missing,Gyps fulvus,missing,Spain,,,,,,,,,Enterococcus faecalis
49098758,SAMN49098758,,835-1B,missing,Gyps fulvus,missing,Spain,,,,,,,,,Enterococcus faecalis
49098757,SAMN49098757,,814-1A,missing,Gyps fulvus,missing,Spain,,,,,,,,,Enterococcus faecalis
49098756,SAMN49098756,,3140-2B,missing,Gyps fulvus,missing,Spain,,,,,,,,,Enterococcus faecalis
49098755,SAMN49098755,,3128-1B,missing,Gyps fulvus,missing,Spain,,,,,,,,,Enterococcus faecalis
49098754,SAMN49098754,,2508-1C,missing,Gyps fulvus,missing,Spain,,,,,,,,,Enterococcus faecalis
49098753,SAMN49098753,,2501-2D,missing,Gyps fulvus,missing,Spain,,,,,,,,,Enterococcus faecalis
49098752,SAMN49098752,,2378-1A,missing,Gyps fulvus,missing,Spain,,,,,,,,,Enterococcus faecalis
49098751,SAMN49098751,,837-2A,missing,Gyps fulvus,missing,Spain,,,,,,,,,Enterococcus faecalis
49098750,SAMN49098750,,832-1A,missing,Gyps fulvus,missing,Spain,,,,,,,,,Enterococcus faecalis
49098749,SAMN49098749,,828-1B,missing,Gyps fulvus,missing,Spain,,,,,,,,,Enterococcus faecalis
49098748,SAMN49098748,,827-2B,missing,Gyps fulvus,missing,Spain,,,,,,,,,Enterococcus faecalis
49098747,SAMN49098747,,825-1C,missing,Gyps fulvus,missing,Spain,,,,,,,,,Enterococcus faecalis
49098746,SAMN49098746,,824-1A,missing,Gyps fulvus,missing,Spain,,,,,,,,,Enterococcus faecalis
49098745,SAMN49098745,,822-2A,missing,Gyps fulvus,missing,Spain,,,,,,,,,Enterococcus faecalis
49098744,SAMN49098744,,820-1A,missing,Gyps fulvus,missing,Spain,,,,,,,,,Enterococcus faecalis
46183454,SAMN46183454,,ENT0384,,,2020-08-24,Canada:Quebec,,,,,GCA_054654145.1,Contig,,ftp://ftp.ncbi.nlm.nih.gov/genomes/all/GCA/054/654/145/GCA_054654145.1_PDT003064036.1,Enterococcus faecalis
46183453,SAMN46183453,,ENT0383,,,2020-08-24,Canada:Quebec,,,,,GCA_054654155.1,Contig,,ftp://ftp.ncbi.nlm.nih.gov/genomes/all/GCA/054/654/155/GCA_054654155.1_PDT003064037.1,Enterococcus faecalis
46183452,SAMN46183452,,ENT0382,,,2020-08-24,Canada:Quebec,,,,,GCA_054654075.1,Contig,,ftp://ftp.ncbi.nlm.nih.gov/genomes/all/GCA/054/654/075/GCA_054654075.1_PDT003064038.1,Enterococcus faecalis
46183451,SAMN46183451,,ENT0381,,,2020-08-24,Canada:Quebec,,,,,GCA_054654025.1,Contig,,ftp://ftp.ncbi.nlm.nih.gov/genomes/all/GCA/054/654/025/GCA_054654025.1_PDT003064039.1,Enterococcus faecalis
46183450,SAMN46183450,,ENT0380,,,2020-08-24,Canada:Quebec,,,,,GCA_054654895.1,Contig,,ftp://ftp.ncbi.nlm.nih.gov/genomes/all/GCA/054/654/895/GCA_054654895.1_PDT003064028.1,Enterococcus faecalis
46183449,SAMN46183449,,ENT0379,,,2020-08-24,Canada:Quebec,,,,,GCA_054654455.1,Contig,,ftp://ftp.ncbi.nlm.nih.gov/genomes/all/GCA/054/654/455/GCA_054654455.1_PDT003064029.1,Enterococcus faecalis
46183448,SAMN46183448,,ENT0378,,,2020-08-24,Canada:Quebec,,,,,GCA_054654405.1,Contig,,ftp://ftp.ncbi.nlm.nih.gov/genomes/all/GCA/054/654/405/GCA_054654405.1_PDT003064030.1,Enterococcus faecalis
46183447,SAMN46183447,,ENT0377,,,2020-08-24,Canada:Quebec,,,,,GCA_054654395.1,Contig,,ftp://ftp.ncbi.nlm.nih.gov/genomes/all/GCA/054/654/395/GCA_054654395.1_PDT003064031.1,Enterococcus faecalis
46183446,SAMN46183446,,ENT0376,,,2020-08-24,Canada:Quebec,,,,,GCA_054654315.1,Contig,,ftp://ftp.ncbi.nlm.nih.gov/genomes/all/GCA/054/654/315/GCA_054654315.1_PDT003064032.1,Enterococcus faecalis
46183445,SAMN46183445,,ENT0373,,,2020-08-24,Canada:Quebec,,,,,GCA_054654285.1,Contig,,ftp://ftp.ncbi.nlm.nih.gov/genomes/all/GCA/054/654/285/GCA_054654285.1_PDT003064033.1,Enterococcus faecalis
46183444,SAMN46183444,,ENT0016,,,2020-07-13,Canada:Quebec,,,,,GCA_054654335.1,Contig,,ftp://ftp.ncbi.nlm.nih.gov/genomes/all/GCA/054/654/335/GCA_054654335.1_PDT003064034.1,Enterococcus faecalis
46183443,SAMN46183443,,ENT0015,,,2020-07-13,Canada:Quebec,,,,,GCA_054654195.1,Contig,,ftp://ftp.ncbi.nlm.nih.gov/genomes/all/GCA/054/654/195/GCA_054654195.1_PDT003064035.1,Enterococcus faecalis
46183442,SAMN46183442,,ENT0014,,,2020-07-13,Canada:Quebec,,,,,GCA_054654035.1,Contig,,ftp://ftp.ncbi.nlm.nih.gov/genomes/all/GCA/054/654/035/GCA_054654035.1_PDT003064040.1,Enterococcus faecalis
45828200,SAMN45828200,,,swine feces,,2004,USA:Texas,,,,,,,,,Enterococcus faecalis
45828197,SAMN45828197,,,swine feces,,2004,USA:Texas,,,,,,,,,Enterococcus faecalis
45828195,SAMN45828195,,,wastewater,,2004,USA:Texas,,,,,,,,,Enterococcus faecalis
45828194,SAMN45828194,,,wastewater,,2004,USA:Texas,,,,,,,,,Enterococcus faecalis
45828185,SAMN45828185,,,wastewater,,2004,USA:Texas,,,,,,,,,Enterococcus faecalis
45828179,SAMN45828179,,,wastewater,,2004,USA:Texas,,,,,,,,,Enterococcus faecalis
45828176,SAMN45828176,,,wastewater,,2004,USA:Texas,,,,,,,,,Enterococcus faecalis
54396374,SAMEA115941211,,HUB-H020981,blood,,,,,,,,,,,,Enterococcus faecalis
54396319,SAMEA115941228,,HUB-H028897,blood,,,,,,,,,,,,Enterococcus faecalis
54395571,SAMEA115941209,,HUB-H018403,blood,,,,,,,,,,,,Enterococcus faecalis
54395422,SAMEA115941238,,HUB-H034181,blood,,,,,,,,,,,,Enterococcus faecalis
54395295,SAMEA115941216,,HUB-H026335,blood,,,,,,,,,,,,Enterococcus faecalis
54395054,SAMEA115941220,,HUB-H028278,blood,,,,,,,,,,,,Enterococcus faecalis
54394810,SAMEA115941222,,HUB-H027809,blood,,,,,,,,,,,,Enterococcus faecalis
54394507,SAMEA115941230,,HUB-H030446,blood,,,,,,,,,,,,Enterococcus faecalis
54394303,SAMEA115941204,,HUB-H017228,blood,,,,,,,,,,,,Enterococcus faecalis
54393929,SAMEA115941213,,HUB-H024623,blood,,,,,,,,,,,,Enterococcus faecalis
54393554,SAMEA115941210,,HUB-H020785,blood,,,,,,,,,,,,Enterococcus faecalis
54393547,SAMEA115941202,,HUB-H017331,blood,,,,,,,,,,,,Enterococcus faecalis
54393194,SAMEA115941208,,HUB-H020255,blood,,,,,,,,,,,,Enterococcus faecalis
54393021,SAMEA115941234,,HUB-H0323231,blood,,,,,,,,,,,,Enterococcus faecalis
54392991,SAMEA115941229,,HUB-H029054,blood,,,,,,,,,,,,Enterococcus faecalis
54392901,SAMEA115941226,,HUB-H030398,Abscess pus,,,,,,,,,,,,Enterococcus faecalis
54392556,SAMEA115941201,,HUB-H014267,blood,,,,,,,,,,,,Enterococcus faecalis
54392400,SAMEA115941214,,HUB-H025707,blood,,,,,,,,,,,,Enterococcus faecalis
54392259,SAMEA115941237,,HUB-H036442,blood,,,,,,,,,,,,Enterococcus faecalis
54392230,SAMEA115941221,,HUB-H027544,blood,,,,,,,,,,,,Enterococcus faecalis
54392228,SAMEA115941218,,HUB-H025118,blood,,,,,,,,,,,,Enterococcus faecalis
54391708,SAMEA115941233,,HUB-H032969,blood,,,,,,,,,,,,Enterococcus faecalis
54391703,SAMEA115941203,,HUB-H016504,blood,,,,,,,,,,,,Enterococcus faecalis
54391564,SAMEA115941219,,HUB-H026953,blood,,,,,,,,,,,,Enterococcus faecalis
54391487,SAMEA115941225,,HUB-H026930,blood,,,,,,,,,,,,Enterococcus faecalis
54391348,SAMEA115941205,,HUB-H016445,blood,,,,,,,,,,,,Enterococcus faecalis
54391310,SAMEA115941231,,HUB-H029173,blood,,,,,,,,,,,,Enterococcus faecalis
54391254,SAMEA115941224,,HUB-H026893,blood,,,,,,,,,,,,Enterococcus faecalis
54391214,SAMEA115941232,,HUB-H029714,blood,,,,,,,,,,,,Enterococcus faecalis
54391111,SAMEA115941206,,HUB-H018779,blood,,,,,,,,,,,,Enterococcus faecalis
54391069,SAMEA115941239,,HUB-H034729,blood,,,,,,,,,,,,Enterococcus faecalis
54390701,SAMEA115941207,,HUB-H018587,blood,,,,,,,,,,,,Enterococcus faecalis
54390644,SAMEA115941212,,HUB-H024143,blood,,,,,,,,,,,,Enterococcus faecalis
54390612,SAMEA115941215,,HUB-H025963,blood,,,,,,,,,,,,Enterococcus faecalis
54390592,SAMEA115941200,,HUB-H016041,blood,,,,,,,,,,,,Enterococcus faecalis
54390377,SAMEA115941235,,HUB-H033090,blood,,,,,,,,,,,,Enterococcus faecalis
54390319,SAMEA115941227,,HUB-H031061,blood,,,,,,,,,,,,Enterococcus faecalis
54390151,SAMEA115941217,,HUB-H025286,blood,,,,,,,,,,,,Enterococcus faecalis
54390111,SAMEA115941223,,HUB-H028374,blood,,,,,,,,,,,,Enterococcus faecalis
54390059,SAMEA115941199,,HUB-H013045,blood,,,,,,,,,,,,Enterococcus faecalis
54390033,SAMEA115941236,,HUB-H032255,blood,,,,,,,,,,,,Enterococcus faecalis
54389970,SAMEA115941198,,HUB-H013111,blood,,,,,,,,,,,,Enterococcus faecalis
54380074,SAMN54380074,,MB38v1b,urine,Homo sapiens,2024-07,"USA: Nashville, TN",,,,,GCF_054483095.1,Contig,ftp://ftp.ncbi.nlm.nih.gov/genomes/all/GCF/054/483/095/GCF_054483095.1_ASM5448309v1,ftp://ftp.ncbi.nlm.nih.gov/genomes/all/GCA/054/483/095/GCA_054483095.1_ASM5448309v1,Enterococcus faecalis
54380072,SAMN54380072,,MB36v2b,urine,Homo sapiens,2024-09,"USA: Nashville, TN",,,,,GCF_054483155.1,Contig,ftp://ftp.ncbi.nlm.nih.gov/genomes/all/GCF/054/483/155/GCF_054483155.1_ASM5448315v1,ftp://ftp.ncbi.nlm.nih.gov/genomes/all/GCA/054/483/155/GCA_054483155.1_ASM5448315v1,Enterococcus faecalis
54380070,SAMN54380070,,MB36v1b,urine,Homo sapiens,2024-06,"USA: Nashville, TN",,,,,,,,,Enterococcus faecalis
44533365,SAMN44533365,,ST861,rectal swab,Homo sapiens,2021-09-20,Tunisia,,,,,,,,,Enterococcus faecalis
44533364,SAMN44533364,,ST300,rectal swab,Homo sapiens,2017-04-04,Tunisia,,,,,GCA_054652615.1,Contig,,ftp://ftp.ncbi.nlm.nih.gov/genomes/all/GCA/054/652/615/GCA_054652615.1_PDT003064027.1,Enterococcus faecalis
40146220,SAMN40146220,,JLR.RB001,,Mus musculus,2018,USA: Salt Lake City,,,,,,,,,Enterococcus faecalis
54353718,SAMN54353718,,AUSMDU00123440,human,Homo sapiens,2025-09-29,Australia:Victoria,,,,,,,,,Enterococcus faecalis
54353579,SAMN54353579,,AUSMDU00120250,human,Homo sapiens,2025-07-06,Australia:Victoria,,,,,,,,,Enterococcus faecalis
47733790,SAMN47733790,,,,,missing,missing,,,,,,,,,Enterococcus faecalis
47733789,SAMN47733789,,,,,missing,missing,,,,,,,,,Enterococcus faecalis
47733788,SAMN47733788,,,,,missing,missing,,,,,,,,,Enterococcus faecalis
47733787,SAMN47733787,,,,,missing,missing,,,,,,,,,Enterococcus faecalis
54293252,SAMEA120848325,,,human gut metagenome,,,,,,,,,,,,Enterococcus faecalis
54292788,SAMEA120849128,,,human gut metagenome,,,,,,,,,,,,Enterococcus faecalis
53839681,SAMN53839681,,GIFTE17,,Nile Tilapia,2024,Bangladesh,,,,,,,,,Enterococcus faecalis
53802719,SAMN53802719,,GIFTE22,,Oreochromis niloticus (Nile tilapia),2025-08-05,Bangladesh,,,,,GCF_054111345.1,Contig,ftp://ftp.ncbi.nlm.nih.gov/genomes/all/GCF/054/111/345/GCF_054111345.1_ASM5411134v1,ftp://ftp.ncbi.nlm.nih.gov/genomes/all/GCA/054/111/345/GCA_054111345.1_ASM5411134v1,Enterococcus faecalis
54173867,SAMN54173867,,VRE38538,urine,Homo sapiens,2024,"USA: Pittsburgh, PA",,,,,GCA_054066395.1,Contig,,ftp://ftp.ncbi.nlm.nih.gov/genomes/all/GCA/054/066/395/GCA_054066395.1_PDT003029067.1,Enterococcus faecalis
54173725,SAMN54173725,,VRE38512,wound,Homo sapiens,2024,"USA: Pittsburgh, PA",,,,,GCA_054067275.1,Contig,,ftp://ftp.ncbi.nlm.nih.gov/genomes/all/GCA/054/067/275/GCA_054067275.1_PDT003028955.1,Enterococcus faecalis
54169957,SAMN54169957,,VRE38688,not collected,Homo sapiens,2025,"USA: Pittsburgh, PA",,,,,GCA_054079555.1,Contig,,ftp://ftp.ncbi.nlm.nih.gov/genomes/all/GCA/054/079/555/GCA_054079555.1_PDT003028873.1,Enterococcus faecalis
54169903,SAMN54169903,,VRE38679,blood,Homo sapiens,2025,"USA: Pittsburgh, PA",,,,,GCA_054080305.1,Contig,,ftp://ftp.ncbi.nlm.nih.gov/genomes/all/GCA/054/080/305/GCA_054080305.1_PDT003028801.1,Enterococcus faecalis
54165028,SAMEA116304607,,,,,,,,,,,,,,,Enterococcus faecalis
54162090,SAMEA116304200,,,,,,,,,,,,,,,Enterococcus faecalis
54159489,SAMEA116304671,,,,,,,,,,,,,,,Enterococcus faecalis
54158714,SAMEA116304647,,,,,,,,,,,,,,,Enterococcus faecalis
54146019,SAMN54146019,,VRE37712,urine,Homo sapiens,2021,"USA: Pittsburgh, PA",,,,,,,,,Enterococcus faecalis
54118642,SAMN54118642,,,blood,Homo sapiens,2024,Canada: Winnipeg,,,,,GCA_054133695.1,Contig,,ftp://ftp.ncbi.nlm.nih.gov/genomes/all/GCA/054/133/695/GCA_054133695.1_PDT003035824.1,Enterococcus faecalis
54118608,SAMN54118608,,,blood,Homo sapiens,2025,Canada: Winnipeg,,,,,,,,,Enterococcus faecalis
54118591,SAMN54118591,,,blood,Homo sapiens,2025,Canada: Winnipeg,,,,,,,,,Enterococcus faecalis
54118559,SAMN54118559,,,blood,Homo sapiens,2025,Canada: Winnipeg,,,,,,,,,Enterococcus faecalis
54118550,SAMN54118550,,,blood,Homo sapiens,2024,Canada: Winnipeg,,,,,GCA_054151835.1,Contig,,ftp://ftp.ncbi.nlm.nih.gov/genomes/all/GCA/054/151/835/GCA_054151835.1_PDT003035832.1,Enterococcus faecalis
54118498,SAMN54118498,,,blood,Homo sapiens,2024,Canada: Winnipeg,,,,,,,,,Enterococcus faecalis
54118465,SAMN54118465,,,blood,Homo sapiens,2024,Canada: Winnipeg,,,,,GCA_054152075.1,Contig,,ftp://ftp.ncbi.nlm.nih.gov/genomes/all/GCA/054/152/075/GCA_054152075.1_PDT003035713.1,Enterococcus faecalis
54118444,SAMN54118444,,,blood,Homo sapiens,2024,Canada: Winnipeg,,,,,,,,,Enterococcus faecalis
49968759,SAMN49968759,,1001,blood,Homo sapiens,2024-09-01,Italy:Catania,,,,,,,,,Enterococcus faecalis
49968754,SAMN49968754,,61,stool,Homo sapiens,2023-01-22,Italy:Catania,,,,,,,,,Enterococcus faecalis
49968748,SAMN49968748,,P462,blood,Homo sapiens,2023-05-24,Italy:Palermo,,,,,,,,,Enterococcus faecalis
49968743,SAMN49968743,,P53,urine,Homo sapiens,2022-05-03,Italy:Palermo,,,,,,,,,Enterococcus faecalis
49968741,SAMN49968741,,P99,blood,Homo sapiens,2022-07-06,Italy:Palermo,,,,,,,,,Enterococcus faecalis
49968733,SAMN49968733,,2580,blood,Homo sapiens,2023-12-27,Italy:Milan,,,,,,,,,Enterococcus faecalis
49968732,SAMN49968732,,1543,cerebrospinal fluid,Homo sapiens,2023-12-27,Italy:Milan,,,,,,,,,Enterococcus faecalis
49968731,SAMN49968731,,871,blood,Homo sapiens,2023-12-27,Italy:Milan,,,,,,,,,Enterococcus faecalis
49968730,SAMN49968730,,1549,blood,Homo sapiens,2023-12-27,Italy:Milan,,,,,,,,,Enterococcus faecalis
49968729,SAMN49968729,,1679,blood,Homo sapiens,2023-12-27,Italy:Milan,,,,,,,,,Enterococcus faecalis
49968713,SAMN49968713,,53,stool,Homo sapiens,2023-01-20,Italy:Catania,,,,,,,,,Enterococcus faecalis
49968712,SAMN49968712,,52,Uurine,Homo sapiens,2023-01-21,Italy:Catania,,,,,,,,,Enterococcus faecalis
49968711,SAMN49968711,,47,Drainage fluid,Homo sapiens,2023-01-20,Italy:Catania,,,,,,,,,Enterococcus faecalis
49968710,SAMN49968710,,36,stool,Homo sapiens,2022-11-19,Italy:Catania,,,,,,,,,Enterococcus faecalis
49968709,SAMN49968709,,21,urine,Homo sapiens,2022-12-13,Italy:Catania,,,,,,,,,Enterococcus faecalis
53774111,SAMEA120791337,,,human gut metagenome,,,,,,,,,,,,Enterococcus faecalis
37705113,SAMN37705113,,UMB8151,void urine,Homo sapiens,,"USA: Maywood, IL",,,,,GCF_032840315.1,Contig,ftp://ftp.ncbi.nlm.nih.gov/genomes/all/GCF/032/840/315/GCF_032840315.1_ASM3284031v1,ftp://ftp.ncbi.nlm.nih.gov/genomes/all/GCA/032/840/315/GCA_032840315.1_ASM3284031v1,Enterococcus faecalis
37705112,SAMN37705112,,UMB8024,void urine,Homo sapiens,,"USA: Maywood, IL",,,,,GCF_032840215.1,Contig,ftp://ftp.ncbi.nlm.nih.gov/genomes/all/GCF/032/840/215/GCF_032840215.1_ASM3284021v1,ftp://ftp.ncbi.nlm.nih.gov/genomes/all/GCA/032/840/215/GCA_032840215.1_ASM3284021v1,Enterococcus faecalis
37705111,SAMN37705111,,UMB7799,void urine,Homo sapiens,,"USA: Maywood, IL",,,,,GCF_032840195.1,Contig,ftp://ftp.ncbi.nlm.nih.gov/genomes/all/GCF/032/840/195/GCF_032840195.1_ASM3284019v1,ftp://ftp.ncbi.nlm.nih.gov/genomes/all/GCA/032/840/195/GCA_032840195.1_ASM3284019v1,Enterococcus faecalis
37705101,SAMN37705101,,UMB7969,void urine,Homo sapiens,,"USA: Maywood, IL",,,,,GCF_032840815.1,Contig,ftp://ftp.ncbi.nlm.nih.gov/genomes/all/GCF/032/840/815/GCF_032840815.1_ASM3284081v1,ftp://ftp.ncbi.nlm.nih.gov/genomes/all/GCA/032/840/815/GCA_032840815.1_ASM3284081v1,Enterococcus faecalis
37705110,SAMN37705110,,UMB7589,void urine,Homo sapiens,,"USA: Maywood, IL",,,,,GCF_032840335.1,Contig,ftp://ftp.ncbi.nlm.nih.gov/genomes/all/GCF/032/840/335/GCF_032840335.1_ASM3284033v1,ftp://ftp.ncbi.nlm.nih.gov/genomes/all/GCA/032/840/335/GCA_032840335.1_ASM3284033v1,Enterococcus faecalis
37705100,SAMN37705100,,UMB6804,void urine,Homo sapiens,,"USA: Maywood, IL",,,,,GCF_032840675.1,Contig,ftp://ftp.ncbi.nlm.nih.gov/genomes/all/GCF/032/840/675/GCF_032840675.1_ASM3284067v1,ftp://ftp.ncbi.nlm.nih.gov/genomes/all/GCA/032/840/675/GCA_032840675.1_ASM3284067v1,Enterococcus faecalis
37705099,SAMN37705099,,UMB6396,Vaginal Swab,Homo sapiens,,"USA: Maywood, IL",,,,,GCF_032840855.1,Contig,ftp://ftp.ncbi.nlm.nih.gov/genomes/all/GCF/032/840/855/GCF_032840855.1_ASM3284085v1,ftp://ftp.ncbi.nlm.nih.gov/genomes/all/GCA/032/840/855/GCA_032840855.1_ASM3284085v1,Enterococcus faecalis
37705096,SAMN37705096,,UMB2312,Vaginal Swab,Homo sapiens,,"USA: Maywood, IL",,,,,GCF_032840995.1,Contig,ftp://ftp.ncbi.nlm.nih.gov/genomes/all/GCF/032/840/995/GCF_032840995.1_ASM3284099v1,ftp://ftp.ncbi.nlm.nih.gov/genomes/all/GCA/032/840/995/GCA_032840995.1_ASM3284099v1,Enterococcus faecalis
37705095,SAMN37705095,,UMB12474,Periurethral swab,Homo sapiens,,"USA: Maywood, IL",,,,,GCF_032841015.1,Contig,ftp://ftp.ncbi.nlm.nih.gov/genomes/all/GCF/032/841/015/GCF_032841015.1_ASM3284101v1,ftp://ftp.ncbi.nlm.nih.gov/genomes/all/GCA/032/841/015/GCA_032841015.1_ASM3284101v1,Enterococcus faecalis
37705094,SAMN37705094,,UMB12464,void urine,Homo sapiens,,"USA: Maywood, IL",,,,,GCF_032841075.1,Contig,ftp://ftp.ncbi.nlm.nih.gov/genomes/all/GCF/032/841/075/GCF_032841075.1_ASM3284107v1,ftp://ftp.ncbi.nlm.nih.gov/genomes/all/GCA/032/841/075/GCA_032841075.1_ASM3284107v1,Enterococcus faecalis
37705093,SAMN37705093,,UMB12405,Urethral swab,Homo sapiens,,"USA: Maywood, IL",,,,,GCF_032841115.1,Contig,ftp://ftp.ncbi.nlm.nih.gov/genomes/all/GCF/032/841/115/GCF_032841115.1_ASM3284111v1,ftp://ftp.ncbi.nlm.nih.gov/genomes/all/GCA/032/841/115/GCA_032841115.1_ASM3284111v1,Enterococcus faecalis
37705092,SAMN37705092,,UMB12351,Urethral swab,Homo sapiens,,"USA: Maywood, IL",,,,,GCF_032841095.1,Contig,ftp://ftp.ncbi.nlm.nih.gov/genomes/all/GCF/032/841/095/GCF_032841095.1_ASM3284109v1,ftp://ftp.ncbi.nlm.nih.gov/genomes/all/GCA/032/841/095/GCA_032841095.1_ASM3284109v1,Enterococcus faecalis
53505491,SAMN53505491,,FA2-2,Rif/Fus resistant mutant derived from plasmid-free strain JH2 (Jacob and Hobbs); common laboratory strain,,1973,United Kingdom,,,,,,,,,Enterococcus faecalis
47133008,SAMN47133008,,UMB10110,,Homo sapiens,,,,,,,GCF_048551115.1,Scaffold,ftp://ftp.ncbi.nlm.nih.gov/genomes/all/GCF/048/551/115/GCF_048551115.1_ASM4855111v1,ftp://ftp.ncbi.nlm.nih.gov/genomes/all/GCA/048/551/115/GCA_048551115.1_ASM4855111v1,Enterococcus faecalis
37705114,SAMN37705114,,UMB8244,void urine,Homo sapiens,,"USA: Maywood, IL",,,,,GCF_032840175.1,Contig,ftp://ftp.ncbi.nlm.nih.gov/genomes/all/GCF/032/840/175/GCF_032840175.1_ASM3284017v1,ftp://ftp.ncbi.nlm.nih.gov/genomes/all/GCA/032/840/175/GCA_032840175.1_ASM3284017v1,Enterococcus faecalis
37705102,SAMN37705102,,UMB8701,void urine,Homo sapiens,,"USA: Maywood, IL",,,,,GCF_032840655.1,Contig,ftp://ftp.ncbi.nlm.nih.gov/genomes/all/GCF/032/840/655/GCF_032840655.1_ASM3284065v1,ftp://ftp.ncbi.nlm.nih.gov/genomes/all/GCA/032/840/655/GCA_032840655.1_ASM3284065v1,Enterococcus faecalis
37705098,SAMN37705098,,UMB6324,Vaginal Swab,Homo sapiens,,"USA: Maywood, IL",,,,,GCF_032840795.1,Contig,ftp://ftp.ncbi.nlm.nih.gov/genomes/all/GCF/032/840/795/GCF_032840795.1_ASM3284079v1,ftp://ftp.ncbi.nlm.nih.gov/genomes/all/GCA/032/840/795/GCA_032840795.1_ASM3284079v1,Enterococcus faecalis
37705097,SAMN37705097,,UMB6007,Vaginal Swab,Homo sapiens,,"USA: Maywood, IL",,,,,GCF_032840895.1,Contig,ftp://ftp.ncbi.nlm.nih.gov/genomes/all/GCF/032/840/895/GCF_032840895.1_ASM3284089v1,ftp://ftp.ncbi.nlm.nih.gov/genomes/all/GCA/032/840/895/GCA_032840895.1_ASM3284089v1,Enterococcus faecalis
37705090,SAMN37705090,,UMB11929,Perineal Swab,Homo sapiens,,"USA: Maywood, IL",,,,,GCF_032841155.1,Contig,ftp://ftp.ncbi.nlm.nih.gov/genomes/all/GCF/032/841/155/GCF_032841155.1_ASM3284115v1,ftp://ftp.ncbi.nlm.nih.gov/genomes/all/GCA/032/841/155/GCA_032841155.1_ASM3284115v1,Enterococcus faecalis
37705089,SAMN37705089,,UMB10371,Urethral swab,Homo sapiens,,"USA: Maywood, IL",,,,,GCF_032841175.1,Contig,ftp://ftp.ncbi.nlm.nih.gov/genomes/all/GCF/032/841/175/GCF_032841175.1_ASM3284117v1,ftp://ftp.ncbi.nlm.nih.gov/genomes/all/GCA/032/841/175/GCA_032841175.1_ASM3284117v1,Enterococcus faecalis
53669587,SAMEA120782480,,KresLRE-1,blood,,,,,,,,GCA_053873395.1,Contig,,ftp://ftp.ncbi.nlm.nih.gov/genomes/all/GCA/053/873/395/GCA_053873395.1_PDT003013494.1,Enterococcus faecalis
53669565,SAMEA120782482,,KresLRE-20,Rectal swabs,,,,,,,,GCA_053873335.1,Contig,,ftp://ftp.ncbi.nlm.nih.gov/genomes/all/GCA/053/873/335/GCA_053873335.1_PDT003013496.1,Enterococcus faecalis
53669369,SAMEA120782486,,KresLRE-51,urine,,,,,,,,GCA_053873035.1,Contig,,ftp://ftp.ncbi.nlm.nih.gov/genomes/all/GCA/053/873/035/GCA_053873035.1_PDT003013498.1,Enterococcus faecalis
53668900,SAMEA120782483,,KresLRE-25,Clinical site other material,,,,,,,,GCA_053871715.1,Contig,,ftp://ftp.ncbi.nlm.nih.gov/genomes/all/GCA/053/871/715/GCA_053871715.1_PDT003013915.1,Enterococcus faecalis
53668798,SAMEA120782484,,KresLRE-30,Rectal swabs,,,,,,,,GCA_053872995.1,Contig,,ftp://ftp.ncbi.nlm.nih.gov/genomes/all/GCA/053/872/995/GCA_053872995.1_PDT003013500.1,Enterococcus faecalis
53668598,SAMEA120782485,,KresLRE-37,urine,,,,,,,,GCA_053873375.1,Contig,,ftp://ftp.ncbi.nlm.nih.gov/genomes/all/GCA/053/873/375/GCA_053873375.1_PDT003013497.1,Enterococcus faecalis
53668410,SAMEA120782479,,51271052,blood,,,,,,,,GCA_053873415.1,Contig,,ftp://ftp.ncbi.nlm.nih.gov/genomes/all/GCA/053/873/415/GCA_053873415.1_PDT003013493.1,Enterococcus faecalis
53668250,SAMEA120782481,,KresLRE-17,urine,,,,,,,,GCA_053873435.1,Contig,,ftp://ftp.ncbi.nlm.nih.gov/genomes/all/GCA/053/873/435/GCA_053873435.1_PDT003013495.1,Enterococcus faecalis
53646197,SAMN53646197,,,blood,Homo sapiens,2025,USA,,,,,GCA_053816245.1,Contig,,ftp://ftp.ncbi.nlm.nih.gov/genomes/all/GCA/053/816/245/GCA_053816245.1_PDT003009775.1,Enterococcus faecalis
53646196,SAMN53646196,,,blood,Homo sapiens,2025,USA,,,,,GCA_053816215.1,Contig,,ftp://ftp.ncbi.nlm.nih.gov/genomes/all/GCA/053/816/215/GCA_053816215.1_PDT003009776.1,Enterococcus faecalis
50304732,SAMN50304732,,Not Applicable,Input used in hydraulically fractured shales,Subsurface shale,2018,USA: Oklahoma,,,,,,,,,Enterococcus faecalis
53619620,SAMEA119874934,,,missing: third party data,,,,,,,,,,,,Enterococcus faecalis
53619141,SAMEA119898395,,,missing: third party data,,,,,,,,,,,,Enterococcus faecalis
53618946,SAMEA119907468,,,missing: third party data,,,,,,,,,,,,Enterococcus faecalis
53618758,SAMEA119902309,,,missing: third party data,,,,,,,,,,,,Enterococcus faecalis
53618714,SAMEA119925588,,,missing: third party data,,,,,,,,,,,,Enterococcus faecalis
53617276,SAMEA119892897,,,missing: third party data,,,,,,,,,,,,Enterococcus faecalis
53617197,SAMEA119892638,,,missing: third party data,,,,,,,,,,,,Enterococcus faecalis
53617114,SAMEA119910056,,,missing: third party data,,,,,,,,,,,,Enterococcus faecalis
53616868,SAMEA119879161,,,missing: third party data,,,,,,,,,,,,Enterococcus faecalis
53616690,SAMEA119903857,,,missing: third party data,,,,,,,,,,,,Enterococcus faecalis
53616486,SAMEA119910299,,,missing: third party data,,,,,,,,,,,,Enterococcus faecalis
53616244,SAMEA119889488,,,missing: third party data,,,,,,,,,,,,Enterococcus faecalis
53616076,SAMEA119902245,,,missing: third party data,,,,,,,,,,,,Enterococcus faecalis
53615315,SAMEA119922655,,,missing: third party data,,,,,,,,,,,,Enterococcus faecalis
53614729,SAMEA119909551,,,missing: third party data,,,,,,,,,,,,Enterococcus faecalis
53613929,SAMEA119910805,,,missing: third party data,,,,,,,,,,,,Enterococcus faecalis
53613189,SAMEA119908716,,,missing: third party data,,,,,,,,,,,,Enterococcus faecalis
53613042,SAMEA119922972,,,missing: third party data,,,,,,,,,,,,Enterococcus faecalis
53612348,SAMEA119903362,,,missing: third party data,,,,,,,,,,,,Enterococcus faecalis
53612238,SAMEA119910318,,,missing: third party data,,,,,,,,,,,,Enterococcus faecalis
53610325,SAMEA119904143,,,missing: third party data,,,,,,,,,,,,Enterococcus faecalis
53608784,SAMEA119896884,,,missing: third party data,,,,,,,,,,,,Enterococcus faecalis
53605028,SAMEA119904415,,,missing: third party data,,,,,,,,,,,,Enterococcus faecalis
53603443,SAMEA119966523,,,missing: third party data,,,,,,,,,,,,Enterococcus faecalis
53600289,SAMEA119883194,,,missing: third party data,,,,,,,,,,,,Enterococcus faecalis
53599112,SAMEA119939133,,,missing: third party data,,,,,,,,,,,,Enterococcus faecalis
53588026,SAMEA119952492,,,missing: third party data,,,,,,,,,,,,Enterococcus faecalis
53586822,SAMEA119912271,,,missing: third party data,,,,,,,,,,,,Enterococcus faecalis
53585277,SAMEA119897843,,,missing: third party data,,,,,,,,,,,,Enterococcus faecalis
54875852,SAMN54875852,,,mobile device,,2020-06,Germany: Frankfurt am Main,,,,,,,,,Enterococcus faecium
54875851,SAMN54875851,,,mobile device,,2020-06,Germany: Frankfurt am Main,,,,,,,,,Enterococcus faecium
54875850,SAMN54875850,,,mobile device,,2020-06,Germany: Frankfurt am Main,,,,,,,,,Enterococcus faecium
54875849,SAMN54875849,,,mobile device,,2020-06,Germany: Frankfurt am Main,,,,,,,,,Enterococcus faecium
54875848,SAMN54875848,,,mobile device,,2019-07,Germany: Frankfurt am Main,,,,,,,,,Enterococcus faecium
54875847,SAMN54875847,,,mobile device,,2019-07,Germany: Frankfurt am Main,,,,,,,,,Enterococcus faecium
54875846,SAMN54875846,,,mobile device,,2019-07,Germany: Frankfurt am Main,,,,,,,,,Enterococcus faecium
54875845,SAMN54875845,,,mobile device,,2019-07,Germany: Frankfurt am Main,,,,,,,,,Enterococcus faecium
54875844,SAMN54875844,,,mobile device,,2019-07,Germany: Frankfurt am Main,,,,,,,,,Enterococcus faecium
54875843,SAMN54875843,,,mobile device,,2019-07,Germany: Frankfurt am Main,,,,,,,,,Enterococcus faecium
54875842,SAMN54875842,,,mobile device,,2019-06,Germany: Frankfurt am Main,,,,,,,,,Enterococcus faecium
54875841,SAMN54875841,,,mobile device,,2019-06,Germany: Frankfurt am Main,,,,,,,,,Enterococcus faecium
54875840,SAMN54875840,,,mobile device,,2019-05,Germany: Frankfurt am Main,,,,,,,,,Enterococcus faecium
54875839,SAMN54875839,,,mobile device,,2019-05,Germany: Frankfurt am Main,,,,,,,,,Enterococcus faecium
54875838,SAMN54875838,,,mobile device,,2019-05,Germany: Frankfurt am Main,,,,,,,,,Enterococcus faecium
54875837,SAMN54875837,,,mobile device,,2019-05,Germany: Frankfurt am Main,,,,,,,,,Enterococcus faecium
54875836,SAMN54875836,,,mobile device,,2019-05,Germany: Frankfurt am Main,,,,,,,,,Enterococcus faecium
54875835,SAMN54875835,,,mobile device,,2019-05,Germany: Frankfurt am Main,,,,,,,,,Enterococcus faecium
54875834,SAMN54875834,,,mobile device,,2019-05,Germany: Frankfurt am Main,,,,,,,,,Enterococcus faecium
54875833,SAMN54875833,,,mobile device,,2018-05,Germany: Frankfurt am Main,,,,,,,,,Enterococcus faecium
54875832,SAMN54875832,,,mobile device,,2018-05,Germany: Frankfurt am Main,,,,,,,,,Enterococcus faecium
54875831,SAMN54875831,,,mobile device,,2018-05,Germany: Frankfurt am Main,,,,,,,,,Enterococcus faecium
54875830,SAMN54875830,,,mobile device,,2018-04,Germany: Frankfurt am Main,,,,,,,,,Enterococcus faecium
54875829,SAMN54875829,,,mobile device,,2018-03,Germany: Frankfurt am Main,,,,,,,,,Enterococcus faecium
54875828,SAMN54875828,,,mobile device,,2018-04,Germany: Frankfurt am Main,,,,,,,,,Enterococcus faecium
54875827,SAMN54875827,,,mobile device,,2018-04,Germany: Frankfurt am Main,,,,,,,,,Enterococcus faecium
54803515,SAMN54803515,,UMB10283,,Homo sapiens,,,,,,,,,,,Enterococcus faecium
54803490,SAMN54803490,,FSIS12642608,Animal-Swine-Sow (cecal),,2026,USA:VA,,,,,GCA_054656315.1,Contig,,ftp://ftp.ncbi.nlm.nih.gov/genomes/all/GCA/054/656/315/GCA_054656315.1_PDT003064286.1,Enterococcus faecium
54803419,SAMN54803419,,FSIS12642605,Animal-Cattle-Beef Cow (cecal),,2026,USA:CA,,,,,GCA_054656395.1,Contig,,ftp://ftp.ncbi.nlm.nih.gov/genomes/all/GCA/054/656/395/GCA_054656395.1_PDT003064284.1,Enterococcus faecium
54803413,SAMN54803413,,FSIS12642604,Animal-Swine-Market Swine (cecal),,2026,USA:TN,,,,,GCA_054656495.1,Contig,,ftp://ftp.ncbi.nlm.nih.gov/genomes/all/GCA/054/656/495/GCA_054656495.1_PDT003064278.1,Enterococcus faecium
54803377,SAMN54803377,,FSIS12642600,Animal-Swine-Sow (cecal),,2026,USA:TN,,,,,GCA_054656625.1,Contig,,ftp://ftp.ncbi.nlm.nih.gov/genomes/all/GCA/054/656/625/GCA_054656625.1_PDT003064269.1,Enterococcus faecium
54803376,SAMN54803376,,FSIS12642502,Animal-Cattle-Dairy Cow (cecal),,2025,USA:OK,,,,,GCA_054656635.1,Contig,,ftp://ftp.ncbi.nlm.nih.gov/genomes/all/GCA/054/656/635/GCA_054656635.1_PDT003064271.1,Enterococcus faecium
54803284,SAMN54803284,,FSIS12642496,Animal-Cattle-Steer (cecal),,2025,USA:KS,,,,,,,,,Enterococcus faecium
54798594,SAMN54798594,,A115_1,outpatient,,2025-03-17,China: Zhejiang,,,,,,,,,Enterococcus faecium
54798592,SAMN54798592,,A110_8,outpatient,,2025-03-17,China: Zhejiang,,,,,,,,,Enterococcus faecium
54798591,SAMN54798591,,A110_5,outpatient,,2025-03-17,China: Zhejiang,,,,,,,,,Enterococcus faecium
54798590,SAMN54798590,,A105_5,outpatient,,2025-03-17,China: Zhejiang,,,,,,,,,Enterococcus faecium
54798589,SAMN54798589,,A104_2,outpatient,,2025-03-17,China: Zhejiang,,,,,,,,,Enterococcus faecium
54798588,SAMN54798588,,A103_7,outpatient,,2025-03-17,China: Zhejiang,,,,,,,,,Enterococcus faecium
54798587,SAMN54798587,,A103_5,outpatient,,2025-03-17,China: Zhejiang,,,,,,,,,Enterococcus faecium
54798586,SAMN54798586,,A98_8,outpatient,,2024-12-27,China: Zhejiang,,,,,,,,,Enterococcus faecium
54798585,SAMN54798585,,A98_4,outpatient,,2024-12-27,China: Zhejiang,,,,,,,,,Enterococcus faecium
54798584,SAMN54798584,,A94_8,outpatient,,2024-12-27,China: Zhejiang,,,,,,,,,Enterococcus faecium
54798583,SAMN54798583,,A90_8,emergency,,2024-12-27,China: Zhejiang,,,,,,,,,Enterococcus faecium
54798582,SAMN54798582,,A90_3,emergency,,2024-12-27,China: Zhejiang,,,,,,,,,Enterococcus faecium
54798580,SAMN54798580,,A87_3,emergency,,2024-12-27,China: Zhejiang,,,,,,,,,Enterococcus faecium
54798579,SAMN54798579,,A86_6,emergency,,2024-12-27,China: Zhejiang,,,,,,,,,Enterococcus faecium
54798578,SAMN54798578,,A85_3,outpatient,,2024-12-27,China: Zhejiang,,,,,,,,,Enterococcus faecium
54798577,SAMN54798577,,A84_8,outpatient,,2024-12-27,China: Zhejiang,,,,,,,,,Enterococcus faecium
54798576,SAMN54798576,,A83_3,outpatient,,2024-12-27,China: Zhejiang,,,,,,,,,Enterococcus faecium
54798575,SAMN54798575,,A83_2,outpatient,,2024-12-27,China: Zhejiang,,,,,,,,,Enterococcus faecium
54798574,SAMN54798574,,A83_1,outpatient,,2024-12-27,China: Zhejiang,,,,,,,,,Enterococcus faecium
54798573,SAMN54798573,,A82_8,outpatient,,2024-12-27,China: Zhejiang,,,,,,,,,Enterococcus faecium
54798572,SAMN54798572,,A82_7,outpatient,,2024-12-27,China: Zhejiang,,,,,,,,,Enterococcus faecium
54798571,SAMN54798571,,A82_2,outpatient,,2024-12-27,China: Zhejiang,,,,,,,,,Enterococcus faecium
54798570,SAMN54798570,,A78_6,outpatient,,2024-12-27,China: Zhejiang,,,,,,,,,Enterococcus faecium
54798569,SAMN54798569,,A78_4,outpatient,,2024-12-27,China: Zhejiang,,,,,,,,,Enterococcus faecium
54798568,SAMN54798568,,A78_3,outpatient,,2024-12-27,China: Zhejiang,,,,,,,,,Enterococcus faecium
54798567,SAMN54798567,,A77_1,emergency,,2024-12-27,China: Zhejiang,,,,,,,,,Enterococcus faecium
54798566,SAMN54798566,,A76_7,emergency,,2024-12-27,China: Zhejiang,,,,,,,,,Enterococcus faecium
54798565,SAMN54798565,,A76_2,emergency,,2024-12-27,China: Zhejiang,,,,,,,,,Enterococcus faecium
54798564,SAMN54798564,,A70_7,emergency,,2024-12-27,China: Zhejiang,,,,,,,,,Enterococcus faecium
54798563,SAMN54798563,,A58_4,emergency,,2024-12-27,China: Zhejiang,,,,,,,,,Enterococcus faecium
54798561,SAMN54798561,,A51_5,emergency,,2024-12-27,China: Zhejiang,,,,,,,,,Enterococcus faecium
54798560,SAMN54798560,,A50_7,emergency,,2024-12-27,China: Zhejiang,,,,,,,,,Enterococcus faecium
54798559,SAMN54798559,,A50_6,emergency,,2024-12-27,China: Zhejiang,,,,,,,,,Enterococcus faecium
54798558,SAMN54798558,,A27_1,emergency,,2024-12-27,China: Zhejiang,,,,,,,,,Enterococcus faecium
54798557,SAMN54798557,,A19_3,outpatient,,2024-12-27,China: Zhejiang,,,,,,,,,Enterococcus faecium
54773705,SAMN54773705,,BM4105RF-LTVRE-4,,Homo sapiens,2025,China,,,,,,,,,Enterococcus faecium
54773704,SAMN54773704,,BM4105RF-LTVRE-3,,Homo sapiens,2025,China,,,,,,,,,Enterococcus faecium
54773703,SAMN54773703,,BM4105RF-LTVRE-2,,Homo sapiens,2025,China,,,,,,,,,Enterococcus faecium
54773702,SAMN54773702,,BM4105RF-LTVRE-1,,Homo sapiens,2025,China,,,,,,,,,Enterococcus faecium
54773701,SAMN54773701,,LTVRE-03,,Homo sapiens,2025,China,,,,,,,,,Enterococcus faecium
54773700,SAMN54773700,,LTVRE-02,,Homo sapiens,2024,China,,,,,,,,,Enterococcus faecium
54773699,SAMN54773699,,LTVRE-01,,Homo sapiens,2024,China,,,,,,,,,Enterococcus faecium
46890160,SAMN46890160,,,stool,,not applicable,missing,,,,,,,,,Enterococcus faecium
46889774,SAMN46889774,,,stool,,not applicable,missing,,,,,,,,,Enterococcus faecium
54706158,SAMN54706158,,X74659-Efm,not collected,Homo sapiens,2018-11-18,USA:Detroit,,,,,,,,,Enterococcus faecium
54706157,SAMN54706157,,X68934-Efm,not collected,Homo sapiens,2019-06-09,USA:Detroit,,,,,,,,,Enterococcus faecium
54706156,SAMN54706156,,X41440-Efm,not collected,Homo sapiens,2019-01-20,USA:Detroit,,,,,,,,,Enterococcus faecium
54706155,SAMN54706155,,X30682-Efm,not collected,Homo sapiens,2019-01-06,USA:Detroit,,,,,,,,,Enterococcus faecium
54706154,SAMN54706154,,X30419-Efm,not collected,Homo sapiens,2019-04-21,USA:Detroit,,,,,,,,,Enterococcus faecium
54706153,SAMN54706153,,X29559-Efm,not collected,Homo sapiens,2018-05-21,USA:Detroit,,,,,,,,,Enterococcus faecium
54706152,SAMN54706152,,X28544-Efm,not collected,Homo sapiens,2018-05-20,USA:Detroit,,,,,,,,,Enterococcus faecium
54706151,SAMN54706151,,X24454-Efm,not collected,Homo sapiens,2018-01-28,USA:Detroit,,,,,,,,,Enterococcus faecium
54706150,SAMN54706150,,X24376-Efm,not collected,Homo sapiens,2019-08-04,USA:Detroit,,,,,,,,,Enterococcus faecium
54706149,SAMN54706149,,X19535-Efm,not collected,Homo sapiens,2019-04-07,USA:Detroit,,,,,,,,,Enterococcus faecium
54706148,SAMN54706148,,W79062-Efm,not collected,Homo sapiens,2018-09-12,USA:Detroit,,,,,,,,,Enterococcus faecium
54706147,SAMN54706147,,W73303-Efm,not collected,Homo sapiens,2019-02-06,USA:Detroit,,,,,,,,,Enterococcus faecium
54706146,SAMN54706146,,W59510-Efm,not collected,Homo sapiens,2018-03-21,USA:Detroit,,,,,,,,,Enterococcus faecium
54706145,SAMN54706145,,W48342-2-Efm,not collected,Homo sapiens,2020-02-05,USA:Detroit,,,,,,,,,Enterococcus faecium
54706144,SAMN54706144,,W48342-1-Efm,not collected,Homo sapiens,2020-02-05,USA:Detroit,,,,,,,,,Enterococcus faecium
54706143,SAMN54706143,,W36940-Efm,not collected,Homo sapiens,2019-03-20,USA:Detroit,,,,,,,,,Enterococcus faecium
54706142,SAMN54706142,,W27104-Efm,not collected,Homo sapiens,2019-08-14,USA:Detroit,,,,,,,,,Enterococcus faecium
54706141,SAMN54706141,,T83345-Efm,not collected,Homo sapiens,2019-06-11,USA:Detroit,,,,,,,,,Enterococcus faecium
54706140,SAMN54706140,,T76669-Efm,not collected,Homo sapiens,2019-01-08,USA:Detroit,,,,,,,,,Enterococcus faecium
54706139,SAMN54706139,,T73217-Efm,not collected,Homo sapiens,2017-12-19,USA:Detroit,,,,,,,,,Enterococcus faecium
54706138,SAMN54706138,,T62419-Efm,not collected,Homo sapiens,2017-12-12,USA:Detroit,,,,,,,,,Enterococcus faecium
54706137,SAMN54706137,,T61692-Efm,not collected,Homo sapiens,2018-10-09,USA:Detroit,,,,,,,,,Enterococcus faecium
54706136,SAMN54706136,,T19036-Efm,not collected,Homo sapiens,2018-03-27,USA:Detroit,,,,,,,,,Enterococcus faecium
54706135,SAMN54706135,,T11082-Efm,not collected,Homo sapiens,2018-11-06,USA:Detroit,,,,,,,,,Enterococcus faecium
54706134,SAMN54706134,,T10126-Efm,not collected,Homo sapiens,2018-08-21,USA:Detroit,,,,,,,,,Enterococcus faecium
54706133,SAMN54706133,,S60063-Efm,not collected,Homo sapiens,2018-01-21,USA:Detroit,,,,,,,,,Enterococcus faecium
54706132,SAMN54706132,,S48080-Efm,not collected,Homo sapiens,2018-04-14,USA:Detroit,,,,,,,,,Enterococcus faecium
54706131,SAMN54706131,,S45727-Efm,not collected,Homo sapiens,2018-08-04,USA:Detroit,,,,,,,,,Enterococcus faecium
54706130,SAMN54706130,,S45308-Efm,not collected,Homo sapiens,2018-08-04,USA:Detroit,,,,,,,,,Enterococcus faecium
54706129,SAMN54706129,,S2835-Efm,not collected,Homo sapiens,2019-04-27,USA:Detroit,,,,,,,,,Enterococcus faecium
54706128,SAMN54706128,,M9687-Efm,not collected,Homo sapiens,2018-02-12,USA:Detroit,,,,,,,,,Enterococcus faecium
54706127,SAMN54706127,,M77859-Efm,not collected,Homo sapiens,2018-11-20,USA:Detroit,,,,,,,,,Enterococcus faecium
54706126,SAMN54706126,,M71508-Efm,not collected,Homo sapiens,2018-11-19,USA:Detroit,,,,,,,,,Enterococcus faecium
54706125,SAMN54706125,,M70092-Efm,not collected,Homo sapiens,2019-04-16,USA:Detroit,,,,,,,,,Enterococcus faecium
54706124,SAMN54706124,,M68224-Efm,not collected,Homo sapiens,2019-04-15,USA:Detroit,,,,,,,,,Enterococcus faecium
54706123,SAMN54706123,,M6558-Efm,not collected,Homo sapiens,2017-11-21,USA:Detroit,,,,,,,,,Enterococcus faecium
54706122,SAMN54706122,,M60539-Efm,not collected,Homo sapiens,2019-04-08,USA:Detroit,,,,,,,,,Enterococcus faecium
54706121,SAMN54706121,,M54551-Efm,not collected,Homo sapiens,2019-11-17,USA:Detroit,,,,,,,,,Enterococcus faecium
54706120,SAMN54706120,,M48889-Efm,not collected,Homo sapiens,2018-01-01,USA:Detroit,,,,,,,,,Enterococcus faecium
54706119,SAMN54706119,,M47071-Efm,not collected,Homo sapiens,2019-01-14,USA:Detroit,,,,,,,,,Enterococcus faecium
54706118,SAMN54706118,,M30240-Efm,not collected,Homo sapiens,2018-07-23,USA:Detroit,,,,,,,,,Enterococcus faecium
54706117,SAMN54706117,,M2827-Efm,not collected,Homo sapiens,2019-09-30,USA:Detroit,,,,,,,,,Enterococcus faecium
54706116,SAMN54706116,,M24680-Efm,not collected,Homo sapiens,2018-05-07,USA:Detroit,,,,,,,,,Enterococcus faecium
54706115,SAMN54706115,,M24679-Efm,not collected,Homo sapiens,2018-05-07,USA:Detroit,,,,,,,,,Enterococcus faecium
54706114,SAMN54706114,,H48611-Efm,not collected,Homo sapiens,2018-10-11,USA:Detroit,,,,,,,,,Enterococcus faecium
54706113,SAMN54706113,,H4266-Efm,not collected,Homo sapiens,2018-11-15,USA:Detroit,,,,,,,,,Enterococcus faecium
54706112,SAMN54706112,,H41546-Efm,not collected,Homo sapiens,2019-03-07,USA:Detroit,,,,,,,,,Enterococcus faecium
54706111,SAMN54706111,,H36301-Efm,not collected,Homo sapiens,2018-04-26,USA:Detroit,,,,,,,,,Enterococcus faecium
54706110,SAMN54706110,,H29248-Efm,not collected,Homo sapiens,2019-10-10,USA:Detroit,,,,,,,,,Enterococcus faecium
54706109,SAMN54706109,,H28409-Efm,not collected,Homo sapiens,2017-11-23,USA:Detroit,,,,,,,,,Enterococcus faecium
54706108,SAMN54706108,,H21889-Efm,not collected,Homo sapiens,2018-04-12,USA:Detroit,,,,,,,,,Enterococcus faecium
54706107,SAMN54706107,,F46702-Efm,not collected,Homo sapiens,2019-07-12,USA:Detroit,,,,,,,,,Enterococcus faecium
54706106,SAMN54706106,,F4278-Efm,not collected,Homo sapiens,2020-01-31,USA:Detroit,,,,,,,,,Enterococcus faecium
54706105,SAMN54706105,,F33093-Efm,not collected,Homo sapiens,2018-11-03,USA:Detroit,,,,,,,,,Enterococcus faecium
54706104,SAMN54706104,,F24750-Efm,not collected,Homo sapiens,2018-08-03,USA:Detroit,,,,,,,,,Enterococcus faecium
54706103,SAMN54706103,,F19190-Efm,not collected,Homo sapiens,2018-05-04,USA:Detroit,,,,,,,,,Enterococcus faecium
54706102,SAMN54706102,,F15329-Efm,not collected,Homo sapiens,2018-10-19,USA:Detroit,,,,,,,,,Enterococcus faecium
54706101,SAMN54706101,,F10887-Efm,not collected,Homo sapiens,2020-02-07,USA:Detroit,,,,,,,,,Enterococcus faecium
54706100,SAMN54706100,,F10819-Efm,not collected,Homo sapiens,2018-10-12,USA:Detroit,,,,,,,,,Enterococcus faecium
54690574,SAMN54690574,,3185-M,gastrointestinal tract,chicken,1985-09,Russia:Moscow,,,,,,,,,Enterococcus faecium
46385930,SAMN46385930,,,Brukina,,2024-04-18,Ghana: ACCRA,,,,,,,,,Enterococcus faecium
46385929,SAMN46385929,,,milk,,2024-05-17,Ghana: ACCRA,,,,,,,,,Enterococcus faecium
46385928,SAMN46385928,,,milk,,2024-05-17,Ghana: ACCRA,,,,,,,,,Enterococcus faecium
46385927,SAMN46385927,,,milk,,2024-05-17,Ghana: ACCRA,,,,,,,,,Enterococcus faecium
46385926,SAMN46385926,,,Khebab,,2024-03-13,Ghana: ACCRA,,,,,,,,,Enterococcus faecium
46385925,SAMN46385925,,,Salad,,2024-03-13,Ghana: ACCRA,,,,,,,,,Enterococcus faecium
46385924,SAMN46385924,,,milk,,2024-05-17,Ghana: ACCRA,,,,,,,,,Enterococcus faecium
46385923,SAMN46385923,,,milk,,2024-05-17,Ghana: ACCRA,,,,,,,,,Enterococcus faecium
46385922,SAMN46385922,,,milk,,2024-05-17,Ghana: ACCRA,,,,,,,,,Enterococcus faecium
46385921,SAMN46385921,,,milk,,2024-05-17,Ghana: ACCRA,,,,,,,,,Enterococcus faecium
46385920,SAMN46385920,,,Brukina,,2024-04-18,Ghana: ACCRA,,,,,,,,,Enterococcus faecium
46385919,SAMN46385919,,,milk,,2024-05-17,Ghana: ACCRA,,,,,,,,,Enterococcus faecium
46385918,SAMN46385918,,,Salad,,2024-03-13,Ghana: ACCRA,,,,,,,,,Enterococcus faecium
46385917,SAMN46385917,,,milk,,2024-05-17,Ghana: ACCRA,,,,,,,,,Enterococcus faecium
54497551,SAMN54497551,,FSIS12542293,Animal-Swine-Market Swine (cecal),,2025,USA:SD,,,,,GCA_054396965.1,Contig,,ftp://ftp.ncbi.nlm.nih.gov/genomes/all/GCA/054/396/965/GCA_054396965.1_PDT003047910.1,Enterococcus faecium
54497544,SAMN54497544,,FSIS12642400,Animal-Cattle-Dairy Cow (cecal),,2025,USA:OH,,,,,GCA_054397185.1,Contig,,ftp://ftp.ncbi.nlm.nih.gov/genomes/all/GCA/054/397/185/GCA_054397185.1_PDT003047907.1,Enterococcus faecium
54487799,SAMEA120775103,,,human feces,,,,,,,,,,,,Enterococcus faecium
54485186,SAMEA120775203,,,human feces,,,,,,,,,,,,Enterococcus faecium
54482606,SAMEA120775284,,,human feces,,,,,,,,,,,,Enterococcus faecium
54482510,SAMEA120769148,,,human feces,,,,,,,,,,,,Enterococcus faecium
54481493,SAMEA120775253,,,human feces,,,,,,,,,,,,Enterococcus faecium
54417098,SAMN54417098,,EFM250826,hospital,,2025-08-20,China: Henan province,,,,,GCF_054461615.1,Contig,ftp://ftp.ncbi.nlm.nih.gov/genomes/all/GCF/054/461/615/GCF_054461615.1_ASM5446161v1,ftp://ftp.ncbi.nlm.nih.gov/genomes/all/GCA/054/461/615/GCA_054461615.1_ASM5446161v1,Enterococcus faecium
54417097,SAMN54417097,,EFM250320,hospital,,2025-03-05,China: Henan province,,,,,GCF_054461585.1,Contig,ftp://ftp.ncbi.nlm.nih.gov/genomes/all/GCF/054/461/585/GCF_054461585.1_ASM5446158v1,ftp://ftp.ncbi.nlm.nih.gov/genomes/all/GCA/054/461/585/GCA_054461585.1_ASM5446158v1,Enterococcus faecium
54417096,SAMN54417096,,EFM250319,hospital,,2025-03-18,China: Henan province,,,,,GCF_054461635.1,Contig,ftp://ftp.ncbi.nlm.nih.gov/genomes/all/GCF/054/461/635/GCF_054461635.1_ASM5446163v1,ftp://ftp.ncbi.nlm.nih.gov/genomes/all/GCA/054/461/635/GCA_054461635.1_ASM5446163v1,Enterococcus faecium
54417095,SAMN54417095,,EFM250318,hospital,,2025-03-09,China: Henan province,,,,,GCF_054461655.1,Contig,ftp://ftp.ncbi.nlm.nih.gov/genomes/all/GCF/054/461/655/GCF_054461655.1_ASM5446165v1,ftp://ftp.ncbi.nlm.nih.gov/genomes/all/GCA/054/461/655/GCA_054461655.1_ASM5446165v1,Enterococcus faecium
54417094,SAMN54417094,,EFM250317,hospital,,2025-03-07,China: Henan province,,,,,GCF_054461675.1,Contig,ftp://ftp.ncbi.nlm.nih.gov/genomes/all/GCF/054/461/675/GCF_054461675.1_ASM5446167v1,ftp://ftp.ncbi.nlm.nih.gov/genomes/all/GCA/054/461/675/GCA_054461675.1_ASM5446167v1,Enterococcus faecium
54417093,SAMN54417093,,EFM250216,hospital,,2025-02-16,China: Henan province,,,,,GCF_054461695.1,Contig,ftp://ftp.ncbi.nlm.nih.gov/genomes/all/GCF/054/461/695/GCF_054461695.1_ASM5446169v1,ftp://ftp.ncbi.nlm.nih.gov/genomes/all/GCA/054/461/695/GCA_054461695.1_ASM5446169v1,Enterococcus faecium
54417092,SAMN54417092,,EFM250515,hospital,,2025-05-23,China: Henan province,,,,,GCF_054461715.1,Contig,ftp://ftp.ncbi.nlm.nih.gov/genomes/all/GCF/054/461/715/GCF_054461715.1_ASM5446171v1,ftp://ftp.ncbi.nlm.nih.gov/genomes/all/GCA/054/461/715/GCA_054461715.1_ASM5446171v1,Enterococcus faecium
54417091,SAMN54417091,,EFM250114,hospital,,2025-01-14,China: Henan province,,,,,GCF_054461735.1,Contig,ftp://ftp.ncbi.nlm.nih.gov/genomes/all/GCF/054/461/735/GCF_054461735.1_ASM5446173v1,ftp://ftp.ncbi.nlm.nih.gov/genomes/all/GCA/054/461/735/GCA_054461735.1_ASM5446173v1,Enterococcus faecium
54417090,SAMN54417090,,EFM250113,hospital,,2025-01-17,China: Henan province,,,,,GCF_054461755.1,Contig,ftp://ftp.ncbi.nlm.nih.gov/genomes/all/GCF/054/461/755/GCF_054461755.1_ASM5446175v1,ftp://ftp.ncbi.nlm.nih.gov/genomes/all/GCA/054/461/755/GCA_054461755.1_ASM5446175v1,Enterococcus faecium
54417089,SAMN54417089,,EFM250512,hospital,,2025-05-14,China: Henan province,,,,,GCF_054461775.1,Contig,ftp://ftp.ncbi.nlm.nih.gov/genomes/all/GCF/054/461/775/GCF_054461775.1_ASM5446177v1,ftp://ftp.ncbi.nlm.nih.gov/genomes/all/GCA/054/461/775/GCA_054461775.1_ASM5446177v1,Enterococcus faecium
54417088,SAMN54417088,,EFM241209,hospital,,2024-12-15,China: Henan province,,,,,GCF_054461795.1,Contig,ftp://ftp.ncbi.nlm.nih.gov/genomes/all/GCF/054/461/795/GCF_054461795.1_ASM5446179v1,ftp://ftp.ncbi.nlm.nih.gov/genomes/all/GCA/054/461/795/GCA_054461795.1_ASM5446179v1,Enterococcus faecium
54417087,SAMN54417087,,EFM250108,hospital,,2025-01-21,China: Henan province,,,,,GCF_054461815.1,Contig,ftp://ftp.ncbi.nlm.nih.gov/genomes/all/GCF/054/461/815/GCF_054461815.1_ASM5446181v1,ftp://ftp.ncbi.nlm.nih.gov/genomes/all/GCA/054/461/815/GCA_054461815.1_ASM5446181v1,Enterococcus faecium
54417086,SAMN54417086,,EFM250107,hospital,,2025-01-28,China: Henan province,,,,,GCF_054461835.1,Contig,ftp://ftp.ncbi.nlm.nih.gov/genomes/all/GCF/054/461/835/GCF_054461835.1_ASM5446183v1,ftp://ftp.ncbi.nlm.nih.gov/genomes/all/GCA/054/461/835/GCA_054461835.1_ASM5446183v1,Enterococcus faecium
54417085,SAMN54417085,,EFM250106,hospital,,2025-01-21,China: Henan province,,,,,GCF_054461855.1,Contig,ftp://ftp.ncbi.nlm.nih.gov/genomes/all/GCF/054/461/855/GCF_054461855.1_ASM5446185v1,ftp://ftp.ncbi.nlm.nih.gov/genomes/all/GCA/054/461/855/GCA_054461855.1_ASM5446185v1,Enterococcus faecium
54417084,SAMN54417084,,EFM241204,hospital,,2024-12-23,China: Henan province,,,,,GCF_054461895.1,Contig,ftp://ftp.ncbi.nlm.nih.gov/genomes/all/GCF/054/461/895/GCF_054461895.1_ASM5446189v1,ftp://ftp.ncbi.nlm.nih.gov/genomes/all/GCA/054/461/895/GCA_054461895.1_ASM5446189v1,Enterococcus faecium
54417083,SAMN54417083,,EFM230603,hospital,,2023-06-21,China: Henan province,,,,,GCF_054461875.1,Contig,ftp://ftp.ncbi.nlm.nih.gov/genomes/all/GCF/054/461/875/GCF_054461875.1_ASM5446187v1,ftp://ftp.ncbi.nlm.nih.gov/genomes/all/GCA/054/461/875/GCA_054461875.1_ASM5446187v1,Enterococcus faecium
54417082,SAMN54417082,,EFM241102,hospital,,2024-11-29,China: Henan province,,,,,GCF_054461915.1,Contig,ftp://ftp.ncbi.nlm.nih.gov/genomes/all/GCF/054/461/915/GCF_054461915.1_ASM5446191v1,ftp://ftp.ncbi.nlm.nih.gov/genomes/all/GCA/054/461/915/GCA_054461915.1_ASM5446191v1,Enterococcus faecium
54417081,SAMN54417081,,EFM241201,hospital,,2024-12-10,China: Henan province,,,,,GCF_054461935.1,Contig,ftp://ftp.ncbi.nlm.nih.gov/genomes/all/GCF/054/461/935/GCF_054461935.1_ASM5446193v1,ftp://ftp.ncbi.nlm.nih.gov/genomes/all/GCA/054/461/935/GCA_054461935.1_ASM5446193v1,Enterococcus faecium
54448201,SAMN54448201,,FSIS12542117,Animal-Cattle-Steer (cecal),,2025,USA:NE,,,,,GCA_054349095.1,Contig,,ftp://ftp.ncbi.nlm.nih.gov/genomes/all/GCA/054/349/095/GCA_054349095.1_PDT003044812.1,Enterococcus faecium
54437353,SAMN54437353,,,screen,Homo sapiens,2025,New Zealand,,,,,GCA_054345255.1,Contig,,ftp://ftp.ncbi.nlm.nih.gov/genomes/all/GCA/054/345/255/GCA_054345255.1_PDT003044128.1,Enterococcus faecium
44698556,SAMN44698556,,5240185625,Rectal Swab,Homo sapiens,2024-07-30,Italy:Trento,,,,,,,,,Enterococcus faecium
44698555,SAMN44698555,,5240073140,Rectal Swab,Homo sapiens,2024-07-30,Italy:Trento,,,,,,,,,Enterococcus faecium
44698554,SAMN44698554,,5240047427,Rectal Swab,Homo sapiens,2024-07-30,Italy:Trento,,,,,,,,,Enterococcus faecium
44698553,SAMN44698553,,5240037556,Rectal Swab,Homo sapiens,2024-07-30,Italy:Trento,,,,,,,,,Enterococcus faecium
44698552,SAMN44698552,,5240037552,Rectal Swab,Homo sapiens,2024-07-30,Italy:Trento,,,,,,,,,Enterococcus faecium
44698551,SAMN44698551,,5813784401,Rectal Swab,Homo sapiens,2024-07-30,Italy:Trento,,,,,,,,,Enterococcus faecium
44698550,SAMN44698550,,5121239701,Rectal Swab,Homo sapiens,2024-07-30,Italy:Trento,,,,,,,,,Enterococcus faecium
44698549,SAMN44698549,,5116469901,Rectal Swab,Homo sapiens,2024-07-30,Italy:Trento,,,,,,,,,Enterococcus faecium
44698548,SAMN44698548,,5116344501,Rectal Swab,Homo sapiens,2024-07-30,Italy:Trento,,,,,,,,,Enterococcus faecium
44698547,SAMN44698547,,5115126801,Rectal Swab,Homo sapiens,2024-07-30,Italy:Trento,,,,,,,,,Enterococcus faecium
44698546,SAMN44698546,,5112281001,Rectal Swab,Homo sapiens,2024-07-30,Italy:Trento,,,,,,,,,Enterococcus faecium
44698545,SAMN44698545,,5112225902,Rectal Swab,Homo sapiens,2024-07-30,Italy:Trento,,,,,,,,,Enterococcus faecium
44698544,SAMN44698544,,5111595402,Rectal Swab,Homo sapiens,2024-07-30,Italy:Trento,,,,,,,,,Enterococcus faecium
44698543,SAMN44698543,,5100623501,Rectal Swab,Homo sapiens,2024-07-30,Italy:Trento,,,,,,,,,Enterococcus faecium
54275482,SAMN54275482,,8K2J,river sediment,missing,2024,Pakistan,,,,,,,,,Enterococcus faecium
54275481,SAMN54275481,,10K2M,river sediment,missing,2024,Pakistan,,,,,,,,,Enterococcus faecium
52901795,SAMN52901795,,AMC872,Wastewater treatment plant [ENVO:00002272],Not Applicable [GENEPIO:0001619],2022-08-24,Canada:British Columbia,,,,,,,,,Enterococcus faecium
52901794,SAMN52901794,,AMC868,Wastewater treatment plant [ENVO:00002272],Not Applicable [GENEPIO:0001619],2022-08-24,Canada:British Columbia,,,,,,,,,Enterococcus faecium
52901793,SAMN52901793,,AMC860,Wastewater treatment plant [ENVO:00002272],Not Applicable [GENEPIO:0001619],2022-08-24,Canada:British Columbia,,,,,,,,,Enterococcus faecium
52901792,SAMN52901792,,AMC858,Wastewater treatment plant [ENVO:00002272],Not Applicable [GENEPIO:0001619],2022-08-24,Canada:British Columbia,,,,,,,,,Enterococcus faecium
52901791,SAMN52901791,,AMC853,Bos taurus [NCBITaxon:9913]; Fecal composite [GENEPIO:0004512]; Animal pen [ENVO:03501387]; Dairy farm [ENVO:03501416],Bos taurus [NCBITaxon:9913],2022-08-24,Canada:British Columbia,,,,,,,,,Enterococcus faecium
52901790,SAMN52901790,,AMC842,Bos taurus [NCBITaxon:9913]; Fecal composite [GENEPIO:0004512]; Animal pen [ENVO:03501387]; Dairy farm [ENVO:03501416],Bos taurus [NCBITaxon:9913],2022-08-24,Canada:British Columbia,,,,,,,,,Enterococcus faecium
52901789,SAMN52901789,,AMC839,Bos taurus [NCBITaxon:9913]; Fecal composite [GENEPIO:0004512]; Animal pen [ENVO:03501387]; Dairy farm [ENVO:03501416],Bos taurus [NCBITaxon:9913],2022-08-24,Canada:British Columbia,,,,,,,,,Enterococcus faecium
52901788,SAMN52901788,,AMC838,Bos taurus [NCBITaxon:9913]; Fecal composite [GENEPIO:0004512]; Animal pen [ENVO:03501387]; Dairy farm [ENVO:03501416],Bos taurus [NCBITaxon:9913],2022-08-24,Canada:British Columbia,,,,,,,,,Enterococcus faecium
52901787,SAMN52901787,,AMC836,Creek [ENVO:03501405]; Dairy farm [ENVO:03501416],Not Applicable [GENEPIO:0001619],2022-08-24,Canada:British Columbia,,,,,,,,,Enterococcus faecium
52901786,SAMN52901786,,AMC774,Bos taurus [NCBITaxon:9913]; Fecal composite [GENEPIO:0004512]; Animal pen [ENVO:03501387]; Dairy farm [ENVO:03501416],Bos taurus [NCBITaxon:9913],2022-08-15,Canada:British Columbia,,,,,,,,,Enterococcus faecium
52901785,SAMN52901785,,AMC765,Bos taurus [NCBITaxon:9913]; Fecal composite [GENEPIO:0004512]; Animal pen [ENVO:03501387]; Dairy farm [ENVO:03501416],Bos taurus [NCBITaxon:9913],2022-08-15,Canada:British Columbia,,,,,,,,,Enterococcus faecium
52901784,SAMN52901784,,AMC761,Dairy farm [ENVO:03501416]; Manure pit [ENVO:01001872]; Bos taurus [NCBITaxon:9913]; Fecal composite [GENEPIO:0004512],Bos taurus [NCBITaxon:9913],2022-08-15,Canada:British Columbia,,,,,,,,,Enterococcus faecium
52901783,SAMN52901783,,AMC754,Bos taurus [NCBITaxon:9913]; Fecal composite [GENEPIO:0004512]; Animal pen [ENVO:03501387]; Dairy farm [ENVO:03501416],Bos taurus [NCBITaxon:9913],2022-08-15,Canada:British Columbia,,,,,,,,,Enterococcus faecium
52901782,SAMN52901782,,AMC3405,Bos taurus [NCBITaxon:9913]; Fecal composite [GENEPIO:0004512]; Animal pen [ENVO:03501387]; Dairy farm [ENVO:03501416],Bos taurus [NCBITaxon:9913],2024-05-13,Canada:British Columbia,,,,,,,,,Enterococcus faecium
52901781,SAMN52901781,,AMC3333,Wastewater treatment plant [ENVO:00002272],Not Applicable [GENEPIO:0001619],2024-05-06,Canada:British Columbia,,,,,,,,,Enterococcus faecium
52901780,SAMN52901780,,AMC3332,Wastewater treatment plant [ENVO:00002272],Not Applicable [GENEPIO:0001619],2024-05-06,Canada:British Columbia,,,,,,,,,Enterococcus faecium
52901779,SAMN52901779,,AMC3329,Wastewater treatment plant [ENVO:00002272],Not Applicable [GENEPIO:0001619],2024-05-06,Canada:British Columbia,,,,,,,,,Enterococcus faecium
52901778,SAMN52901778,,AMC3327,Wastewater treatment plant [ENVO:00002272],Not Applicable [GENEPIO:0001619],2024-05-06,Canada:British Columbia,,,,,,,,,Enterococcus faecium
52901777,SAMN52901777,,AMC3326,Wastewater treatment plant [ENVO:00002272],Not Applicable [GENEPIO:0001619],2024-05-06,Canada:British Columbia,,,,,,,,,Enterococcus faecium
52901776,SAMN52901776,,AMC3324,Wastewater treatment plant [ENVO:00002272],Not Applicable [GENEPIO:0001619],2024-05-06,Canada:British Columbia,,,,,,,,,Enterococcus faecium
52901775,SAMN52901775,,AMC3311,Creek [ENVO:03501405]; Dairy farm [ENVO:03501416],Not Applicable [GENEPIO:0001619],2024-05-06,Canada:British Columbia,,,,,,,,,Enterococcus faecium
52901774,SAMN52901774,,AMC3310,Creek [ENVO:03501405]; Dairy farm [ENVO:03501416],Not Applicable [GENEPIO:0001619],2024-05-06,Canada:British Columbia,,,,,,,,,Enterococcus faecium
52901773,SAMN52901773,,AMC3307,Creek [ENVO:03501405]; Dairy farm [ENVO:03501416],Not Applicable [GENEPIO:0001619],2024-05-06,Canada:British Columbia,,,,,,,,,Enterococcus faecium
52901772,SAMN52901772,,AMC3286,Bos taurus [NCBITaxon:9913]; Fecal composite [GENEPIO:0004512]; Animal pen [ENVO:03501387]; Dairy farm [ENVO:03501416],Bos taurus [NCBITaxon:9913],2024-05-06,Canada:British Columbia,,,,,,,,,Enterococcus faecium
52901771,SAMN52901771,,AMC3285,Bos taurus [NCBITaxon:9913]; Fecal composite [GENEPIO:0004512]; Animal pen [ENVO:03501387]; Dairy farm [ENVO:03501416],Bos taurus [NCBITaxon:9913],2024-05-06,Canada:British Columbia,,,,,,,,,Enterococcus faecium
52901770,SAMN52901770,,AMC3278,Dairy farm [ENVO:03501416]; Manure pit [ENVO:01001872]; Bos taurus [NCBITaxon:9913]; Fecal composite [GENEPIO:0004512],Bos taurus [NCBITaxon:9913],2024-05-06,Canada:British Columbia,,,,,,,,,Enterococcus faecium
52901769,SAMN52901769,,AMC3273,Bos taurus [NCBITaxon:9913]; Fecal composite [GENEPIO:0004512]; Animal pen [ENVO:03501387]; Dairy farm [ENVO:03501416],Bos taurus [NCBITaxon:9913],2024-05-06,Canada:British Columbia,,,,,,,,,Enterococcus faecium
52901768,SAMN52901768,,AMC3264,Bos taurus [NCBITaxon:9913]; Fecal composite [GENEPIO:0004512]; Animal pen [ENVO:03501387]; Dairy farm [ENVO:03501416],Bos taurus [NCBITaxon:9913],2024-05-06,Canada:British Columbia,,,,,,,,,Enterococcus faecium
52901767,SAMN52901767,,AMC3262,Bos taurus [NCBITaxon:9913]; Fecal composite [GENEPIO:0004512]; Animal pen [ENVO:03501387]; Dairy farm [ENVO:03501416],Bos taurus [NCBITaxon:9913],2024-05-06,Canada:British Columbia,,,,,,,,,Enterococcus faecium
52901766,SAMN52901766,,AMC3260,Bos taurus [NCBITaxon:9913]; Fecal composite [GENEPIO:0004512]; Animal pen [ENVO:03501387]; Dairy farm [ENVO:03501416],Bos taurus [NCBITaxon:9913],2024-05-06,Canada:British Columbia,,,,,,,,,Enterococcus faecium
52901765,SAMN52901765,,AMC3193,Wastewater treatment plant [ENVO:00002272],Not Applicable [GENEPIO:0001619],2024-04-29,Canada:British Columbia,,,,,,,,,Enterococcus faecium
52901764,SAMN52901764,,AMC3190,Wastewater treatment plant [ENVO:00002272],Not Applicable [GENEPIO:0001619],2024-04-29,Canada:British Columbia,,,,,,,,,Enterococcus faecium
52901763,SAMN52901763,,AMC3188,Wastewater treatment plant [ENVO:00002272],Not Applicable [GENEPIO:0001619],2024-04-29,Canada:British Columbia,,,,,,,,,Enterococcus faecium
52901762,SAMN52901762,,AMC3175,Creek [ENVO:03501405]; Dairy farm [ENVO:03501416],Not Applicable [GENEPIO:0001619],2024-04-29,Canada:British Columbia,,,,,,,,,Enterococcus faecium
52901761,SAMN52901761,,AMC3170,Creek [ENVO:03501405]; Dairy farm [ENVO:03501416],Not Applicable [GENEPIO:0001619],2024-04-29,Canada:British Columbia,,,,,,,,,Enterococcus faecium
52901760,SAMN52901760,,AMC3167,Creek [ENVO:03501405]; Dairy farm [ENVO:03501416],Not Applicable [GENEPIO:0001619],2024-04-29,Canada:British Columbia,,,,,,,,,Enterococcus faecium
52901759,SAMN52901759,,AMC3165,Creek [ENVO:03501405]; Dairy farm [ENVO:03501416],Not Applicable [GENEPIO:0001619],2024-04-29,Canada:British Columbia,,,,,,,,,Enterococcus faecium
52901758,SAMN52901758,,AMC3163,Bos taurus [NCBITaxon:9913]; Fecal composite [GENEPIO:0004512]; Animal pen [ENVO:03501387]; Dairy farm [ENVO:03501416],Bos taurus [NCBITaxon:9913],2024-04-29,Canada:British Columbia,,,,,,,,,Enterococcus faecium
52901757,SAMN52901757,,AMC3145,Dairy farm [ENVO:03501416]; Manure pit [ENVO:01001872]; Bos taurus [NCBITaxon:9913]; Fecal composite [GENEPIO:0004512],Bos taurus [NCBITaxon:9913],2024-04-29,Canada:British Columbia,,,,,,,,,Enterococcus faecium
52901756,SAMN52901756,,AMC3143,Dairy farm [ENVO:03501416]; Manure pit [ENVO:01001872]; Bos taurus [NCBITaxon:9913]; Fecal composite [GENEPIO:0004512],Bos taurus [NCBITaxon:9913],2024-04-29,Canada:British Columbia,,,,,,,,,Enterococcus faecium
52901755,SAMN52901755,,AMC3137,Bos taurus [NCBITaxon:9913]; Fecal composite [GENEPIO:0004512]; Animal pen [ENVO:03501387]; Dairy farm [ENVO:03501416],Bos taurus [NCBITaxon:9913],2024-04-29,Canada:British Columbia,,,,,,,,,Enterococcus faecium
52901754,SAMN52901754,,AMC3132,Bos taurus [NCBITaxon:9913]; Fecal composite [GENEPIO:0004512]; Animal pen [ENVO:03501387]; Dairy farm [ENVO:03501416],Bos taurus [NCBITaxon:9913],2024-04-29,Canada:British Columbia,,,,,,,,,Enterococcus faecium
52901753,SAMN52901753,,AMC3064,Creek [ENVO:03501405]; Dairy farm [ENVO:03501416],Not Applicable [GENEPIO:0001619],2023-10-30,Canada:British Columbia,,,,,,,,,Enterococcus faecium
52901752,SAMN52901752,,AMC3061,Bos taurus [NCBITaxon:9913]; Fecal composite [GENEPIO:0004512]; Animal pen [ENVO:03501387]; Dairy farm [ENVO:03501416],Bos taurus [NCBITaxon:9913],2023-10-30,Canada:British Columbia,,,,,,,,,Enterococcus faecium
52901751,SAMN52901751,,AMC3041,Bos taurus [NCBITaxon:9913]; Fecal composite [GENEPIO:0004512]; Animal pen [ENVO:03501387]; Dairy farm [ENVO:03501416],Bos taurus [NCBITaxon:9913],2024-02-19,Canada:British Columbia,,,,,,,,,Enterococcus faecium
52901750,SAMN52901750,,AMC3037,Bos taurus [NCBITaxon:9913]; Fecal composite [GENEPIO:0004512]; Animal pen [ENVO:03501387]; Dairy farm [ENVO:03501416],Bos taurus [NCBITaxon:9913],2024-02-19,Canada:British Columbia,,,,,,,,,Enterococcus faecium
52901749,SAMN52901749,,AMC3033,Bos taurus [NCBITaxon:9913]; Fecal composite [GENEPIO:0004512]; Animal pen [ENVO:03501387]; Dairy farm [ENVO:03501416],Bos taurus [NCBITaxon:9913],2024-02-19,Canada:British Columbia,,,,,,,,,Enterococcus faecium
52901748,SAMN52901748,,AMC3027,Bos taurus [NCBITaxon:9913]; Fecal composite [GENEPIO:0004512]; Animal pen [ENVO:03501387]; Dairy farm [ENVO:03501416],Bos taurus [NCBITaxon:9913],2024-02-19,Canada:British Columbia,,,,,,,,,Enterococcus faecium
52901747,SAMN52901747,,AMC3026,Bos taurus [NCBITaxon:9913]; Fecal composite [GENEPIO:0004512]; Animal pen [ENVO:03501387]; Dairy farm [ENVO:03501416],Bos taurus [NCBITaxon:9913],2024-02-19,Canada:British Columbia,,,,,,,,,Enterococcus faecium
52901746,SAMN52901746,,AMC2969,Wastewater treatment plant [ENVO:00002272],Not Applicable [GENEPIO:0001619],2024-02-19,Canada:British Columbia,,,,,,,,,Enterococcus faecium
52901745,SAMN52901745,,AMC2967,Wastewater treatment plant [ENVO:00002272],Not Applicable [GENEPIO:0001619],2024-02-19,Canada:British Columbia,,,,,,,,,Enterococcus faecium
52901744,SAMN52901744,,AMC2946,Creek [ENVO:03501405]; Dairy farm [ENVO:03501416],Not Applicable [GENEPIO:0001619],2024-02-12,Canada:British Columbia,,,,,,,,,Enterococcus faecium
52901743,SAMN52901743,,AMC2944,Creek [ENVO:03501405]; Dairy farm [ENVO:03501416],Not Applicable [GENEPIO:0001619],2024-02-12,Canada:British Columbia,,,,,,,,,Enterococcus faecium
52901742,SAMN52901742,,AMC2943,Creek [ENVO:03501405]; Dairy farm [ENVO:03501416],Not Applicable [GENEPIO:0001619],2024-02-12,Canada:British Columbia,,,,,,,,,Enterococcus faecium
52901741,SAMN52901741,,AMC2941,Creek [ENVO:03501405]; Dairy farm [ENVO:03501416],Not Applicable [GENEPIO:0001619],2024-02-12,Canada:British Columbia,,,,,,,,,Enterococcus faecium
52901740,SAMN52901740,,AMC2938,Creek [ENVO:03501405]; Dairy farm [ENVO:03501416],Not Applicable [GENEPIO:0001619],2024-02-12,Canada:British Columbia,,,,,,,,,Enterococcus faecium
52901739,SAMN52901739,,AMC2936,Creek [ENVO:03501405]; Dairy farm [ENVO:03501416],Not Applicable [GENEPIO:0001619],2024-02-12,Canada:British Columbia,,,,,,,,,Enterococcus faecium
52901738,SAMN52901738,,AMC2933,Dairy farm [ENVO:03501416]; Agricultural Field [ENVO:00000114]; Agricultural soil [ENVO:00002259],Not Applicable [GENEPIO:0001619],2024-02-12,Canada:British Columbia,,,,,,,,,Enterococcus faecium
52901737,SAMN52901737,,AMC2925,Bos taurus [NCBITaxon:9913]; Fecal composite [GENEPIO:0004512]; Animal pen [ENVO:03501387]; Dairy farm [ENVO:03501416],Bos taurus [NCBITaxon:9913],2024-02-12,Canada:British Columbia,,,,,,,,,Enterococcus faecium
52901736,SAMN52901736,,AMC2923,Bos taurus [NCBITaxon:9913]; Fecal composite [GENEPIO:0004512]; Animal pen [ENVO:03501387]; Dairy farm [ENVO:03501416],Bos taurus [NCBITaxon:9913],2024-02-12,Canada:British Columbia,,,,,,,,,Enterococcus faecium
52901735,SAMN52901735,,AMC2921,Bos taurus [NCBITaxon:9913]; Fecal composite [GENEPIO:0004512]; Animal pen [ENVO:03501387]; Dairy farm [ENVO:03501416],Bos taurus [NCBITaxon:9913],2024-02-12,Canada:British Columbia,,,,,,,,,Enterococcus faecium
52901734,SAMN52901734,,AMC2918,Bos taurus [NCBITaxon:9913]; Fecal composite [GENEPIO:0004512]; Animal pen [ENVO:03501387]; Dairy farm [ENVO:03501416],Bos taurus [NCBITaxon:9913],2024-02-12,Canada:British Columbia,,,,,,,,,Enterococcus faecium
52901733,SAMN52901733,,AMC2915,Dairy farm [ENVO:03501416]; Agricultural Field [ENVO:00000114]; Agricultural soil [ENVO:00002259],Not Applicable [GENEPIO:0001619],2024-02-12,Canada:British Columbia,,,,,,,,,Enterococcus faecium
52901732,SAMN52901732,,AMC2914,Dairy farm [ENVO:03501416]; Agricultural Field [ENVO:00000114]; Agricultural soil [ENVO:00002259],Not Applicable [GENEPIO:0001619],2024-02-12,Canada:British Columbia,,,,,,,,,Enterococcus faecium
52901731,SAMN52901731,,AMC2896,Bos taurus [NCBITaxon:9913]; Fecal composite [GENEPIO:0004512]; Animal pen [ENVO:03501387]; Dairy farm [ENVO:03501416],Bos taurus [NCBITaxon:9913],2024-02-12,Canada:British Columbia,,,,,,,,,Enterococcus faecium
52901730,SAMN52901730,,AMC2893,Bos taurus [NCBITaxon:9913]; Fecal composite [GENEPIO:0004512]; Animal pen [ENVO:03501387]; Dairy farm [ENVO:03501416],Bos taurus [NCBITaxon:9913],2024-02-12,Canada:British Columbia,,,,,,,,,Enterococcus faecium
52901729,SAMN52901729,,AMC2892,Bos taurus [NCBITaxon:9913]; Fecal composite [GENEPIO:0004512]; Animal pen [ENVO:03501387]; Dairy farm [ENVO:03501416],Bos taurus [NCBITaxon:9913],2024-02-12,Canada:British Columbia,,,,,,,,,Enterococcus faecium
52901728,SAMN52901728,,AMC2808,Creek [ENVO:03501405]; Dairy farm [ENVO:03501416],Not Applicable [GENEPIO:0001619],2024-02-05,Canada:British Columbia,,,,,,,,,Enterococcus faecium
52901727,SAMN52901727,,AMC2801,Dairy farm [ENVO:03501416]; Manure pit [ENVO:01001872]; Bos taurus [NCBITaxon:9913]; Fecal composite [GENEPIO:0004512],Bos taurus [NCBITaxon:9913],2024-02-05,Canada:British Columbia,,,,,,,,,Enterococcus faecium
52901726,SAMN52901726,,AMC2800,Bos taurus [NCBITaxon:9913]; Fecal composite [GENEPIO:0004512]; Animal pen [ENVO:03501387]; Dairy farm [ENVO:03501416],Bos taurus [NCBITaxon:9913],2024-02-05,Canada:British Columbia,,,,,,,,,Enterococcus faecium
52901725,SAMN52901725,,AMC2797,Bos taurus [NCBITaxon:9913]; Fecal composite [GENEPIO:0004512]; Animal pen [ENVO:03501387]; Dairy farm [ENVO:03501416],Bos taurus [NCBITaxon:9913],2024-02-05,Canada:British Columbia,,,,,,,,,Enterococcus faecium
52901724,SAMN52901724,,AMC2796,Bos taurus [NCBITaxon:9913]; Fecal composite [GENEPIO:0004512]; Animal pen [ENVO:03501387]; Dairy farm [ENVO:03501416],Bos taurus [NCBITaxon:9913],2024-02-05,Canada:British Columbia,,,,,,,,,Enterococcus faecium
52901723,SAMN52901723,,AMC2793,Bos taurus [NCBITaxon:9913]; Fecal composite [GENEPIO:0004512]; Animal pen [ENVO:03501387]; Dairy farm [ENVO:03501416],Bos taurus [NCBITaxon:9913],2024-02-05,Canada:British Columbia,,,,,,,,,Enterococcus faecium
52901722,SAMN52901722,,AMC2785,Dairy farm [ENVO:03501416]; Agricultural Field [ENVO:00000114]; Agricultural soil [ENVO:00002259],Not Applicable [GENEPIO:0001619],2024-02-05,Canada:British Columbia,,,,,,,,,Enterococcus faecium
52901721,SAMN52901721,,AMC2783,Dairy farm [ENVO:03501416]; Agricultural Field [ENVO:00000114]; Agricultural soil [ENVO:00002259],Not Applicable [GENEPIO:0001619],2024-02-05,Canada:British Columbia,,,,,,,,,Enterococcus faecium
52901720,SAMN52901720,,AMC2780,Dairy farm [ENVO:03501416]; Manure pit [ENVO:01001872]; Bos taurus [NCBITaxon:9913]; Fecal composite [GENEPIO:0004512],Bos taurus [NCBITaxon:9913],2024-02-05,Canada:British Columbia,,,,,,,,,Enterococcus faecium
52901719,SAMN52901719,,AMC2773,Bos taurus [NCBITaxon:9913]; Fecal composite [GENEPIO:0004512]; Animal pen [ENVO:03501387]; Dairy farm [ENVO:03501416],Bos taurus [NCBITaxon:9913],2024-02-05,Canada:British Columbia,,,,,,,,,Enterococcus faecium
52901718,SAMN52901718,,AMC2770,Bos taurus [NCBITaxon:9913]; Fecal composite [GENEPIO:0004512]; Animal pen [ENVO:03501387]; Dairy farm [ENVO:03501416],Bos taurus [NCBITaxon:9913],2024-02-05,Canada:British Columbia,,,,,,,,,Enterococcus faecium
52901717,SAMN52901717,,AMC2694,Wastewater treatment plant [ENVO:00002272],Not Applicable [GENEPIO:0001619],2023-10-30,Canada:British Columbia,,,,,,,,,Enterococcus faecium
52901716,SAMN52901716,,AMC2693,Wastewater treatment plant [ENVO:00002272],Not Applicable [GENEPIO:0001619],2023-10-30,Canada:British Columbia,,,,,,,,,Enterococcus faecium
52901715,SAMN52901715,,AMC2691,Wastewater treatment plant [ENVO:00002272],Not Applicable [GENEPIO:0001619],2023-10-30,Canada:British Columbia,,,,,,,,,Enterococcus faecium
52901714,SAMN52901714,,AMC2689,Wastewater treatment plant [ENVO:00002272],Not Applicable [GENEPIO:0001619],2023-10-30,Canada:British Columbia,,,,,,,,,Enterococcus faecium
52901713,SAMN52901713,,AMC2687,Wastewater treatment plant [ENVO:00002272],Not Applicable [GENEPIO:0001619],2023-10-30,Canada:British Columbia,,,,,,,,,Enterococcus faecium
52901712,SAMN52901712,,AMC2672,Creek [ENVO:03501405]; Dairy farm [ENVO:03501416],Not Applicable [GENEPIO:0001619],2023-10-30,Canada:British Columbia,,,,,,,,,Enterococcus faecium
52901711,SAMN52901711,,AMC2649,Bos taurus [NCBITaxon:9913]; Fecal composite [GENEPIO:0004512]; Animal pen [ENVO:03501387]; Dairy farm [ENVO:03501416],Bos taurus [NCBITaxon:9913],2023-10-30,Canada:British Columbia,,,,,,,,,Enterococcus faecium
52901710,SAMN52901710,,AMC2648,Bos taurus [NCBITaxon:9913]; Fecal composite [GENEPIO:0004512]; Animal pen [ENVO:03501387]; Dairy farm [ENVO:03501416],Bos taurus [NCBITaxon:9913],2023-10-30,Canada:British Columbia,,,,,,,,,Enterococcus faecium
52901709,SAMN52901709,,AMC2647,Bos taurus [NCBITaxon:9913]; Fecal composite [GENEPIO:0004512]; Animal pen [ENVO:03501387]; Dairy farm [ENVO:03501416],Bos taurus [NCBITaxon:9913],2023-10-30,Canada:British Columbia,,,,,,,,,Enterococcus faecium
52901708,SAMN52901708,,AMC2641,Bos taurus [NCBITaxon:9913]; Fecal composite [GENEPIO:0004512]; Animal pen [ENVO:03501387]; Dairy farm [ENVO:03501416],Bos taurus [NCBITaxon:9913],2023-10-30,Canada:British Columbia,,,,,,,,,Enterococcus faecium
52901707,SAMN52901707,,AMC2636,Bos taurus [NCBITaxon:9913]; Fecal composite [GENEPIO:0004512]; Animal pen [ENVO:03501387]; Dairy farm [ENVO:03501416],Bos taurus [NCBITaxon:9913],2023-10-30,Canada:British Columbia,,,,,,,,,Enterococcus faecium
52901706,SAMN52901706,,AMC2634,Bos taurus [NCBITaxon:9913]; Fecal composite [GENEPIO:0004512]; Animal pen [ENVO:03501387]; Dairy farm [ENVO:03501416],Bos taurus [NCBITaxon:9913],2023-10-30,Canada:British Columbia,,,,,,,,,Enterococcus faecium
52901705,SAMN52901705,,AMC2632,Bos taurus [NCBITaxon:9913]; Fecal composite [GENEPIO:0004512]; Animal pen [ENVO:03501387]; Dairy farm [ENVO:03501416],Bos taurus [NCBITaxon:9913],2023-10-30,Canada:British Columbia,,,,,,,,,Enterococcus faecium
52901704,SAMN52901704,,AMC2565,Wastewater treatment plant [ENVO:00002272],Not Applicable [GENEPIO:0001619],2023-10-23,Canada:British Columbia,,,,,,,,,Enterococcus faecium
52901703,SAMN52901703,,AMC2548,Creek [ENVO:03501405]; Dairy farm [ENVO:03501416],Not Applicable [GENEPIO:0001619],2023-10-23,Canada:British Columbia,,,,,,,,,Enterococcus faecium
52901702,SAMN52901702,,AMC2544,Dairy farm [ENVO:03501416]; Manure pit [ENVO:01001872]; Bos taurus [NCBITaxon:9913]; Fecal composite [GENEPIO:0004512],Bos taurus [NCBITaxon:9913],2023-10-23,Canada:British Columbia,,,,,,,,,Enterococcus faecium
52901701,SAMN52901701,,AMC2531,Dairy farm [ENVO:03501416]; Manure pit [ENVO:01001872]; Bos taurus [NCBITaxon:9913]; Fecal composite [GENEPIO:0004512],Bos taurus [NCBITaxon:9913],2023-10-23,Canada:British Columbia,,,,,,,,,Enterococcus faecium
52901700,SAMN52901700,,AMC2525,Bos taurus [NCBITaxon:9913]; Fecal composite [GENEPIO:0004512]; Animal pen [ENVO:03501387]; Dairy farm [ENVO:03501416],Bos taurus [NCBITaxon:9913],2023-10-23,Canada:British Columbia,,,,,,,,,Enterococcus faecium
52901699,SAMN52901699,,AMC2524,Bos taurus [NCBITaxon:9913]; Fecal composite [GENEPIO:0004512]; Animal pen [ENVO:03501387]; Dairy farm [ENVO:03501416],Bos taurus [NCBITaxon:9913],2023-10-23,Canada:British Columbia,,,,,,,,,Enterococcus faecium
52901698,SAMN52901698,,AMC2522,Bos taurus [NCBITaxon:9913]; Fecal composite [GENEPIO:0004512]; Animal pen [ENVO:03501387]; Dairy farm [ENVO:03501416],Bos taurus [NCBITaxon:9913],2023-10-23,Canada:British Columbia,,,,,,,,,Enterococcus faecium
52901697,SAMN52901697,,AMC2452,Creek [ENVO:03501405]; Dairy farm [ENVO:03501416],Not Applicable [GENEPIO:0001619],2023-10-09,Canada:British Columbia,,,,,,,,,Enterococcus faecium
52901696,SAMN52901696,,AMC2449,Creek [ENVO:03501405]; Dairy farm [ENVO:03501416],Not Applicable [GENEPIO:0001619],2023-10-09,Canada:British Columbia,,,,,,,,,Enterococcus faecium
52901695,SAMN52901695,,AMC2448,Creek [ENVO:03501405]; Dairy farm [ENVO:03501416],Not Applicable [GENEPIO:0001619],2023-10-09,Canada:British Columbia,,,,,,,,,Enterococcus faecium
52901694,SAMN52901694,,AMC2445,Creek [ENVO:03501405]; Dairy farm [ENVO:03501416],Not Applicable [GENEPIO:0001619],2023-10-09,Canada:British Columbia,,,,,,,,,Enterococcus faecium
52901693,SAMN52901693,,AMC2444,Creek [ENVO:03501405]; Dairy farm [ENVO:03501416],Not Applicable [GENEPIO:0001619],2023-10-09,Canada:British Columbia,,,,,,,,,Enterococcus faecium
52901692,SAMN52901692,,AMC2422,Bos taurus [NCBITaxon:9913]; Fecal composite [GENEPIO:0004512]; Animal pen [ENVO:03501387]; Dairy farm [ENVO:03501416],Bos taurus [NCBITaxon:9913],2023-10-09,Canada:British Columbia,,,,,,,,,Enterococcus faecium
52901691,SAMN52901691,,AMC2419,Bos taurus [NCBITaxon:9913]; Fecal composite [GENEPIO:0004512]; Animal pen [ENVO:03501387]; Dairy farm [ENVO:03501416],Bos taurus [NCBITaxon:9913],2023-10-09,Canada:British Columbia,,,,,,,,,Enterococcus faecium
52901690,SAMN52901690,,AMC2340,Creek [ENVO:03501405]; Dairy farm [ENVO:03501416],Not Applicable [GENEPIO:0001619],2023-07-24,Canada:British Columbia,,,,,,,,,Enterococcus faecium
52901689,SAMN52901689,,AMC2307,Bos taurus [NCBITaxon:9913]; Fecal composite [GENEPIO:0004512]; Animal pen [ENVO:03501387]; Dairy farm [ENVO:03501416],Bos taurus [NCBITaxon:9913],2023-07-24,Canada:British Columbia,,,,,,,,,Enterococcus faecium
52901688,SAMN52901688,,AMC2305,Bos taurus [NCBITaxon:9913]; Fecal composite [GENEPIO:0004512]; Animal pen [ENVO:03501387]; Dairy farm [ENVO:03501416],Bos taurus [NCBITaxon:9913],2023-07-24,Canada:British Columbia,,,,,,,,,Enterococcus faecium
52901687,SAMN52901687,,AMC2304,Bos taurus [NCBITaxon:9913]; Fecal composite [GENEPIO:0004512]; Animal pen [ENVO:03501387]; Dairy farm [ENVO:03501416],Bos taurus [NCBITaxon:9913],2023-07-24,Canada:British Columbia,,,,,,,,,Enterococcus faecium
52901686,SAMN52901686,,AMC2233,Wastewater treatment plant [ENVO:00002272],Not Applicable [GENEPIO:0001619],2023-07-17,Canada:British Columbia,,,,,,,,,Enterococcus faecium
52901685,SAMN52901685,,AMC2230,Wastewater treatment plant [ENVO:00002272],Not Applicable [GENEPIO:0001619],2023-07-17,Canada:British Columbia,,,,,,,,,Enterococcus faecium
52901684,SAMN52901684,,AMC2228,Wastewater treatment plant [ENVO:00002272],Not Applicable [GENEPIO:0001619],2023-07-17,Canada:British Columbia,,,,,,,,,Enterococcus faecium
52901683,SAMN52901683,,AMC2224,Wastewater treatment plant [ENVO:00002272],Not Applicable [GENEPIO:0001619],2023-07-17,Canada:British Columbia,,,,,,,,,Enterococcus faecium
52901682,SAMN52901682,,AMC2223,Wastewater treatment plant [ENVO:00002272],Not Applicable [GENEPIO:0001619],2023-07-17,Canada:British Columbia,,,,,,,,,Enterococcus faecium
52901681,SAMN52901681,,AMC2209,Creek [ENVO:03501405]; Dairy farm [ENVO:03501416],Not Applicable [GENEPIO:0001619],2023-07-17,Canada:British Columbia,,,,,,,,,Enterococcus faecium
52901680,SAMN52901680,,AMC2205,Creek [ENVO:03501405]; Dairy farm [ENVO:03501416],Not Applicable [GENEPIO:0001619],2023-07-17,Canada:British Columbia,,,,,,,,,Enterococcus faecium
52901679,SAMN52901679,,AMC2189,Bos taurus [NCBITaxon:9913]; Fecal composite [GENEPIO:0004512]; Animal pen [ENVO:03501387]; Dairy farm [ENVO:03501416],Bos taurus [NCBITaxon:9913],2023-07-17,Canada:British Columbia,,,,,,,,,Enterococcus faecium
52901678,SAMN52901678,,AMC2186,Bos taurus [NCBITaxon:9913]; Fecal composite [GENEPIO:0004512]; Animal pen [ENVO:03501387]; Dairy farm [ENVO:03501416],Bos taurus [NCBITaxon:9913],2023-07-17,Canada:British Columbia,,,,,,,,,Enterococcus faecium
52901677,SAMN52901677,,AMC2184,Bos taurus [NCBITaxon:9913]; Fecal composite [GENEPIO:0004512]; Animal pen [ENVO:03501387]; Dairy farm [ENVO:03501416],Bos taurus [NCBITaxon:9913],2023-07-17,Canada:British Columbia,,,,,,,,,Enterococcus faecium
52901676,SAMN52901676,,AMC2177,Dairy farm [ENVO:03501416]; Manure pit [ENVO:01001872]; Bos taurus [NCBITaxon:9913]; Fecal composite [GENEPIO:0004512],Bos taurus [NCBITaxon:9913],2023-07-17,Canada:British Columbia,,,,,,,,,Enterococcus faecium
52901675,SAMN52901675,,AMC2176,Dairy farm [ENVO:03501416]; Manure pit [ENVO:01001872]; Bos taurus [NCBITaxon:9913]; Fecal composite [GENEPIO:0004512],Bos taurus [NCBITaxon:9913],2023-07-17,Canada:British Columbia,,,,,,,,,Enterococcus faecium
52901674,SAMN52901674,,AMC2058,Bos taurus [NCBITaxon:9913]; Fecal composite [GENEPIO:0004512]; Animal pen [ENVO:03501387]; Dairy farm [ENVO:03501416],Bos taurus [NCBITaxon:9913],2023-07-10,Canada:British Columbia,,,,,,,,,Enterococcus faecium
52901673,SAMN52901673,,AMC2055,Bos taurus [NCBITaxon:9913]; Fecal composite [GENEPIO:0004512]; Animal pen [ENVO:03501387]; Dairy farm [ENVO:03501416],Bos taurus [NCBITaxon:9913],2023-07-10,Canada:British Columbia,,,,,,,,,Enterococcus faecium
52901672,SAMN52901672,,AMC2049,Bos taurus [NCBITaxon:9913]; Fecal composite [GENEPIO:0004512]; Animal pen [ENVO:03501387]; Dairy farm [ENVO:03501416],Bos taurus [NCBITaxon:9913],2023-07-10,Canada:British Columbia,,,,,,,,,Enterococcus faecium
52901671,SAMN52901671,,AMC1975,Creek [ENVO:03501405]; Dairy farm [ENVO:03501416],Not Applicable [GENEPIO:0001619],2023-05-08,Canada:British Columbia,,,,,,,,,Enterococcus faecium
52901670,SAMN52901670,,AMC1971,Creek [ENVO:03501405]; Dairy farm [ENVO:03501416],Not Applicable [GENEPIO:0001619],2023-05-08,Canada:British Columbia,,,,,,,,,Enterococcus faecium
52901669,SAMN52901669,,AMC1852,Bos taurus [NCBITaxon:9913]; Fecal composite [GENEPIO:0004512]; Animal pen [ENVO:03501387]; Dairy farm [ENVO:03501416],Bos taurus [NCBITaxon:9913],2023-05-02,Canada:British Columbia,,,,,,,,,Enterococcus faecium
52901668,SAMN52901668,,AMC1835,Bos taurus [NCBITaxon:9913]; Fecal composite [GENEPIO:0004512]; Animal pen [ENVO:03501387]; Dairy farm [ENVO:03501416],Bos taurus [NCBITaxon:9913],2023-05-02,Canada:British Columbia,,,,,,,,,Enterococcus faecium
52901667,SAMN52901667,,AMC1834,Bos taurus [NCBITaxon:9913]; Fecal composite [GENEPIO:0004512]; Animal pen [ENVO:03501387]; Dairy farm [ENVO:03501416],Bos taurus [NCBITaxon:9913],2023-05-02,Canada:British Columbia,,,,,,,,,Enterococcus faecium
52901666,SAMN52901666,,AMC1776,Wastewater treatment plant [ENVO:00002272],Not Applicable [GENEPIO:0001619],2023-04-18,Canada:British Columbia,,,,,,,,,Enterococcus faecium
52901665,SAMN52901665,,AMC1775,Wastewater treatment plant [ENVO:00002272],Not Applicable [GENEPIO:0001619],2023-04-18,Canada:British Columbia,,,,,,,,,Enterococcus faecium
52901664,SAMN52901664,,AMC1772,Wastewater treatment plant [ENVO:00002272],Not Applicable [GENEPIO:0001619],2023-04-18,Canada:British Columbia,,,,,,,,,Enterococcus faecium
52901663,SAMN52901663,,AMC1759,Creek [ENVO:03501405]; Dairy farm [ENVO:03501416],Not Applicable [GENEPIO:0001619],2023-04-17,Canada:British Columbia,,,,,,,,,Enterococcus faecium
52901662,SAMN52901662,,AMC1757,Creek [ENVO:03501405]; Dairy farm [ENVO:03501416],Not Applicable [GENEPIO:0001619],2023-04-17,Canada:British Columbia,,,,,,,,,Enterococcus faecium
52901661,SAMN52901661,,AMC1754,Creek [ENVO:03501405]; Dairy farm [ENVO:03501416],Not Applicable [GENEPIO:0001619],2023-04-17,Canada:British Columbia,,,,,,,,,Enterococcus faecium
52901660,SAMN52901660,,AMC1708,Bos taurus [NCBITaxon:9913]; Fecal composite [GENEPIO:0004512]; Animal pen [ENVO:03501387]; Dairy farm [ENVO:03501416],Bos taurus [NCBITaxon:9913],2023-04-17,Canada:British Columbia,,,,,,,,,Enterococcus faecium
52901659,SAMN52901659,,AMC1707,Bos taurus [NCBITaxon:9913]; Fecal composite [GENEPIO:0004512]; Animal pen [ENVO:03501387]; Dairy farm [ENVO:03501416],Bos taurus [NCBITaxon:9913],2023-04-17,Canada:British Columbia,,,,,,,,,Enterococcus faecium
52901658,SAMN52901658,,AMC1646,Creek [ENVO:03501405]; Dairy farm [ENVO:03501416],Not Applicable [GENEPIO:0001619],2023-03-06,Canada:British Columbia,,,,,,,,,Enterococcus faecium
52901657,SAMN52901657,,AMC1644,Creek [ENVO:03501405]; Dairy farm [ENVO:03501416],Not Applicable [GENEPIO:0001619],2023-03-06,Canada:British Columbia,,,,,,,,,Enterococcus faecium
52901656,SAMN52901656,,AMC1642,Creek [ENVO:03501405]; Dairy farm [ENVO:03501416],Not Applicable [GENEPIO:0001619],2023-03-06,Canada:British Columbia,,,,,,,,,Enterococcus faecium
52901655,SAMN52901655,,AMC1622,Dairy farm [ENVO:03501416]; Manure pit [ENVO:01001872]; Bos taurus [NCBITaxon:9913]; Fecal composite [GENEPIO:0004512],Bos taurus [NCBITaxon:9913],2023-03-06,Canada:British Columbia,,,,,,,,,Enterococcus faecium
52901654,SAMN52901654,,AMC1615,Bos taurus [NCBITaxon:9913]; Fecal composite [GENEPIO:0004512]; Animal pen [ENVO:03501387]; Dairy farm [ENVO:03501416],Bos taurus [NCBITaxon:9913],2023-03-06,Canada:British Columbia,,,,,,,,,Enterococcus faecium
52901653,SAMN52901653,,AMC1563,Wastewater treatment plant [ENVO:00002272],Not Applicable [GENEPIO:0001619],2023-02-21,Canada:British Columbia,,,,,,,,,Enterococcus faecium
52901652,SAMN52901652,,AMC1562,Wastewater treatment plant [ENVO:00002272],Not Applicable [GENEPIO:0001619],2023-02-21,Canada:British Columbia,,,,,,,,,Enterococcus faecium
52901651,SAMN52901651,,AMC1559,Wastewater treatment plant [ENVO:00002272],Not Applicable [GENEPIO:0001619],2023-02-21,Canada:British Columbia,,,,,,,,,Enterococcus faecium
52901650,SAMN52901650,,AMC1557,Wastewater treatment plant [ENVO:00002272],Not Applicable [GENEPIO:0001619],2023-02-21,Canada:British Columbia,,,,,,,,,Enterococcus faecium
52901649,SAMN52901649,,AMC1555,Wastewater treatment plant [ENVO:00002272],Not Applicable [GENEPIO:0001619],2023-02-21,Canada:British Columbia,,,,,,,,,Enterococcus faecium
52901648,SAMN52901648,,AMC1554,Wastewater treatment plant [ENVO:00002272],Not Applicable [GENEPIO:0001619],2023-02-21,Canada:British Columbia,,,,,,,,,Enterococcus faecium
52901647,SAMN52901647,,AMC1541,Wastewater treatment plant [ENVO:00002272],Not Applicable [GENEPIO:0001619],2023-02-21,Canada:British Columbia,,,,,,,,,Enterococcus faecium
52901646,SAMN52901646,,AMC1537,Wastewater treatment plant [ENVO:00002272],Not Applicable [GENEPIO:0001619],2023-02-21,Canada:British Columbia,,,,,,,,,Enterococcus faecium
52901645,SAMN52901645,,AMC1519,Creek [ENVO:03501405]; Dairy farm [ENVO:03501416],Not Applicable [GENEPIO:0001619],2023-02-13,Canada:British Columbia,,,,,,,,,Enterococcus faecium
52901644,SAMN52901644,,AMC1514,Creek [ENVO:03501405]; Dairy farm [ENVO:03501416],Not Applicable [GENEPIO:0001619],2023-02-13,Canada:British Columbia,,,,,,,,,Enterococcus faecium
52901643,SAMN52901643,,AMC1511,Dairy farm [ENVO:03501416]; Manure pit [ENVO:01001872]; Bos taurus [NCBITaxon:9913]; Fecal composite [GENEPIO:0004512],Bos taurus [NCBITaxon:9913],2023-02-13,Canada:British Columbia,,,,,,,,,Enterococcus faecium
52901642,SAMN52901642,,AMC1508,Dairy farm [ENVO:03501416]; Manure pit [ENVO:01001872]; Bos taurus [NCBITaxon:9913]; Fecal composite [GENEPIO:0004512],Bos taurus [NCBITaxon:9913],2023-02-13,Canada:British Columbia,,,,,,,,,Enterococcus faecium
52901641,SAMN52901641,,AMC1503,Bos taurus [NCBITaxon:9913]; Fecal composite [GENEPIO:0004512]; Animal pen [ENVO:03501387]; Dairy farm [ENVO:03501416],Bos taurus [NCBITaxon:9913],2023-02-13,Canada:British Columbia,,,,,,,,,Enterococcus faecium
52901640,SAMN52901640,,AMC1498,Bos taurus [NCBITaxon:9913]; Fecal composite [GENEPIO:0004512]; Animal pen [ENVO:03501387]; Dairy farm [ENVO:03501416],Bos taurus [NCBITaxon:9913],2023-02-13,Canada:British Columbia,,,,,,,,,Enterococcus faecium
52901639,SAMN52901639,,AMC1494,Bos taurus [NCBITaxon:9913]; Fecal composite [GENEPIO:0004512]; Animal pen [ENVO:03501387]; Dairy farm [ENVO:03501416],Bos taurus [NCBITaxon:9913],2023-02-13,Canada:British Columbia,,,,,,,,,Enterococcus faecium
52901638,SAMN52901638,,AMC1484,Bos taurus [NCBITaxon:9913]; Fecal composite [GENEPIO:0004512]; Animal pen [ENVO:03501387]; Dairy farm [ENVO:03501416],Bos taurus [NCBITaxon:9913],2023-02-13,Canada:British Columbia,,,,,,,,,Enterococcus faecium
52901637,SAMN52901637,,AMC1404,Bos taurus [NCBITaxon:9913]; Fecal composite [GENEPIO:0004512]; Animal pen [ENVO:03501387]; Dairy farm [ENVO:03501416],Bos taurus [NCBITaxon:9913],2023-02-06,Canada:British Columbia,,,,,,,,,Enterococcus faecium
52901636,SAMN52901636,,AMC1394,Dairy farm [ENVO:03501416]; Agricultural Field [ENVO:00000114]; Agricultural soil [ENVO:00002259],Not Applicable [GENEPIO:0001619],2023-02-06,Canada:British Columbia,,,,,,,,,Enterococcus faecium
52901635,SAMN52901635,,AMC1386,Bos taurus [NCBITaxon:9913]; Fecal composite [GENEPIO:0004512]; Animal pen [ENVO:03501387]; Dairy farm [ENVO:03501416],Bos taurus [NCBITaxon:9913],2023-02-06,Canada:British Columbia,,,,,,,,,Enterococcus faecium
52901634,SAMN52901634,,AMC1381,Bos taurus [NCBITaxon:9913]; Fecal composite [GENEPIO:0004512]; Animal pen [ENVO:03501387]; Dairy farm [ENVO:03501416],Bos taurus [NCBITaxon:9913],2023-02-06,Canada:British Columbia,,,,,,,,,Enterococcus faecium
52901633,SAMN52901633,,AMC1379,Bos taurus [NCBITaxon:9913]; Fecal composite [GENEPIO:0004512]; Animal pen [ENVO:03501387]; Dairy farm [ENVO:03501416],Bos taurus [NCBITaxon:9913],2023-02-06,Canada:British Columbia,,,,,,,,,Enterococcus faecium
52901632,SAMN52901632,,AMC1277,Creek [ENVO:03501405]; Dairy farm [ENVO:03501416],Not Applicable [GENEPIO:0001619],2022-11-14,Canada:British Columbia,,,,,,,,,Enterococcus faecium
52901631,SAMN52901631,,AMC1275,Creek [ENVO:03501405]; Dairy farm [ENVO:03501416],Not Applicable [GENEPIO:0001619],2022-11-14,Canada:British Columbia,,,,,,,,,Enterococcus faecium
52901630,SAMN52901630,,AMC1274,Creek [ENVO:03501405]; Dairy farm [ENVO:03501416],Not Applicable [GENEPIO:0001619],2022-11-14,Canada:British Columbia,,,,,,,,,Enterococcus faecium
52901629,SAMN52901629,,AMC1187,Wastewater treatment plant [ENVO:00002272],Not Applicable [GENEPIO:0001619],2022-11-07,Canada:British Columbia,,,,,,,,,Enterococcus faecium
52901628,SAMN52901628,,AMC1185,Wastewater treatment plant [ENVO:00002272],Not Applicable [GENEPIO:0001619],2022-11-07,Canada:British Columbia,,,,,,,,,Enterococcus faecium
52901627,SAMN52901627,,AMC1183,Wastewater treatment plant [ENVO:00002272],Not Applicable [GENEPIO:0001619],2022-11-07,Canada:British Columbia,,,,,,,,,Enterococcus faecium
52901626,SAMN52901626,,AMC1147,Creek [ENVO:03501405]; Dairy farm [ENVO:03501416],Not Applicable [GENEPIO:0001619],2022-11-07,Canada:British Columbia,,,,,,,,,Enterococcus faecium
52901625,SAMN52901625,,AMC1056,Wastewater treatment plant [ENVO:00002272],Not Applicable [GENEPIO:0001619],2022-10-31,Canada:British Columbia,,,,,,,,,Enterococcus faecium
54431021,SAMEA120862807,,,,,,,,,,,,,,,Enterococcus faecium
54430829,SAMEA120862802,,,,,,,,,,,,,,,Enterococcus faecium
54430610,SAMEA120862794,,,,,,,,,,,,,,,Enterococcus faecium
54430512,SAMEA120862800,,,,,,,,,,,,,,,Enterococcus faecium
54430261,SAMEA120862795,,,,,,,,,,,,,,,Enterococcus faecium
54430122,SAMEA120862786,,,,,,,,,,,,,,,Enterococcus faecium
54429916,SAMEA120862801,,,,,,,,,,,,,,,Enterococcus faecium
54429776,SAMEA120862791,,,,,,,,,,,,,,,Enterococcus faecium
54429586,SAMEA120862787,,,,,,,,,,,,,,,Enterococcus faecium
54428784,SAMEA120862796,,,,,,,,,,,,,,,Enterococcus faecium
54428762,SAMEA120862810,,,,,,,,,,,,,,,Enterococcus faecium
54428760,SAMEA120862792,,,,,,,,,,,,,,,Enterococcus faecium
54428656,SAMEA120862790,,,,,,,,,,,,,,,Enterococcus faecium
54428340,SAMEA120862811,,,,,,,,,,,,,,,Enterococcus faecium
54428166,SAMEA120862804,,,,,,,,,,,,,,,Enterococcus faecium
54428102,SAMEA120862789,,,,,,,,,,,,,,,Enterococcus faecium
54427828,SAMEA120862798,,,,,,,,,,,,,,,Enterococcus faecium
54427681,SAMEA120862993,,,,,,,,,,,,,,,Enterococcus faecium
54427634,SAMEA120862808,,,,,,,,,,,,,,,Enterococcus faecium
54427168,SAMEA120862809,,,,,,,,,,,,,,,Enterococcus faecium
54426842,SAMEA120862803,,,,,,,,,,,,,,,Enterococcus faecium
54425753,SAMEA120862799,,,,,,,,,,,,,,,Enterococcus faecium
54425626,SAMEA120862805,,,,,,,,,,,,,,,Enterococcus faecium
54425464,SAMEA120862793,,,,,,,,,,,,,,,Enterococcus faecium
54425307,SAMEA120862797,,,,,,,,,,,,,,,Enterococcus faecium
54424945,SAMEA120862995,,,,,,,,,,,,,,,Enterococcus faecium
54424373,SAMEA120862806,,,,,,,,,,,,,,,Enterococcus faecium
54424094,SAMEA120862788,,,,,,,,,,,,,,,Enterococcus faecium
45874024,SAMN45874024,,5083,secretion,Homo sapiens,2015-06-15,China: Chongqing,,,,,,,,,Enterococcus faecium
45828633,SAMN45828633,,,bovine feces,,2016,USA:TX,,,,,,,,,Enterococcus faecium
45828204,SAMN45828204,,,swine feces,,2004,USA:Texas,,,,,,,,,Enterococcus faecium
45828203,SAMN45828203,,,swine feces,,2004,USA:Texas,,,,,,,,,Enterococcus faecium
45828202,SAMN45828202,,,swine feces,,2004,USA:Texas,,,,,,,,,Enterococcus faecium
45828201,SAMN45828201,,,swine feces,,2004,USA:Texas,,,,,,,,,Enterococcus faecium
45828199,SAMN45828199,,,swine feces,,2004,USA:Texas,,,,,,,,,Enterococcus faecium
45828198,SAMN45828198,,,swine feces,,2004,USA:Texas,,,,,,,,,Enterococcus faecium
45828196,SAMN45828196,,,wastewater,,2004,USA:Texas,,,,,,,,,Enterococcus faecium
45828193,SAMN45828193,,,wastewater,,2004,USA:Texas,,,,,,,,,Enterococcus faecium
45828192,SAMN45828192,,,wastewater,,2004,USA:Texas,,,,,,,,,Enterococcus faecium
45828191,SAMN45828191,,,wastewater,,2004,USA:Texas,,,,,,,,,Enterococcus faecium
45828190,SAMN45828190,,,wastewater,,2004,USA:Texas,,,,,,,,,Enterococcus faecium
45828189,SAMN45828189,,,wastewater,,2004,USA:Texas,,,,,,,,,Enterococcus faecium
45828188,SAMN45828188,,,wastewater,,2004,USA:Texas,,,,,,,,,Enterococcus faecium
45828187,SAMN45828187,,,wastewater,,2004,USA:Texas,,,,,,,,,Enterococcus faecium
45828186,SAMN45828186,,,wastewater,,2004,USA:Texas,,,,,,,,,Enterococcus faecium
45828184,SAMN45828184,,,wastewater,,2004,USA:Texas,,,,,,,,,Enterococcus faecium
45828183,SAMN45828183,,,wastewater,,2004,USA:Texas,,,,,,,,,Enterococcus faecium
45828182,SAMN45828182,,,wastewater,,2004,USA:Texas,,,,,,,,,Enterococcus faecium
45828181,SAMN45828181,,,wastewater,,2004,USA:Texas,,,,,,,,,Enterococcus faecium
45828180,SAMN45828180,,,wastewater,,2004,USA:Texas,,,,,,,,,Enterococcus faecium
45828178,SAMN45828178,,,wastewater,,2004,USA:Texas,,,,,,,,,Enterococcus faecium
45828177,SAMN45828177,,,wastewater,,2004,USA:Texas,,,,,,,,,Enterococcus faecium
45828175,SAMN45828175,,,wastewater,,2004,USA:Texas,,,,,,,,,Enterococcus faecium
45828174,SAMN45828174,,,wastewater,,2004,USA:Texas,,,,,,,,,Enterococcus faecium
45828173,SAMN45828173,,,wastewater,,2004,USA:Texas,,,,,,,,,Enterococcus faecium
54389922,SAMEA120787933,,,,,,,,,,,,,,,Enterococcus faecium
54389909,SAMEA120787949,,,,,,,,,,,,,,,Enterococcus faecium
54389902,SAMEA120787961,,,,,,,,,,,,,,,Enterococcus faecium
54389895,SAMEA120787994,,,,,,,,,,,,,,,Enterococcus faecium
54389854,SAMEA120787928,,,,,,,,,,,,,,,Enterococcus faecium
44472746,SAMN44472746,,NN-EF52,Rectal Swab,Homo sapiens,2023-05-26,Netherlands: Groningen,,,,,,,,,Enterococcus faecium
44472285,SAMN44472285,,NN-EF51,Rectal Swab,Homo sapiens,2023-05-23,Netherlands: Groningen,,,,,,,,,Enterococcus faecium
44471504,SAMN44471504,,NN-EF50,Rectal Swab,Homo sapiens,2023-06-29,Netherlands: Groningen,,,,,,,,,Enterococcus faecium
44471306,SAMN44471306,,NN-EF43,Rectal Swab,Homo sapiens,2023-06-06,Netherlands: Groningen,,,,,,,,,Enterococcus faecium
44471281,SAMN44471281,,NN-EF41,Rectal Swab,Homo sapiens,2023-06-04,Netherlands: Groningen,,,,,,,,,Enterococcus faecium
44471215,SAMN44471215,,NN-EF38,Rectal Swab,Homo sapiens,2023-05-14,Netherlands: Groningen,,,,,,,,,Enterococcus faecium
44471185,SAMN44471185,,NN-EF37,Rectal Swab,Homo sapiens,2023-04-17,Netherlands: Groningen,,,,,,,,,Enterococcus faecium
44471164,SAMN44471164,,NN-EF35,Rectal Swab,Homo sapiens,2023-03-31,Netherlands: Groningen,,,,,,,,,Enterococcus faecium
44471134,SAMN44471134,,NN-EF29,Rectal Swab,Homo sapiens,2023-02-17,Netherlands: Groningen,,,,,,,,,Enterococcus faecium
44471115,SAMN44471115,,NN-EF26,Rectal Swab,Homo sapiens,2023-02-04,Netherlands: Groningen,,,,,,,,,Enterococcus faecium
44471110,SAMN44471110,,NN-EF25,Rectal Swab,Homo sapiens,2023-01-24,Netherlands: Groningen,,,,,,,,,Enterococcus faecium
44471095,SAMN44471095,,NN-EF16,Rectal Swab,Homo sapiens,2022-11-21,Netherlands: Groningen,,,,,,,,,Enterococcus faecium
44471072,SAMN44471072,,NN-EF15,Rectal Swab,Homo sapiens,2022-11-14,Netherlands: Groningen,,,,,,,,,Enterococcus faecium
44471051,SAMN44471051,,NN-EF13,Rectal Swab,Homo sapiens,2022-08-18,Netherlands: Groningen,,,,,,,,,Enterococcus faecium
44470990,SAMN44470990,,NN-EF12,Rectal Swab,Homo sapiens,2022-08-12,Netherlands: Groningen,,,,,,,,,Enterococcus faecium
44470979,SAMN44470979,,NN-EF11,Rectal Swab,Homo sapiens,2022-06-11,Netherlands: Groningen,,,,,,,,,Enterococcus faecium
44470920,SAMN44470920,,NN-EF9,Rectal Swab,Homo sapiens,2022-05-06,Netherlands: Groningen,,,,,,,,,Enterococcus faecium
44470223,SAMN44470223,,NN-EF1,Rectal Swab,Homo sapiens,2021-08-27/2024-01-04,Netherlands: Groningen,,,,,,,,,Enterococcus faecium
38345637,SAMN38345637,,not collected,Membrane Vesicles,,2020-03-01,China: Foshan,,,,,,,,,Enterococcus faecium
38345516,SAMN38345516,,not collected,Membrane Vesicles,,2020-03-01,China: Foshan,,,,,,,,,Enterococcus faecium
38345509,SAMN38345509,,not collected,Membrane Vesicles,,2020-03-01,China: Foshan,,,,,,,,,Enterococcus faecium
38345508,SAMN38345508,,not collected,Membrane Vesicles,,2020-03-01,China: Foshan,,,,,,,,,Enterococcus faecium
38345102,SAMN38345102,,not collected,Membrane Vesicles,,2020-03-01,China: Foshan,,,,,,,,,Enterococcus faecium
38344905,SAMN38344905,,not collected,Membrane Vesicles,,2020-03-01,China: Foshan,,,,,,,,,Enterococcus faecium
38344848,SAMN38344848,,not collected,Membrane Vesicles,,2020-03-01,China: Foshan,,,,,,,,,Enterococcus faecium
54353763,SAMN54353763,,AUSMDU00124272,human,Homo sapiens,2025-10-24,Australia:Victoria,,,,,GCA_054246175.1,Contig,,ftp://ftp.ncbi.nlm.nih.gov/genomes/all/GCA/054/246/175/GCA_054246175.1_PDT003041276.1,Enterococcus faecium
54353762,SAMN54353762,,AUSMDU00124173,human,Homo sapiens,2025-10-22,Australia:Victoria,,,,,GCA_054252005.1,Contig,,ftp://ftp.ncbi.nlm.nih.gov/genomes/all/GCA/054/252/005/GCA_054252005.1_PDT003040595.1,Enterococcus faecium
54353761,SAMN54353761,,AUSMDU00124174,human,Homo sapiens,2025-10-20,Australia:Victoria,,,,,GCA_054251975.1,Contig,,ftp://ftp.ncbi.nlm.nih.gov/genomes/all/GCA/054/251/975/GCA_054251975.1_PDT003040596.1,Enterococcus faecium
54353760,SAMN54353760,,AUSMDU00124175,human,Homo sapiens,2025-10-20,Australia:Victoria,,,,,GCA_054251915.1,Contig,,ftp://ftp.ncbi.nlm.nih.gov/genomes/all/GCA/054/251/915/GCA_054251915.1_PDT003040597.1,Enterococcus faecium
54353759,SAMN54353759,,AUSMDU00124059,human,Homo sapiens,2025-10-13,Australia:Victoria,,,,,,,,,Enterococcus faecium
54353758,SAMN54353758,,AUSMDU00124061,human,Homo sapiens,2025-10-14,Australia:Victoria,,,,,GCA_054251955.1,Contig,,ftp://ftp.ncbi.nlm.nih.gov/genomes/all/GCA/054/251/955/GCA_054251955.1_PDT003040599.1,Enterococcus faecium
54353757,SAMN54353757,,AUSMDU00124055,human,Homo sapiens,2025-10-02,Australia:Victoria,,,,,,,,,Enterococcus faecium
54353756,SAMN54353756,,AUSMDU00124065,human,Homo sapiens,2025-10-16,Australia:Victoria,,,,,GCA_054251935.1,Contig,,ftp://ftp.ncbi.nlm.nih.gov/genomes/all/GCA/054/251/935/GCA_054251935.1_PDT003040601.1,Enterococcus faecium
54353755,SAMN54353755,,AUSMDU00124063,human,Homo sapiens,2025-10-13,Australia:Victoria,,,,,GCA_054251865.1,Contig,,ftp://ftp.ncbi.nlm.nih.gov/genomes/all/GCA/054/251/865/GCA_054251865.1_PDT003040602.1,Enterococcus faecium
54353754,SAMN54353754,,AUSMDU00124057,human,Homo sapiens,2025-10-20,Australia:Victoria,,,,,,,,,Enterococcus faecium
54353753,SAMN54353753,,AUSMDU00124064,human,Homo sapiens,2025-10-06,Australia:Victoria,,,,,,,,,Enterococcus faecium
54353752,SAMN54353752,,AUSMDU00124056,human,Homo sapiens,2025-10-20,Australia:Victoria,,,,,GCA_054251855.1,Contig,,ftp://ftp.ncbi.nlm.nih.gov/genomes/all/GCA/054/251/855/GCA_054251855.1_PDT003040606.1,Enterococcus faecium
54353751,SAMN54353751,,AUSMDU00124062,human,Homo sapiens,2025-10-16,Australia:Victoria,,,,,GCA_054251795.1,Contig,,ftp://ftp.ncbi.nlm.nih.gov/genomes/all/GCA/054/251/795/GCA_054251795.1_PDT003040607.1,Enterococcus faecium
54353750,SAMN54353750,,AUSMDU00124058,human,Homo sapiens,2025-10-12,Australia:Victoria,,,,,GCA_054251815.1,Contig,,ftp://ftp.ncbi.nlm.nih.gov/genomes/all/GCA/054/251/815/GCA_054251815.1_PDT003040608.1,Enterococcus faecium
54353749,SAMN54353749,,AUSMDU00124066,human,Homo sapiens,2025-10-08,Australia:Victoria,,,,,GCA_054251835.1,Contig,,ftp://ftp.ncbi.nlm.nih.gov/genomes/all/GCA/054/251/835/GCA_054251835.1_PDT003040609.1,Enterococcus faecium
54353748,SAMN54353748,,AUSMDU00123952,human,Homo sapiens,2025-10-13,Australia:Victoria,,,,,,,,,Enterococcus faecium
54353747,SAMN54353747,,AUSMDU00123950,human,Homo sapiens,2025-10-17,Australia:Victoria,,,,,GCA_054251755.1,Contig,,ftp://ftp.ncbi.nlm.nih.gov/genomes/all/GCA/054/251/755/GCA_054251755.1_PDT003040611.1,Enterococcus faecium
54353746,SAMN54353746,,AUSMDU00123949,human,Homo sapiens,2025-10-08,Australia:Victoria,,,,,GCA_054251775.1,Contig,,ftp://ftp.ncbi.nlm.nih.gov/genomes/all/GCA/054/251/775/GCA_054251775.1_PDT003040612.1,Enterococcus faecium
54353745,SAMN54353745,,AUSMDU00123951,human,Homo sapiens,2025-10-08,Australia:Victoria,,,,,GCA_054251735.1,Contig,,ftp://ftp.ncbi.nlm.nih.gov/genomes/all/GCA/054/251/735/GCA_054251735.1_PDT003040613.1,Enterococcus faecium
54353744,SAMN54353744,,AUSMDU00123851,human,Homo sapiens,2025-10-14,Australia:Victoria,,,,,GCA_054251695.1,Contig,,ftp://ftp.ncbi.nlm.nih.gov/genomes/all/GCA/054/251/695/GCA_054251695.1_PDT003040614.1,Enterococcus faecium
54353743,SAMN54353743,,AUSMDU00123824,human,Homo sapiens,2025-10-12,Australia:Victoria,,,,,GCA_054251645.1,Contig,,ftp://ftp.ncbi.nlm.nih.gov/genomes/all/GCA/054/251/645/GCA_054251645.1_PDT003040616.1,Enterococcus faecium
54353742,SAMN54353742,,AUSMDU00123861,human,Homo sapiens,2025-10-01,Australia:Victoria,,,,,,,,,Enterococcus faecium
54353741,SAMN54353741,,AUSMDU00123812,human,Homo sapiens,2025-10-05,Australia:Victoria,,,,,,,,,Enterococcus faecium
54353740,SAMN54353740,,AUSMDU00123845,human,Homo sapiens,2025-10-10,Australia:Victoria,,,,,,,,,Enterococcus faecium
54353739,SAMN54353739,,AUSMDU00123876,human,Homo sapiens,2025-10-05,Australia:Victoria,,,,,,,,,Enterococcus faecium
54353738,SAMN54353738,,AUSMDU00123705,human,Homo sapiens,2025-10-09,Australia:Victoria,,,,,,,,,Enterococcus faecium
54353737,SAMN54353737,,AUSMDU00123706,human,Homo sapiens,2025-10-02,Australia:Victoria,,,,,,,,,Enterococcus faecium
54353736,SAMN54353736,,AUSMDU00123582,human,Homo sapiens,2025-10-05,Australia:Victoria,,,,,,,,,Enterococcus faecium
54353735,SAMN54353735,,AUSMDU00123583,human,Homo sapiens,2025-09-26,Australia:Victoria,,,,,,,,,Enterococcus faecium
54353734,SAMN54353734,,AUSMDU00123580,human,Homo sapiens,2025-09-19,Australia:Victoria,,,,,,,,,Enterococcus faecium
54353733,SAMN54353733,,AUSMDU00123589,human,Homo sapiens,2025-09-28,Australia:Victoria,,,,,,,,,Enterococcus faecium
54353732,SAMN54353732,,AUSMDU00123584,human,Homo sapiens,2025-10-02,Australia:Victoria,,,,,GCA_054247915.1,Contig,,ftp://ftp.ncbi.nlm.nih.gov/genomes/all/GCA/054/247/915/GCA_054247915.1_PDT003041089.1,Enterococcus faecium
54353731,SAMN54353731,,AUSMDU00123592,human,Homo sapiens,2025-09-29,Australia:Victoria,,,,,GCA_054247875.1,Contig,,ftp://ftp.ncbi.nlm.nih.gov/genomes/all/GCA/054/247/875/GCA_054247875.1_PDT003041090.1,Enterococcus faecium
54353730,SAMN54353730,,AUSMDU00123704,human,Homo sapiens,2025-09-21,Australia:Victoria,,,,,GCA_054247895.1,Contig,,ftp://ftp.ncbi.nlm.nih.gov/genomes/all/GCA/054/247/895/GCA_054247895.1_PDT003041091.1,Enterococcus faecium
54353729,SAMN54353729,,AUSMDU00123588,human,Homo sapiens,2025-09-22,Australia:Victoria,,,,,,,,,Enterococcus faecium
54353728,SAMN54353728,,AUSMDU00123586,human,Homo sapiens,2025-10-02,Australia:Victoria,,,,,GCA_054247855.1,Contig,,ftp://ftp.ncbi.nlm.nih.gov/genomes/all/GCA/054/247/855/GCA_054247855.1_PDT003041093.1,Enterococcus faecium
54353727,SAMN54353727,,AUSMDU00123591,human,Homo sapiens,2025-10-01,Australia:Victoria,,,,,GCA_054247815.1,Contig,,ftp://ftp.ncbi.nlm.nih.gov/genomes/all/GCA/054/247/815/GCA_054247815.1_PDT003041094.1,Enterococcus faecium
54353726,SAMN54353726,,AUSMDU00123581,human,Homo sapiens,2025-10-01,Australia:Victoria,,,,,GCA_054247795.1,Contig,,ftp://ftp.ncbi.nlm.nih.gov/genomes/all/GCA/054/247/795/GCA_054247795.1_PDT003041095.1,Enterococcus faecium
54353725,SAMN54353725,,AUSMDU00123587,human,Homo sapiens,2025-10-03,Australia:Victoria,,,,,GCA_054247775.1,Contig,,ftp://ftp.ncbi.nlm.nih.gov/genomes/all/GCA/054/247/775/GCA_054247775.1_PDT003041096.1,Enterococcus faecium
54353724,SAMN54353724,,AUSMDU00123446,human,Homo sapiens,2025-10-01,Australia:Victoria,,,,,,,,,Enterococcus faecium
54353723,SAMN54353723,,AUSMDU00123447,human,Homo sapiens,2025-10-01,Australia:Victoria,,,,,,,,,Enterococcus faecium
54353722,SAMN54353722,,AUSMDU00123442,human,Homo sapiens,2025-09-23,Australia:Victoria,,,,,,,,,Enterococcus faecium
54353721,SAMN54353721,,AUSMDU00123444,human,Homo sapiens,2025-09-23,Australia:Victoria,,,,,,,,,Enterococcus faecium
54353720,SAMN54353720,,AUSMDU00123445,human,Homo sapiens,2025-09-23,Australia:Victoria,,,,,GCA_054247735.1,Contig,,ftp://ftp.ncbi.nlm.nih.gov/genomes/all/GCA/054/247/735/GCA_054247735.1_PDT003041102.1,Enterococcus faecium
54353719,SAMN54353719,,AUSMDU00123441,human,Homo sapiens,2025-09-29,Australia:Victoria,,,,,,,,,Enterococcus faecium
54353717,SAMN54353717,,AUSMDU00123425,human,Homo sapiens,2025-09-27,Australia:Victoria,,,,,GCA_054247695.1,Contig,,ftp://ftp.ncbi.nlm.nih.gov/genomes/all/GCA/054/247/695/GCA_054247695.1_PDT003041105.1,Enterococcus faecium
54353716,SAMN54353716,,AUSMDU00123280,human,Homo sapiens,2025-09-27,Australia:Victoria,,,,,GCA_054247715.1,Contig,,ftp://ftp.ncbi.nlm.nih.gov/genomes/all/GCA/054/247/715/GCA_054247715.1_PDT003041106.1,Enterococcus faecium
54353715,SAMN54353715,,AUSMDU00123268,human,Homo sapiens,2025-09-21,Australia:Victoria,,,,,GCA_054247675.1,Contig,,ftp://ftp.ncbi.nlm.nih.gov/genomes/all/GCA/054/247/675/GCA_054247675.1_PDT003041107.1,Enterococcus faecium
54353714,SAMN54353714,,AUSMDU00123267,human,Homo sapiens,2025-09-19,Australia:Victoria,,,,,GCA_054247655.1,Contig,,ftp://ftp.ncbi.nlm.nih.gov/genomes/all/GCA/054/247/655/GCA_054247655.1_PDT003041108.1,Enterococcus faecium
54353713,SAMN54353713,,AUSMDU00123274,human,Homo sapiens,2025-09-21,Australia:Victoria,,,,,,,,,Enterococcus faecium
54875024,SAMN54875024,,PNUSAE221323,stool,,2026-01-07,USA,,,,,,,,,Escherichia coli
54875022,SAMN54875022,,PNUSAE221322,stool,,2026-01-09,USA,,,,,,,,,Escherichia coli
54875019,SAMN54875019,,PNUSAE221320,stool,,2025-12-31,USA,,,,,,,,,Escherichia coli
54874631,SAMN54874631,,PNUSAE221325,stool,,2026-01-04,USA,,,,,,,,,Escherichia coli
54874628,SAMN54874628,,PNUSAE221321,stool,,2025-12-30,USA,,,,,,,,,Escherichia coli
54874236,SAMN54874236,,PNUSAE221318,missing,,2025,USA,,,,,,,,,Escherichia coli
54874235,SAMN54874235,,PNUSAE221319,missing,,2026,USA,,,,,,,,,Escherichia coli
54874232,SAMN54874232,,PNUSAE221317,missing,,2025,USA,,,,,,,,,Escherichia coli
54874182,SAMN54874182,,PNUSAE221316,missing,,2026,USA,,,,,,,,,Escherichia coli
54874155,SAMN54874155,,PNUSAE221315,missing,,2026,USA,,,,,,,,,Escherichia coli
54873388,SAMN54873388,,PNUSAE221313,missing,,2025,USA,,,,,,,,,Escherichia coli
54873387,SAMN54873387,,PNUSAE221303,missing,,2026,USA,,,,,,,,,Escherichia coli
54873383,SAMN54873383,,PNUSAE221314,missing,,2025,USA,,,,,,,,,Escherichia coli
54872973,SAMN54872973,,PNUSAE221312,missing,,2026,USA,,,,,,,,,Escherichia coli
54872887,SAMN54872887,,PNUSAE221302,missing,,2026,USA,,,,,,,,,Escherichia coli
54807666,SAMN54807666,,,Vaginal swab,Cattle,2025-09-01,Bangladesh:Dhaka,,,,,,,,,Escherichia coli
54804728,SAMN54804728,,,Vaginal swab,Goat,2025-09-01,Bangladesh:Dhaka,,,,,,,,,Escherichia coli
54872811,SAMN54872811,,PNUSAE221310,Missing,,2025,USA,,,,,,,,,Escherichia coli
54872799,SAMN54872799,,PNUSAE221311,Missing,,2026,USA,,,,,,,,,Escherichia coli
54872798,SAMN54872798,,PNUSAE221309,Missing,,2026,USA,,,,,,,,,Escherichia coli
54872761,SAMN54872761,,4717,feces,Homo sapiens,2022-06-16,"China: Zhejiang, Hangzhou",,,,,,,,,Escherichia coli
54872693,SAMN54872693,,PNUSAE221307,missing,,2025,USA,,,,,,,,,Escherichia coli
54872595,SAMN54872595,,PNUSAE221305,missing,,2025,USA,,,,,,,,,Escherichia coli
54872249,SAMN54872249,,PNUSAE221306,missing,,2026,USA,,,,,,,,,Escherichia coli
54872248,SAMN54872248,,PNUSAE221292,missing,,2025,USA,,,,,,,,,Escherichia coli
54872244,SAMN54872244,,PNUSAE221304,missing,,2026-01-11,USA,,,,,,,,,Escherichia coli
54872197,SAMN54872197,,PNUSAE221289,missing,,2025,USA,,,,,,,,,Escherichia coli
54872194,SAMN54872194,,PNUSAE221291,missing,,2025,USA,,,,,,,,,Escherichia coli
54872192,SAMN54872192,,PNUSAE221298,missing,,2025,USA,,,,,,,,,Escherichia coli
54872191,SAMN54872191,,PNUSAE221297,missing,,2025,USA,,,,,,,,,Escherichia coli
54872166,SAMN54872166,,PNUSAE221293,missing,,2025,USA,,,,,,,,,Escherichia coli
54872165,SAMN54872165,,PNUSAE221290,missing,,2025,USA,,,,,,,,,Escherichia coli
54872164,SAMN54872164,,PNUSAE221301,missing,,2025,USA,,,,,,,,,Escherichia coli
54872163,SAMN54872163,,PNUSAE221300,missing,,2025,USA,,,,,,,,,Escherichia coli
54872162,SAMN54872162,,PNUSAE221296,missing,,2025,USA,,,,,,,,,Escherichia coli
54872161,SAMN54872161,,PNUSAE221299,missing,,2025,USA,,,,,,,,,Escherichia coli
54871786,SAMN54871786,,PNUSAE221295,missing,,2025,USA,,,,,,,,,Escherichia coli
54871785,SAMN54871785,,PNUSAE221294,missing,,2025,USA,,,,,,,,,Escherichia coli
54871275,SAMN54871275,,PNUSAE221288,missing,,2025,USA,,,,,,,,,Escherichia coli
54871217,SAMN54871217,,PNUSAE221287,missing,,2025,USA,,,,,,,,,Escherichia coli
54870991,SAMN54870991,,PNUSAE221285,missing,,2026,USA,,,,,,,,,Escherichia coli
54870972,SAMN54870972,,PNUSAE221284,missing,,2025,USA,,,,,,,,,Escherichia coli
54870887,SAMN54870887,,PNUSAE221278,missing,,2025,USA,,,,,,,,,Escherichia coli
54870559,SAMN54870559,,2026EP-00019,sputum,Homo sapiens,2025,USA,,,,,,,,,Escherichia coli
54870226,SAMN54870226,,PNUSAE221283,missing,,2025,USA,,,,,,,,,Escherichia coli
54870225,SAMN54870225,,PNUSAE221282,missing,,2025,USA,,,,,,,,,Escherichia coli
54870181,SAMN54870181,,PNUSAE221279,missing,,2025,USA,,,,,,,,,Escherichia coli
54870180,SAMN54870180,,PNUSAE221281,missing,,2025,USA,,,,,,,,,Escherichia coli
54870176,SAMN54870176,,PNUSAE221277,missing,,2025,USA,,,,,,,,,Escherichia coli
54870050,SAMN54870050,,,urine,Homo sapiens,2026,USA,,,,,,,,,Escherichia coli
54869979,SAMN54869979,,25MD12CB02-EC,Chicken chicken wings,,2025-12,missing,,,,,,,,,Escherichia coli
54848585,SAMN54848585,,PNUSAE221273,missing,,2026,USA,,,,,,,,,Escherichia coli
54848575,SAMN54848575,,PNUSAE221274,missing,,2026,USA,,,,,,,,,Escherichia coli
54795238,SAMEA120657828,,,missing,,,,,,,,,,,,Escherichia coli
54786236,SAMEA120937468,,,human vagina,,,,,,,,,,,,Escherichia coli
54781493,SAMEA120658052,,,missing,,,,,,,,,,,,Escherichia coli
54808057,SAMN54808057,,MSI26,Local fish market,Trichiurus lepturus,2024-04-24,Bangladesh:Patuakhali,,,,,,,,,Escherichia coli
54807556,SAMN54807556,,DSI26,fish,Trichiurus lepturus,2025-11-13,Bangladesh: Patuakhali,,,,,,,,,Escherichia coli
54771233,SAMN54771233,,01895259,human,Homo sapiens,2026-01,United Kingdom: United Kingdom,,,,,,,,,Escherichia coli
54770968,SAMN54770968,,01895268,human,Homo sapiens,2026-01,United Kingdom: United Kingdom,,,,,,,,,Escherichia coli
54770964,SAMN54770964,,01895255,human,Homo sapiens,2026-01,United Kingdom: United Kingdom,,,,,,,,,Escherichia coli
54770939,SAMN54770939,,01895266,human,Homo sapiens,2026-01,United Kingdom: United Kingdom,,,,,,,,,Escherichia coli
54770938,SAMN54770938,,01895262,human,Homo sapiens,2026-01,United Kingdom: United Kingdom,,,,,,,,,Escherichia coli
54770937,SAMN54770937,,01895269,human,Homo sapiens,2026-01,United Kingdom: United Kingdom,,,,,,,,,Escherichia coli
54770936,SAMN54770936,,01895263,human,Homo sapiens,2026-01,United Kingdom: United Kingdom,,,,,,,,,Escherichia coli
54770881,SAMN54770881,,01895270,human,Homo sapiens,2026-01,United Kingdom: United Kingdom,,,,,,,,,Escherichia coli
54770880,SAMN54770880,,01895261,human,Homo sapiens,2026-01,United Kingdom: United Kingdom,,,,,,,,,Escherichia coli
54770873,SAMN54770873,,01895253,human,Homo sapiens,2026-01,United Kingdom: United Kingdom,,,,,,,,,Escherichia coli
54770872,SAMN54770872,,01895074,human,Homo sapiens,2026-01,United Kingdom: United Kingdom,,,,,,,,,Escherichia coli
54770871,SAMN54770871,,01895260,human,Homo sapiens,2026-01,United Kingdom: United Kingdom,,,,,,,,,Escherichia coli
54770870,SAMN54770870,,01895071,human,Homo sapiens,2026-01,United Kingdom: United Kingdom,,,,,,,,,Escherichia coli
54770869,SAMN54770869,,01895258,human,Homo sapiens,2026-01,United Kingdom: United Kingdom,,,,,,,,,Escherichia coli
54770868,SAMN54770868,,01895272,human,Homo sapiens,2026-01,United Kingdom: United Kingdom,,,,,,,,,Escherichia coli
54770866,SAMN54770866,,01895271,human,Homo sapiens,2026-01,United Kingdom: United Kingdom,,,,,,,,,Escherichia coli
54770863,SAMN54770863,,01895265,human,Homo sapiens,2026-01,United Kingdom: United Kingdom,,,,,GCA_054666265.1,Contig,,,Escherichia coli
54770862,SAMN54770862,,01895254,human,Homo sapiens,2026-01,United Kingdom: United Kingdom,,,,,,,,,Escherichia coli
54770861,SAMN54770861,,01895264,human,Homo sapiens,2026-01,United Kingdom: United Kingdom,,,,,GCA_054666295.1,Contig,,,Escherichia coli
54748889,SAMN54748889,,DH5[alpha],,,missing,missing,,,,,,,,,Escherichia coli
54748888,SAMN54748888,,DH5[alpha],,,missing,missing,,,,,,,,,Escherichia coli
54748887,SAMN54748887,,DH5[alpha],,,missing,missing,,,,,,,,,Escherichia coli
54748886,SAMN54748886,,DH5[alpha],,,missing,missing,,,,,,,,,Escherichia coli
54748885,SAMN54748885,,DH5[alpha],,,missing,missing,,,,,,,,,Escherichia coli
54748884,SAMN54748884,,DH5[alpha],,,missing,missing,,,,,,,,,Escherichia coli
54807259,SAMN54807259,,YZ_2_2_complete,Tool,,2023-06-12,China:Heyuan,,,,,,,,,Escherichia coli
54807258,SAMN54807258,,YZ_2_1_complete,Tool,,2023-06-12,China:Heyuan,,,,,,,,,Escherichia coli
54807257,SAMN54807257,,YJR_complete,Tool,,2023-06-12,China:Heyuan,,,,,,,,,Escherichia coli
54807256,SAMN54807256,,YDMW_2_complete,Sewage,,2023-06-12,China:Heyuan,,,,,,,,,Escherichia coli
54807255,SAMN54807255,,XS_1_1_complete,Tool,,2023-06-12,China:Heyuan,,,,,,,,,Escherichia coli
54807254,SAMN54807254,,XPFI_3_2_complete,Tool,,2023-06-12,China:Heyuan,,,,,,,,,Escherichia coli
54807253,SAMN54807253,,XPF_3_complete,Pork,,2023-06-12,China:Heyuan,,,,,,,,,Escherichia coli
54807248,SAMN54807248,,KPM-1,urine,Homo sapiens,2025-06-15,India,,,,,,,,,Escherichia coli
54807192,SAMN54807192,,CFV-1,Cattle feces,,2024-11-24,India: Kanchipuram,,,,,,,,,Escherichia coli
54804745,SAMN54804745,,,,Homo sapiens,,,,,,,,,,,Escherichia coli
54804740,SAMN54804740,,,,Homo sapiens,,,,,,,,,,,Escherichia coli
54804737,SAMN54804737,,,,Homo sapiens,,,,,,,,,,,Escherichia coli
54804486,SAMN54804486,,PNUSAE220982,missing,,2025,USA,,,,,GCA_054666315.1,Contig,,,Escherichia coli
54804162,SAMN54804162,,PNUSAE221235,missing,,2026,USA,,,,,GCA_054666215.1,Contig,,ftp://ftp.ncbi.nlm.nih.gov/genomes/all/GCA/054/666/215/GCA_054666215.1_PDT003064384.1,Escherichia coli
54804160,SAMN54804160,,PNUSAE221236,missing,,2026,USA,,,,,GCA_054661175.1,Contig,,ftp://ftp.ncbi.nlm.nih.gov/genomes/all/GCA/054/661/175/GCA_054661175.1_PDT003064382.1,Escherichia coli
54804159,SAMN54804159,,PNUSAE221232,missing,,2026,USA,,,,,GCA_054661995.1,Contig,,ftp://ftp.ncbi.nlm.nih.gov/genomes/all/GCA/054/661/995/GCA_054661995.1_PDT003064381.1,Escherichia coli
54804155,SAMN54804155,,PNUSAE221249,missing,,2025,USA,,,,,GCA_054662045.1,Contig,,ftp://ftp.ncbi.nlm.nih.gov/genomes/all/GCA/054/662/045/GCA_054662045.1_PDT003064378.1,Escherichia coli
54804154,SAMN54804154,,PNUSAE221237,missing,,2025,USA,,,,,GCA_054662155.1,Contig,,ftp://ftp.ncbi.nlm.nih.gov/genomes/all/GCA/054/662/155/GCA_054662155.1_PDT003064372.1,Escherichia coli
54804151,SAMN54804151,,PNUSAE221246,missing,,2025,USA,,,,,GCA_054662015.1,Contig,,ftp://ftp.ncbi.nlm.nih.gov/genomes/all/GCA/054/662/015/GCA_054662015.1_PDT003064374.1,Escherichia coli
54804150,SAMN54804150,,PNUSAE221247,missing,,2025,USA,,,,,GCA_054662975.1,Contig,,ftp://ftp.ncbi.nlm.nih.gov/genomes/all/GCA/054/662/975/GCA_054662975.1_PDT003064376.1,Escherichia coli
54804149,SAMN54804149,,PNUSAE221245,missing,,2025,USA,,,,,GCA_054662105.1,Contig,,ftp://ftp.ncbi.nlm.nih.gov/genomes/all/GCA/054/662/105/GCA_054662105.1_PDT003064375.1,Escherichia coli
54804147,SAMN54804147,,PNUSAE221248,missing,,2025,USA,,,,,GCA_054662275.1,Contig,,ftp://ftp.ncbi.nlm.nih.gov/genomes/all/GCA/054/662/275/GCA_054662275.1_PDT003064368.1,Escherichia coli
54804146,SAMN54804146,,PNUSAE221242,missing,,2025,USA,,,,,GCA_054662135.1,Contig,,ftp://ftp.ncbi.nlm.nih.gov/genomes/all/GCA/054/662/135/GCA_054662135.1_PDT003064371.1,Escherichia coli
54804143,SAMN54804143,,PNUSAE221243,missing,,2026,USA,,,,,GCA_054662235.1,Contig,,ftp://ftp.ncbi.nlm.nih.gov/genomes/all/GCA/054/662/235/GCA_054662235.1_PDT003064370.1,Escherichia coli
54804142,SAMN54804142,,PNUSAE221244,missing,,2025,USA,,,,,GCA_054662295.1,Contig,,ftp://ftp.ncbi.nlm.nih.gov/genomes/all/GCA/054/662/295/GCA_054662295.1_PDT003064367.1,Escherichia coli
54804138,SAMN54804138,,PNUSAE221229,missing,,2026,USA,,,,,GCA_054662375.1,Contig,,ftp://ftp.ncbi.nlm.nih.gov/genomes/all/GCA/054/662/375/GCA_054662375.1_PDT003064366.1,Escherichia coli
54804137,SAMN54804137,,PNUSAE221233,missing,,2025,USA,,,,,GCA_054662415.1,Contig,,ftp://ftp.ncbi.nlm.nih.gov/genomes/all/GCA/054/662/415/GCA_054662415.1_PDT003064365.1,Escherichia coli
54804135,SAMN54804135,,PNUSAE221230,missing,,2026,USA,,,,,GCA_054662435.1,Contig,,ftp://ftp.ncbi.nlm.nih.gov/genomes/all/GCA/054/662/435/GCA_054662435.1_PDT003064363.1,Escherichia coli
54804080,SAMN54804080,,PNUSAE221228,missing,,2026,USA,,,,,GCA_054662475.1,Contig,,ftp://ftp.ncbi.nlm.nih.gov/genomes/all/GCA/054/662/475/GCA_054662475.1_PDT003064359.1,Escherichia coli
54804077,SAMN54804077,,PNUSAE221238,missing,,2025,USA,,,,,GCA_054662515.1,Contig,,ftp://ftp.ncbi.nlm.nih.gov/genomes/all/GCA/054/662/515/GCA_054662515.1_PDT003064356.1,Escherichia coli
54804073,SAMN54804073,,PNUSAE221240,missing,,2025,USA,,,,,,,,,Escherichia coli
54804071,SAMN54804071,,PNUSAE221241,missing,,2025,USA,,,,,GCA_054662545.1,Contig,,ftp://ftp.ncbi.nlm.nih.gov/genomes/all/GCA/054/662/545/GCA_054662545.1_PDT003064350.1,Escherichia coli
54804070,SAMN54804070,,PNUSAE221239,missing,,2025,USA,,,,,GCA_054662615.1,Contig,,ftp://ftp.ncbi.nlm.nih.gov/genomes/all/GCA/054/662/615/GCA_054662615.1_PDT003064349.1,Escherichia coli
54803922,SAMN54803922,,PNUSAE221234,missing,,2026,USA,,,,,GCA_054662635.1,Contig,,ftp://ftp.ncbi.nlm.nih.gov/genomes/all/GCA/054/662/635/GCA_054662635.1_PDT003064341.1,Escherichia coli
54803766,SAMN54803766,,UMB10257,,Homo sapiens,,,,,,,,,,,Escherichia coli
54803649,SAMN54803649,,PNUSAE221226,missing,,2026,USA,,,,,GCA_054660115.1,Contig,,ftp://ftp.ncbi.nlm.nih.gov/genomes/all/GCA/054/660/115/GCA_054660115.1_PDT003064313.1,Escherichia coli
54803640,SAMN54803640,,PNUSAE221224,missing,,2026,USA,,,,,GCA_054657135.1,Contig,,ftp://ftp.ncbi.nlm.nih.gov/genomes/all/GCA/054/657/135/GCA_054657135.1_PDT003064309.1,Escherichia coli
54803512,SAMN54803512,,PNUSAE221225,missing,,2026,USA,,,,,GCA_054657195.1,Contig,,ftp://ftp.ncbi.nlm.nih.gov/genomes/all/GCA/054/657/195/GCA_054657195.1_PDT003064301.1,Escherichia coli
54803311,SAMN54803311,,PNUSAE221223,missing,,2026,USA,,,,,GCA_054657275.1,Contig,,ftp://ftp.ncbi.nlm.nih.gov/genomes/all/GCA/054/657/275/GCA_054657275.1_PDT003064267.1,Escherichia coli
54803282,SAMN54803282,,PNUSAE221222,missing,,2026,USA,,,,,GCA_054653675.1,Contig,,ftp://ftp.ncbi.nlm.nih.gov/genomes/all/GCA/054/653/675/GCA_054653675.1_PDT003064178.1,Escherichia coli
54802939,SAMN54802939,,PNUSAE221216,missing,,2026,USA,,,,,GCA_054653655.1,Contig,,ftp://ftp.ncbi.nlm.nih.gov/genomes/all/GCA/054/653/655/GCA_054653655.1_PDT003064155.1,Escherichia coli
54802937,SAMN54802937,,PNUSAE221217,missing,,2026,USA,,,,,GCA_054656795.1,Contig,,ftp://ftp.ncbi.nlm.nih.gov/genomes/all/GCA/054/656/795/GCA_054656795.1_PDT003064153.1,Escherichia coli
54802812,SAMN54802812,,PNUSAE221215,missing,,2026,USA,,,,,GCA_054653955.1,Contig,,ftp://ftp.ncbi.nlm.nih.gov/genomes/all/GCA/054/653/955/GCA_054653955.1_PDT003064117.1,Escherichia coli
54802624,SAMN54802624,,unknown,unknown,Homo sapiens,2025,USA,,,,,GCA_054653895.1,Contig,,ftp://ftp.ncbi.nlm.nih.gov/genomes/all/GCA/054/653/895/GCA_054653895.1_PDT003064128.1,Escherichia coli
54802200,SAMN54802200,,PNUSAE221214,human,,2025-12-31,USA,,,,,GCA_054651925.1,Contig,,ftp://ftp.ncbi.nlm.nih.gov/genomes/all/GCA/054/651/925/GCA_054651925.1_PDT003063936.1,Escherichia coli
54802179,SAMN54802179,,PNUSAE221213,human,,2026-01-03,USA,,,,,GCA_054652035.1,Contig,,ftp://ftp.ncbi.nlm.nih.gov/genomes/all/GCA/054/652/035/GCA_054652035.1_PDT003063917.1,Escherichia coli
54802078,SAMN54802078,,M8_H12_Plate 1_7_L001_R2_001,,Mus musculus,2024-08-27,Portugal: Oeiras,,,,,,,,,Escherichia coli
54802077,SAMN54802077,,M8_H12_Plate 1_7_L001_R1_001,,Mus musculus,2024-08-27,Portugal: Oeiras,,,,,,,,,Escherichia coli
54802076,SAMN54802076,,M7_G12_Plate 1_49_L001_R2_001,,Mus musculus,2024-08-27,Portugal: Oeiras,,,,,,,,,Escherichia coli
54802075,SAMN54802075,,M7_G12_Plate 1_49_L001_R1_001,,Mus musculus,2024-08-27,Portugal: Oeiras,,,,,,,,,Escherichia coli
54802074,SAMN54802074,,M6_F12_Plate 1_137_L001_R2_001,,Mus musculus,2024-08-27,Portugal: Oeiras,,,,,,,,,Escherichia coli
54802073,SAMN54802073,,M6_F12_Plate 1_137_L001_R1_001,,Mus musculus,2024-08-27,Portugal: Oeiras,,,,,,,,,Escherichia coli
54802072,SAMN54802072,,M5_E12_Plate 1_2_L001_R2_001,,Mus musculus,2024-08-27,Portugal: Oeiras,,,,,,,,,Escherichia coli
54802071,SAMN54802071,,M5_E12_Plate 1_2_L001_R1_001,,Mus musculus,2024-08-27,Portugal: Oeiras,,,,,,,,,Escherichia coli
54802070,SAMN54802070,,M4_D12_Plate 1_22_L001_R2_001,,Mus musculus,2024-08-27,Portugal: Oeiras,,,,,,,,,Escherichia coli
54802069,SAMN54802069,,M4_D12_Plate 1_22_L001_R1_001,,Mus musculus,2024-08-27,Portugal: Oeiras,,,,,,,,,Escherichia coli
54802068,SAMN54802068,,M3_C12_Plate 1_47_L001_R2_001,,Mus musculus,2024-08-27,Portugal: Oeiras,,,,,,,,,Escherichia coli
54802067,SAMN54802067,,M3_C12_Plate 1_47_L001_R1_001,,Mus musculus,2024-08-27,Portugal: Oeiras,,,,,,,,,Escherichia coli
54802066,SAMN54802066,,M2_B12_Plate 1_122_L001_R2_001,,Mus musculus,2024-08-27,Portugal: Oeiras,,,,,,,,,Escherichia coli
54802065,SAMN54802065,,M2_B12_Plate 1_122_L001_R1_001,,Mus musculus,2024-08-27,Portugal: Oeiras,,,,,,,,,Escherichia coli
54802064,SAMN54802064,,M1_A12_Plate 1_30_L001_R2_001,,Mus musculus,2024-08-27,Portugal: Oeiras,,,,,,,,,Escherichia coli
54802063,SAMN54802063,,M1_A12_Plate 1_30_L001_R1_001,,Mus musculus,2024-08-27,Portugal: Oeiras,,,,,,,,,Escherichia coli
54802058,SAMN54802058,,PNUSAE221211,human,,2025-12-24,USA,,,,,GCA_054652135.1,Contig,,ftp://ftp.ncbi.nlm.nih.gov/genomes/all/GCA/054/652/135/GCA_054652135.1_PDT003063898.1,Escherichia coli
54802055,SAMN54802055,,PNUSAE221208,human,,2025-12-28,USA,,,,,GCA_054652055.1,Contig,,ftp://ftp.ncbi.nlm.nih.gov/genomes/all/GCA/054/652/055/GCA_054652055.1_PDT003063905.1,Escherichia coli
54802053,SAMN54802053,,PNUSAE221210,human,,2025-12-29,USA,,,,,GCA_054652255.1,Contig,,ftp://ftp.ncbi.nlm.nih.gov/genomes/all/GCA/054/652/255/GCA_054652255.1_PDT003063903.1,Escherichia coli
54802052,SAMN54802052,,PNUSAE221209,human,,2025-12-10,USA,,,,,GCA_054652175.1,Contig,,ftp://ftp.ncbi.nlm.nih.gov/genomes/all/GCA/054/652/175/GCA_054652175.1_PDT003063896.1,Escherichia coli
54802051,SAMN54802051,,PNUSAE221159,missing,,2026,USA,,,,,GCA_054652155.1,Contig,,ftp://ftp.ncbi.nlm.nih.gov/genomes/all/GCA/054/652/155/GCA_054652155.1_PDT003063895.1,Escherichia coli
54802050,SAMN54802050,,PNUSAE221212,human,,2025-12-31,USA,,,,,GCA_054652195.1,Contig,,ftp://ftp.ncbi.nlm.nih.gov/genomes/all/GCA/054/652/195/GCA_054652195.1_PDT003063894.1,Escherichia coli
54801948,SAMN54801948,,PNUSAE221206,missing,,2025,USA,,,,,GCA_054651625.1,Contig,,ftp://ftp.ncbi.nlm.nih.gov/genomes/all/GCA/054/651/625/GCA_054651625.1_PDT003063868.1,Escherichia coli
54801947,SAMN54801947,,26SC01CB02-EC,chicken,,2026-01,USA:SC,,,,,GCA_054651595.1,Contig,,ftp://ftp.ncbi.nlm.nih.gov/genomes/all/GCA/054/651/595/GCA_054651595.1_PDT003063869.1,Escherichia coli
54801401,SAMN54801401,,PNUSAE219981,missing,,2025,USA,,,,,GCA_054651695.1,Contig,,ftp://ftp.ncbi.nlm.nih.gov/genomes/all/GCA/054/651/695/GCA_054651695.1_PDT003063847.1,Escherichia coli
54801185,SAMN54801185,,2026EL-00013,Rectal swab,animal,2026,USA,,,,,,,,,Escherichia coli
54800482,SAMN54800482,,PNUSAE221199,missing,,2025-12-30,USA,,,,,GCA_054649675.1,Contig,,ftp://ftp.ncbi.nlm.nih.gov/genomes/all/GCA/054/649/675/GCA_054649675.1_PDT003063765.1,Escherichia coli
54800481,SAMN54800481,,PNUSAE221197,missing,,2025-12-31,USA,,,,,GCA_054648675.1,Contig,,ftp://ftp.ncbi.nlm.nih.gov/genomes/all/GCA/054/648/675/GCA_054648675.1_PDT003063766.1,Escherichia coli
54800480,SAMN54800480,,PNUSAE221201,missing,,2025-12-28,USA,,,,,GCA_054649685.1,Contig,,ftp://ftp.ncbi.nlm.nih.gov/genomes/all/GCA/054/649/685/GCA_054649685.1_PDT003063762.1,Escherichia coli
54800479,SAMN54800479,,PNUSAE221202,missing,,2026-01-05,USA,,,,,GCA_054648755.1,Contig,,ftp://ftp.ncbi.nlm.nih.gov/genomes/all/GCA/054/648/755/GCA_054648755.1_PDT003063760.1,Escherichia coli
54800475,SAMN54800475,,PNUSAE221196,missing,,2025-12-28,USA,,,,,GCA_054648685.1,Contig,,ftp://ftp.ncbi.nlm.nih.gov/genomes/all/GCA/054/648/685/GCA_054648685.1_PDT003063764.1,Escherichia coli
54800474,SAMN54800474,,PNUSAE221198,missing,,2026-01-04,USA,,,,,GCA_054648715.1,Contig,,ftp://ftp.ncbi.nlm.nih.gov/genomes/all/GCA/054/648/715/GCA_054648715.1_PDT003063763.1,Escherichia coli
54800473,SAMN54800473,,PNUSAE221200,missing,,2026-01-04,USA,,,,,GCA_054649715.1,Contig,,ftp://ftp.ncbi.nlm.nih.gov/genomes/all/GCA/054/649/715/GCA_054649715.1_PDT003063761.1,Escherichia coli
54800012,SAMN54800012,,25MA12GT02-EC,ground turkey,,2026-01,USA:MA,,,,,GCA_054647455.1,Contig,,ftp://ftp.ncbi.nlm.nih.gov/genomes/all/GCA/054/647/455/GCA_054647455.1_PDT003063540.1,Escherichia coli
54799979,SAMN54799979,,PNUSAE221195,missing,,2026,USA,,,,,GCA_054650155.1,Contig,,ftp://ftp.ncbi.nlm.nih.gov/genomes/all/GCA/054/650/155/GCA_054650155.1_PDT003063536.1,Escherichia coli
54799968,SAMN54799968,,PNUSAE221191,missing,,2025,USA,,,,,GCA_054650295.1,Contig,,ftp://ftp.ncbi.nlm.nih.gov/genomes/all/GCA/054/650/295/GCA_054650295.1_PDT003063510.1,Escherichia coli
54799920,SAMN54799920,,PNUSAE221183,missing,,2025,USA,,,,,GCA_054650335.1,Contig,,ftp://ftp.ncbi.nlm.nih.gov/genomes/all/GCA/054/650/335/GCA_054650335.1_PDT003063504.1,Escherichia coli
54799918,SAMN54799918,,PNUSAE221193,missing,,2025,USA,,,,,GCA_054650305.1,Contig,,ftp://ftp.ncbi.nlm.nih.gov/genomes/all/GCA/054/650/305/GCA_054650305.1_PDT003063503.1,Escherichia coli
54799758,SAMN54799758,,PNUSAE221187,missing,,2025,USA,,,,,GCA_054647655.1,Contig,,ftp://ftp.ncbi.nlm.nih.gov/genomes/all/GCA/054/647/655/GCA_054647655.1_PDT003063496.1,Escherichia coli
54799757,SAMN54799757,,PNUSAE221188,missing,,2025,USA,,,,,GCA_054647635.1,Contig,,ftp://ftp.ncbi.nlm.nih.gov/genomes/all/GCA/054/647/635/GCA_054647635.1_PDT003063497.1,Escherichia coli
54799754,SAMN54799754,,PNUSAE221190,missing,,2025,USA,,,,,GCA_054650395.1,Contig,,ftp://ftp.ncbi.nlm.nih.gov/genomes/all/GCA/054/650/395/GCA_054650395.1_PDT003063486.1,Escherichia coli
54799619,SAMN54799619,,PNUSAE221180,missing,,2026,USA,,,,,GCA_054650495.1,Contig,,ftp://ftp.ncbi.nlm.nih.gov/genomes/all/GCA/054/650/495/GCA_054650495.1_PDT003063457.1,Escherichia coli
54799618,SAMN54799618,,PNUSAE221184,missing,,2026,USA,,,,,GCA_054650475.1,Contig,,ftp://ftp.ncbi.nlm.nih.gov/genomes/all/GCA/054/650/475/GCA_054650475.1_PDT003063458.1,Escherichia coli
54799615,SAMN54799615,,25MA12GT04-EC,ground turkey,,2026-01,USA:MA,,,,,GCA_054650435.1,Contig,,ftp://ftp.ncbi.nlm.nih.gov/genomes/all/GCA/054/650/435/GCA_054650435.1_PDT003063467.1,Escherichia coli
54799606,SAMN54799606,,PNUSAE221181,missing,,2025,USA,,,,,GCA_054650455.1,Contig,,ftp://ftp.ncbi.nlm.nih.gov/genomes/all/GCA/054/650/455/GCA_054650455.1_PDT003063459.1,Escherichia coli
54799526,SAMN54799526,,,Homo Sapiens clinical,Homo sapiens,2025-12-31,USA: Florida,,,,,GCA_054647595.1,Contig,,ftp://ftp.ncbi.nlm.nih.gov/genomes/all/GCA/054/647/595/GCA_054647595.1_PDT003063519.1,Escherichia coli
54799432,SAMN54799432,,PNUSAE221182,missing,,2026,USA,,,,,GCA_054650515.1,Contig,,ftp://ftp.ncbi.nlm.nih.gov/genomes/all/GCA/054/650/515/GCA_054650515.1_PDT003063445.1,Escherichia coli
54781219,SAMN54781219,,not collected,urine,Homo sapiens,2025,USA,,,,,GCA_054642785.1,Contig,,ftp://ftp.ncbi.nlm.nih.gov/genomes/all/GCA/054/642/785/GCA_054642785.1_PDT003063154.1,Escherichia coli
54781218,SAMN54781218,,not collected,urine,Homo sapiens,2025,USA,,,,,GCA_054642715.1,Contig,,ftp://ftp.ncbi.nlm.nih.gov/genomes/all/GCA/054/642/715/GCA_054642715.1_PDT003063155.1,Escherichia coli
54773623,SAMN54773623,,YZB_3,,Tool,2023-06-12,China:Heyuan,,,,,,,,,Escherichia coli
54773622,SAMN54773622,,YZB_2,,Tool,2023-06-12,China:Heyuan,,,,,,,,,Escherichia coli
54773621,SAMN54773621,,YZB_1,,Tool,2023-06-12,China:Heyuan,,,,,,,,,Escherichia coli
54773620,SAMN54773620,,YZ_2_2,,Tool,2023-06-12,China:Heyuan,,,,,,,,,Escherichia coli
54773619,SAMN54773619,,YZ_2_1,,Tool,2023-06-12,China:Heyuan,,,,,,,,,Escherichia coli
54773618,SAMN54773618,,YW_2,,Sewage,2023-06-12,China:Heyuan,,,,,,,,,Escherichia coli
54773617,SAMN54773617,,YW_1,,Sewage,2023-06-12,China:Heyuan,,,,,,,,,Escherichia coli
54773616,SAMN54773616,,YP_3,,Pork,2023-06-12,China:Heyuan,,,,,,,,,Escherichia coli
54773615,SAMN54773615,,YP_2,,Pork,2023-06-12,China:Heyuan,,,,,,,,,Escherichia coli
54773614,SAMN54773614,,YJR,,Tool,2023-06-12,China:Heyuan,,,,,,,,,Escherichia coli
54773613,SAMN54773613,,YDMW_3_2,,Sewage,2023-06-12,China:Heyuan,,,,,,,,,Escherichia coli
54773612,SAMN54773612,,YDMW_2,,Sewage,2023-06-12,China:Heyuan,,,,,,,,,Escherichia coli
54773611,SAMN54773611,,YD_2,,Tool,2023-06-12,China:Heyuan,,,,,,,,,Escherichia coli
54773610,SAMN54773610,,XS_2_1,,Tool,2023-06-12,China:Heyuan,,,,,,,,,Escherichia coli
54773609,SAMN54773609,,XS_1_1,,Tool,2023-06-12,China:Heyuan,,,,,,,,,Escherichia coli
54773608,SAMN54773608,,XPFS_3,,Tool,2023-06-12,China:Heyuan,,,,,,,,,Escherichia coli
54773607,SAMN54773607,,XPFI_3_2,,Tool,2023-06-12,China:Heyuan,,,,,,,,,Escherichia coli
54773606,SAMN54773606,,XPFI_3_1,,Tool,2023-06-12,China:Heyuan,,,,,,,,,Escherichia coli
54773605,SAMN54773605,,XPFC_3_2,,Tool,2023-06-12,China:Heyuan,,,,,,,,,Escherichia coli
54773604,SAMN54773604,,XPFC_3_1,,Tool,2023-06-12,China:Heyuan,,,,,,,,,Escherichia coli
54773603,SAMN54773603,,XPF_3,,Pork,2023-06-12,China:Heyuan,,,,,,,,,Escherichia coli
54773602,SAMN54773602,,XP_2,,Pork,2023-06-12,China:Heyuan,,,,,,,,,Escherichia coli
54773601,SAMN54773601,,XP_1,,Pork,2023-06-12,China:Heyuan,,,,,,,,,Escherichia coli
54773600,SAMN54773600,,XD_2,,Tool,2023-06-12,China:Heyuan,,,,,,,,,Escherichia coli
54773599,SAMN54773599,,CZB_2,,Tool,2023-06-12,China:Heyuan,,,,,,,,,Escherichia coli
54773598,SAMN54773598,,CP_2,,Pork,2023-06-12,China:Heyuan,,,,,,,,,Escherichia coli
54769251,SAMN54769251,,PNUSAE221166,missing,,2025,USA,,,,,GCA_054666235.1,Contig,,ftp://ftp.ncbi.nlm.nih.gov/genomes/all/GCA/054/666/235/GCA_054666235.1_PDT003064383.1,Escherichia coli
54768727,SAMN54768727,,PNUSAE221167,missing,,2025,USA,,,,,GCA_054662675.1,Contig,,ftp://ftp.ncbi.nlm.nih.gov/genomes/all/GCA/054/662/675/GCA_054662675.1_PDT003064336.1,Escherichia coli
54762745,SAMEA120264323,,,Isolated from sample of chilled clam at retail,,,,,,,,,,,,Escherichia coli
54762584,SAMEA120264324,,,Isolated from sample of chilled clam at retail,,,,,,,,,,,,Escherichia coli
54762321,SAMEA120965269,,EH1287,,,,,,,,,,,,,Escherichia coli
54762293,SAMEA120965270,,EH127,,,,,,,,,,,,,Escherichia coli
54762265,SAMEA120264322,,,Isolated from sample of frozen octopus at retail,,,,,,,,,,,,Escherichia coli
54762128,SAMEA120264326,,,Isolated from sample of frozen shrimp at retail,,,,,,,,,,,,Escherichia coli
54761992,SAMEA120965275,,EH5261,,,,,,,,,,,,,Escherichia coli
54761980,SAMEA120264320,,,Isolated from sample of chilled clam at retail,,,,,,,,,,,,Escherichia coli
54761868,SAMEA120965274,,EH5269,,,,,,,,,,,,,Escherichia coli
54761656,SAMEA120965272,,EH5263,,,,,,,,,,,,,Escherichia coli
54761586,SAMEA120965276,,EH5040,,,,,,,,,,,,,Escherichia coli
54761533,SAMEA120965271,,EH5266,,,,,,,,,,,,,Escherichia coli
54761388,SAMEA120264325,,,Isolated from sample of chilled mussel at retail,,,,,,,,,,,,Escherichia coli
54761386,SAMEA120965273,,EH5279,,,,,,,,,,,,,Escherichia coli
54760917,SAMEA120965278,,EH002,,,,,,,,,,,,,Escherichia coli
54760810,SAMEA120965277,,EH1751,,,,,,,,,,,,,Escherichia coli
54760788,SAMEA120264321,,,Isolated from sample of anchovy at retail,,,,,,,,,,,,Escherichia coli
54760699,SAMEA120961125,,,,,,,,,,,,,,,Escherichia coli
54771558,SAMN54771558,,EC-BJ-01,,,2026-01-15,China: Beijing,,,,,,,,,Escherichia coli
54756497,SAMN54756497,,01894029,human,Homo sapiens,2026-01,United Kingdom: United Kingdom,,,,,GCA_054624405.1,Contig,,ftp://ftp.ncbi.nlm.nih.gov/genomes/all/GCA/054/624/405/GCA_054624405.1_PDT003062253.1,Escherichia coli
54756431,SAMN54756431,,01894081,human,Homo sapiens,2026-01,United Kingdom: United Kingdom,,,,,GCA_054624705.1,Contig,,ftp://ftp.ncbi.nlm.nih.gov/genomes/all/GCA/054/624/705/GCA_054624705.1_PDT003062246.1,Escherichia coli
54449705,SAMN54449705,,SPC044,surface of raw chicken meat collected from market,Gallus gallus,2022-06-28,"Guatemala:Guatemala, Santa Catarina Pinula",,,,,GCF_054573115.1,Contig,ftp://ftp.ncbi.nlm.nih.gov/genomes/all/GCF/054/573/115/GCF_054573115.1_ASM5457311v1,ftp://ftp.ncbi.nlm.nih.gov/genomes/all/GCA/054/573/115/GCA_054573115.1_ASM5457311v1,Escherichia coli
54449704,SAMN54449704,,CHH008-2,feces from toilet paper collected from market bathroom,Homo sapiens,2022-06-26,"Guatemala:Chimaltenango, San Martin Jilotepeque",,,,,GCF_054573125.1,Contig,ftp://ftp.ncbi.nlm.nih.gov/genomes/all/GCF/054/573/125/GCF_054573125.1_ASM5457312v1,ftp://ftp.ncbi.nlm.nih.gov/genomes/all/GCA/054/573/125/GCA_054573125.1_ASM5457312v1,Escherichia coli
54449703,SAMN54449703,,CPN007,surface of raw chicken meat collected from market,Gallus gallus,2022-06-26,"Guatemala:Chimaltenango, San Martin Jilotepeque",,,,,GCF_054573155.1,Contig,ftp://ftp.ncbi.nlm.nih.gov/genomes/all/GCF/054/573/155/GCF_054573155.1_ASM5457315v1,ftp://ftp.ncbi.nlm.nih.gov/genomes/all/GCA/054/573/155/GCA_054573155.1_ASM5457315v1,Escherichia coli
54449701,SAMN54449701,,CAB044-1,water collected from men's restroom sink at market,,2022-07-27,"Guatemala:Chimaltenango, San Martin Jilotepeque",,,,,GCF_054573195.1,Contig,ftp://ftp.ncbi.nlm.nih.gov/genomes/all/GCF/054/573/195/GCF_054573195.1_ASM5457319v1,ftp://ftp.ncbi.nlm.nih.gov/genomes/all/GCA/054/573/195/GCA_054573195.1_ASM5457319v1,Escherichia coli
54449700,SAMN54449700,,CAB043,water collected from men's restroom sink at market,,2022-07-27,"Guatemala:Chimaltenango, San Martin Jilotepeque",,,,,GCF_054573175.1,Contig,ftp://ftp.ncbi.nlm.nih.gov/genomes/all/GCF/054/573/175/GCF_054573175.1_ASM5457317v1,ftp://ftp.ncbi.nlm.nih.gov/genomes/all/GCA/054/573/175/GCA_054573175.1_ASM5457317v1,Escherichia coli
54449698,SAMN54449698,,SHH058-2,feces from toilet paper collected from market bathroom,Homo sapiens,2022-07-05,"Guatemala:Guatemala, Santa Catarina Pinula",,,,,GCF_054573215.1,Contig,ftp://ftp.ncbi.nlm.nih.gov/genomes/all/GCF/054/573/215/GCF_054573215.1_ASM5457321v1,ftp://ftp.ncbi.nlm.nih.gov/genomes/all/GCA/054/573/215/GCA_054573215.1_ASM5457321v1,Escherichia coli
54449696,SAMN54449696,,SPN072-1,surface of raw chicken meat collected from market,Gallus gallus,2022-07-19,"Guatemala:Guatemala, Santa Catarina Pinula",,,,,GCF_054573235.1,Contig,ftp://ftp.ncbi.nlm.nih.gov/genomes/all/GCF/054/573/235/GCF_054573235.1_ASM5457323v1,ftp://ftp.ncbi.nlm.nih.gov/genomes/all/GCA/054/573/235/GCA_054573235.1_ASM5457323v1,Escherichia coli
54449694,SAMN54449694,,SPN076-1,surface of raw chicken meat collected from market,Gallus gallus,2022-07-20,"Guatemala:Guatemala, Santa Catarina Pinula",,,,,GCF_054573255.1,Contig,ftp://ftp.ncbi.nlm.nih.gov/genomes/all/GCF/054/573/255/GCF_054573255.1_ASM5457325v1,ftp://ftp.ncbi.nlm.nih.gov/genomes/all/GCA/054/573/255/GCA_054573255.1_ASM5457325v1,Escherichia coli
54449691,SAMN54449691,,SPN027,surface of raw chicken meat collected from market,Gallus gallus,2022-06-21,"Guatemala:Guatemala, Santa Catarina Pinula",,,,,GCF_054573275.1,Contig,ftp://ftp.ncbi.nlm.nih.gov/genomes/all/GCF/054/573/275/GCF_054573275.1_ASM5457327v1,ftp://ftp.ncbi.nlm.nih.gov/genomes/all/GCA/054/573/275/GCA_054573275.1_ASM5457327v1,Escherichia coli
54449688,SAMN54449688,,SPN070-1,surface of raw chicken meat collected from market,Gallus gallus,2022-07-19,"Guatemala:Guatemala, Santa Catarina Pinula",,,,,GCF_054573295.1,Contig,ftp://ftp.ncbi.nlm.nih.gov/genomes/all/GCF/054/573/295/GCF_054573295.1_ASM5457329v1,ftp://ftp.ncbi.nlm.nih.gov/genomes/all/GCA/054/573/295/GCA_054573295.1_ASM5457329v1,Escherichia coli
54449686,SAMN54449686,,SPN069-1,surface of raw chicken meat collected from market,Gallus gallus,2022-07-19,"Guatemala: Guatemala,Santa Catarina Pinula",,,,,GCF_054573315.1,Contig,ftp://ftp.ncbi.nlm.nih.gov/genomes/all/GCF/054/573/315/GCF_054573315.1_ASM5457331v1,ftp://ftp.ncbi.nlm.nih.gov/genomes/all/GCA/054/573/315/GCA_054573315.1_ASM5457331v1,Escherichia coli
54449685,SAMN54449685,,SPN068-1,surface of raw chicken meat collected from market,Gallus gallus,2022-07-19,"Guatemala: Guatemala,Santa Catarina Pinula",,,,,GCF_054573335.1,Contig,ftp://ftp.ncbi.nlm.nih.gov/genomes/all/GCF/054/573/335/GCF_054573335.1_ASM5457333v1,ftp://ftp.ncbi.nlm.nih.gov/genomes/all/GCA/054/573/335/GCA_054573335.1_ASM5457333v1,Escherichia coli
54449684,SAMN54449684,,LPC009-1,surface of raw chicken meat collected from market,Gallus gallus,2022-06-28,"Guatemala: Guatemala,Guatemala City",,,,,GCF_054573355.1,Contig,ftp://ftp.ncbi.nlm.nih.gov/genomes/all/GCF/054/573/355/GCF_054573355.1_ASM5457335v1,ftp://ftp.ncbi.nlm.nih.gov/genomes/all/GCA/054/573/355/GCA_054573355.1_ASM5457335v1,Escherichia coli
54449683,SAMN54449683,,SPN016-1,surface of raw chicken meat collected from market,Gallus gallus,2022-06-14,"Guatemala: Guatemala,Santa Catarina Pinula",,,,,GCF_054573375.1,Contig,ftp://ftp.ncbi.nlm.nih.gov/genomes/all/GCF/054/573/375/GCF_054573375.1_ASM5457337v1,ftp://ftp.ncbi.nlm.nih.gov/genomes/all/GCA/054/573/375/GCA_054573375.1_ASM5457337v1,Escherichia coli
54449682,SAMN54449682,,LPC010-1,surface of raw chicken meat collected from market,Gallus gallus,2022-07-12,"Guatemala:Guatemala, Guatemala City",,,,,GCF_054573395.1,Contig,ftp://ftp.ncbi.nlm.nih.gov/genomes/all/GCF/054/573/395/GCF_054573395.1_ASM5457339v1,ftp://ftp.ncbi.nlm.nih.gov/genomes/all/GCA/054/573/395/GCA_054573395.1_ASM5457339v1,Escherichia coli
54449681,SAMN54449681,,CHH038,feces from toilet paper collected from market bathroom,Homo sapiens,2022-07-10,"Guatemala:Chimaltenango, San Martin Jilotepeque",,,,,GCF_054573415.1,Contig,ftp://ftp.ncbi.nlm.nih.gov/genomes/all/GCF/054/573/415/GCF_054573415.1_ASM5457341v1,ftp://ftp.ncbi.nlm.nih.gov/genomes/all/GCA/054/573/415/GCA_054573415.1_ASM5457341v1,Escherichia coli
54449680,SAMN54449680,,CHH037-1,feces from toilet paper collected from market bathroom,Homo sapiens,2022-07-10,"Guatemala:Chimaltenango, San Martin Jilotepeque",,,,,GCF_054573435.1,Contig,ftp://ftp.ncbi.nlm.nih.gov/genomes/all/GCF/054/573/435/GCF_054573435.1_ASM5457343v1,ftp://ftp.ncbi.nlm.nih.gov/genomes/all/GCA/054/573/435/GCA_054573435.1_ASM5457343v1,Escherichia coli
54449679,SAMN54449679,,CHH035-1,feces from toilet paper collected from market bathroom,Homo sapiens,2022-07-10,"Guatemala:Chimaltenango, San Martin Jilotepeque",,,,,GCF_054573455.1,Contig,ftp://ftp.ncbi.nlm.nih.gov/genomes/all/GCF/054/573/455/GCF_054573455.1_ASM5457345v1,ftp://ftp.ncbi.nlm.nih.gov/genomes/all/GCA/054/573/455/GCA_054573455.1_ASM5457345v1,Escherichia coli
54449678,SAMN54449678,,CPN034-2,surface of raw chicken meat collected from market,Gallus gallus,2022-07-10,"Guatemala:Chimaltenango, San Martin Jilotepeque",,,,,GCF_054573475.1,Contig,ftp://ftp.ncbi.nlm.nih.gov/genomes/all/GCF/054/573/475/GCF_054573475.1_ASM5457347v1,ftp://ftp.ncbi.nlm.nih.gov/genomes/all/GCA/054/573/475/GCA_054573475.1_ASM5457347v1,Escherichia coli
54449677,SAMN54449677,,CPN034-1,surface of raw chicken meat collected from market,Gallus gallus,2022-07-10,"Guatemala:Chimaltenango, San Martin Jilotepeque",,,,,GCF_054573495.1,Contig,ftp://ftp.ncbi.nlm.nih.gov/genomes/all/GCF/054/573/495/GCF_054573495.1_ASM5457349v1,ftp://ftp.ncbi.nlm.nih.gov/genomes/all/GCA/054/573/495/GCA_054573495.1_ASM5457349v1,Escherichia coli
54449675,SAMN54449675,,CHH028-1,feces from toilet paper collected from market bathroom,Homo sapiens,2022-07-07,"Guatemala:Chimaltenango, San Martin Jilotepeque",,,,,GCF_054573515.1,Contig,ftp://ftp.ncbi.nlm.nih.gov/genomes/all/GCF/054/573/515/GCF_054573515.1_ASM5457351v1,ftp://ftp.ncbi.nlm.nih.gov/genomes/all/GCA/054/573/515/GCA_054573515.1_ASM5457351v1,Escherichia coli
54449674,SAMN54449674,,CHH026-1,feces from toilet paper collected from market bathroom,Homo sapiens,2022-07-07,"Guatemala:Chimaltenango, San Martin Jilotepeque",,,,,GCF_054573555.1,Contig,ftp://ftp.ncbi.nlm.nih.gov/genomes/all/GCF/054/573/555/GCF_054573555.1_ASM5457355v1,ftp://ftp.ncbi.nlm.nih.gov/genomes/all/GCA/054/573/555/GCA_054573555.1_ASM5457355v1,Escherichia coli
54449673,SAMN54449673,,CHH025-2,feces from toilet paper collected from market bathroom,Homo sapiens,2022-07-07,"Guatemala:Chimaltenango, San Martin Jilotepeque",,,,,GCF_054573535.1,Contig,ftp://ftp.ncbi.nlm.nih.gov/genomes/all/GCF/054/573/535/GCF_054573535.1_ASM5457353v1,ftp://ftp.ncbi.nlm.nih.gov/genomes/all/GCA/054/573/535/GCA_054573535.1_ASM5457353v1,Escherichia coli
54449672,SAMN54449672,,CHH025-1,feces from toilet paper collected from market bathroom,Homo sapiens,2022-07-07,"Guatemala:Chimaltenango, San Martin Jilotepeque",,,,,GCF_054573575.1,Contig,ftp://ftp.ncbi.nlm.nih.gov/genomes/all/GCF/054/573/575/GCF_054573575.1_ASM5457357v1,ftp://ftp.ncbi.nlm.nih.gov/genomes/all/GCA/054/573/575/GCA_054573575.1_ASM5457357v1,Escherichia coli
54449671,SAMN54449671,,CAB020-2,water collected from men's restroom sink at market,,2022-07-07,"Guatemala:Chimaltenango, San Martin Jilotepeque",,,,,GCF_054573595.1,Contig,ftp://ftp.ncbi.nlm.nih.gov/genomes/all/GCF/054/573/595/GCF_054573595.1_ASM5457359v1,ftp://ftp.ncbi.nlm.nih.gov/genomes/all/GCA/054/573/595/GCA_054573595.1_ASM5457359v1,Escherichia coli
54449670,SAMN54449670,,SPN061-1,surface of raw chicken meat collected from market,Gallus gallus,2022-07-05,"Guatemala:Guatemala, Santa Catarina Pinula",,,,,GCF_054573635.1,Contig,ftp://ftp.ncbi.nlm.nih.gov/genomes/all/GCF/054/573/635/GCF_054573635.1_ASM5457363v1,ftp://ftp.ncbi.nlm.nih.gov/genomes/all/GCA/054/573/635/GCA_054573635.1_ASM5457363v1,Escherichia coli
54449669,SAMN54449669,,CAB020-1,water collected from men's restroom sink at market,,2022-07-07,"Guatemala:Chimaltenango, San Martin Jilotepeque",,,,,GCF_054573615.1,Contig,ftp://ftp.ncbi.nlm.nih.gov/genomes/all/GCF/054/573/615/GCF_054573615.1_ASM5457361v1,ftp://ftp.ncbi.nlm.nih.gov/genomes/all/GCA/054/573/615/GCA_054573615.1_ASM5457361v1,Escherichia coli
54449668,SAMN54449668,,SPC065-1,surface of raw chicken meat collected from market,Gallus gallus,2022-07-12,"Guatemala:Guatemala, Santa Catarina Pinula",,,,,GCF_054573655.1,Contig,ftp://ftp.ncbi.nlm.nih.gov/genomes/all/GCF/054/573/655/GCF_054573655.1_ASM5457365v1,ftp://ftp.ncbi.nlm.nih.gov/genomes/all/GCA/054/573/655/GCA_054573655.1_ASM5457365v1,Escherichia coli
54449667,SAMN54449667,,SPC063,surface of raw chicken meat collected from market,Gallus gallus,2022-07-12,"Guatemala:Guatemala, Santa Catarina Pinula",,,,,GCF_054573695.1,Contig,ftp://ftp.ncbi.nlm.nih.gov/genomes/all/GCF/054/573/695/GCF_054573695.1_ASM5457369v1,ftp://ftp.ncbi.nlm.nih.gov/genomes/all/GCA/054/573/695/GCA_054573695.1_ASM5457369v1,Escherichia coli
54449666,SAMN54449666,,SHM032,feces from toilet paper collected from market bathroom,Homo sapiens,2022-06-21,"Guatemala:Guatemala, Santa Catarina Pinula",,,,,GCF_054573675.1,Contig,ftp://ftp.ncbi.nlm.nih.gov/genomes/all/GCF/054/573/675/GCF_054573675.1_ASM5457367v1,ftp://ftp.ncbi.nlm.nih.gov/genomes/all/GCA/054/573/675/GCA_054573675.1_ASM5457367v1,Escherichia coli
54449665,SAMN54449665,,CHH011-2,feces from toilet paper collected from market bathroom,Homo sapiens,2022-06-26,"Guatemala:Chimaltenango, San Martin Jilotepeque",,,,,GCF_054573715.1,Contig,ftp://ftp.ncbi.nlm.nih.gov/genomes/all/GCF/054/573/715/GCF_054573715.1_ASM5457371v1,ftp://ftp.ncbi.nlm.nih.gov/genomes/all/GCA/054/573/715/GCA_054573715.1_ASM5457371v1,Escherichia coli
54449664,SAMN54449664,,SHH058-1,feces from toilet paper collected from market bathroom,Homo sapiens,2022-07-05,"Guatemala:Guatemala, Santa Catarina Pinula",,,,,GCF_054573755.1,Contig,ftp://ftp.ncbi.nlm.nih.gov/genomes/all/GCF/054/573/755/GCF_054573755.1_ASM5457375v1,ftp://ftp.ncbi.nlm.nih.gov/genomes/all/GCA/054/573/755/GCA_054573755.1_ASM5457375v1,Escherichia coli
54449663,SAMN54449663,,CPN006-2,surface of raw chicken meat collected from market,Gallus gallus,2022-06-26,"Guatemala:Chimaltenango, San Martin Jilotepeque",,,,,GCF_054573735.1,Contig,ftp://ftp.ncbi.nlm.nih.gov/genomes/all/GCF/054/573/735/GCF_054573735.1_ASM5457373v1,ftp://ftp.ncbi.nlm.nih.gov/genomes/all/GCA/054/573/735/GCA_054573735.1_ASM5457373v1,Escherichia coli
54449662,SAMN54449662,,LPC008,surface of raw chicken meat collected from market,Gallus gallus,2022-06-28,"Guatemala:Guatemala, Guatemala City",,,,,GCF_054573815.1,Contig,ftp://ftp.ncbi.nlm.nih.gov/genomes/all/GCF/054/573/815/GCF_054573815.1_ASM5457381v1,ftp://ftp.ncbi.nlm.nih.gov/genomes/all/GCA/054/573/815/GCA_054573815.1_ASM5457381v1,Escherichia coli
54449661,SAMN54449661,,LPC005,surface of raw chicken meat collected from market,Gallus gallus,2022-06-21,"Guatemala:Guatemala, Guatemala City",,,,,GCF_054573775.1,Contig,ftp://ftp.ncbi.nlm.nih.gov/genomes/all/GCF/054/573/775/GCF_054573775.1_ASM5457377v1,ftp://ftp.ncbi.nlm.nih.gov/genomes/all/GCA/054/573/775/GCA_054573775.1_ASM5457377v1,Escherichia coli
54449660,SAMN54449660,,SPN042-1,surface of raw chicken meat collected from market,Gallus gallus,2022-06-28,"Guatemala:Guatemala, Santa Catarina Pinula",,,,,GCF_054573795.1,Contig,ftp://ftp.ncbi.nlm.nih.gov/genomes/all/GCF/054/573/795/GCF_054573795.1_ASM5457379v1,ftp://ftp.ncbi.nlm.nih.gov/genomes/all/GCA/054/573/795/GCA_054573795.1_ASM5457379v1,Escherichia coli
54449659,SAMN54449659,,SPN042-2,surface of raw chicken meat collected from market,Gallus gallus,2022-06-28,"Guatemala:Guatemala, Santa Catarina Pinula",,,,,GCF_054573835.1,Contig,ftp://ftp.ncbi.nlm.nih.gov/genomes/all/GCF/054/573/835/GCF_054573835.1_ASM5457383v1,ftp://ftp.ncbi.nlm.nih.gov/genomes/all/GCA/054/573/835/GCA_054573835.1_ASM5457383v1,Escherichia coli
54449658,SAMN54449658,,SPN005-1,surface of raw chicken meat collected from market,Gallus gallus,2022-06-07,"Guatemala:Guatemala, Santa Catarina Pinula",,,,,GCF_054573855.1,Contig,ftp://ftp.ncbi.nlm.nih.gov/genomes/all/GCF/054/573/855/GCF_054573855.1_ASM5457385v1,ftp://ftp.ncbi.nlm.nih.gov/genomes/all/GCA/054/573/855/GCA_054573855.1_ASM5457385v1,Escherichia coli
54449657,SAMN54449657,,CPN018-1,surface of raw chicken meat collected from market,Gallus gallus,2022-07-04,"Guatemala:Chimaltenango, San Martin Jilotepeque",,,,,GCF_054573875.1,Contig,ftp://ftp.ncbi.nlm.nih.gov/genomes/all/GCF/054/573/875/GCF_054573875.1_ASM5457387v1,ftp://ftp.ncbi.nlm.nih.gov/genomes/all/GCA/054/573/875/GCA_054573875.1_ASM5457387v1,Escherichia coli
54449656,SAMN54449656,,LPC009-2,surface of raw chicken meat collected from market,Gallus gallus,2022-06-28,"Guatemala:Guatemala, Guatemala City",,,,,GCF_054573895.1,Contig,ftp://ftp.ncbi.nlm.nih.gov/genomes/all/GCF/054/573/895/GCF_054573895.1_ASM5457389v1,ftp://ftp.ncbi.nlm.nih.gov/genomes/all/GCA/054/573/895/GCA_054573895.1_ASM5457389v1,Escherichia coli
54769710,SAMN54769710,,PNUSAE221171,missing,,2026,USA,,,,,GCA_054600525.1,Contig,,ftp://ftp.ncbi.nlm.nih.gov/genomes/all/GCA/054/600/525/GCA_054600525.1_PDT003062217.1,Escherichia coli
54769696,SAMN54769696,,PNUSAE221160,missing,,2026,USA,,,,,GCA_054598115.1,Contig,,ftp://ftp.ncbi.nlm.nih.gov/genomes/all/GCA/054/598/115/GCA_054598115.1_PDT003062210.1,Escherichia coli
54769207,SAMN54769207,,PNUSAE221168,missing,,2026,USA,,,,,GCA_054598215.1,Contig,,ftp://ftp.ncbi.nlm.nih.gov/genomes/all/GCA/054/598/215/GCA_054598215.1_PDT003062177.1,Escherichia coli
54769203,SAMN54769203,,PNUSAE221169,missing,,2025,USA,,,,,,,,,Escherichia coli
54769195,SAMN54769195,,,urine,Homo sapiens,2025,USA,,,,,GCA_054598325.1,Contig,,ftp://ftp.ncbi.nlm.nih.gov/genomes/all/GCA/054/598/325/GCA_054598325.1_PDT003062154.1,Escherichia coli
54768529,SAMN54768529,,,blood,Homo sapiens,2026,USA,,,,,GCA_054594935.1,Contig,,ftp://ftp.ncbi.nlm.nih.gov/genomes/all/GCA/054/594/935/GCA_054594935.1_PDT003061994.1,Escherichia coli
54768528,SAMN54768528,,,blood,Homo sapiens,2026,USA,,,,,GCA_054594905.1,Contig,,ftp://ftp.ncbi.nlm.nih.gov/genomes/all/GCA/054/594/905/GCA_054594905.1_PDT003061995.1,Escherichia coli
54768359,SAMN54768359,,2026HL-01025,axilla/groin/perianal,Homo sapiens,2026,USA,,,,,GCA_054595045.1,Contig,,ftp://ftp.ncbi.nlm.nih.gov/genomes/all/GCA/054/595/045/GCA_054595045.1_PDT003061980.1,Escherichia coli
54768356,SAMN54768356,,2026HL-01022,tracheal aspirate,Homo sapiens,2025,USA,,,,,GCA_054596535.1,Contig,,ftp://ftp.ncbi.nlm.nih.gov/genomes/all/GCA/054/596/535/GCA_054596535.1_PDT003061983.1,Escherichia coli
54768354,SAMN54768354,,2026HL-01020,urine clean catch,Homo sapiens,2025,USA,,,,,GCA_054594965.1,Contig,,ftp://ftp.ncbi.nlm.nih.gov/genomes/all/GCA/054/594/965/GCA_054594965.1_PDT003061985.1,Escherichia coli
54768163,SAMN54768163,,2026EP-00005,"BODY FLUID, UNSP",Homo sapiens,2025,USA,,,,,GCA_054595245.1,Contig,,ftp://ftp.ncbi.nlm.nih.gov/genomes/all/GCA/054/595/245/GCA_054595245.1_PDT003061963.1,Escherichia coli
54768162,SAMN54768162,,2026EP-00009,urine,Homo sapiens,2025,USA,,,,,GCA_054593855.1,Contig,,ftp://ftp.ncbi.nlm.nih.gov/genomes/all/GCA/054/593/855/GCA_054593855.1_PDT003061962.1,Escherichia coli
54768065,SAMN54768065,,PNUSAE221150,missing,,2025,USA,,,,,GCA_054595375.1,Contig,,ftp://ftp.ncbi.nlm.nih.gov/genomes/all/GCA/054/595/375/GCA_054595375.1_PDT003061948.1,Escherichia coli
54767842,SAMN54767842,,PNUSAE221154,missing,,2026,USA,,,,,GCA_054590515.1,Contig,,ftp://ftp.ncbi.nlm.nih.gov/genomes/all/GCA/054/590/515/GCA_054590515.1_PDT003061773.1,Escherichia coli
54767839,SAMN54767839,,PNUSAE221156,missing,,2025,USA,,,,,GCA_054590295.1,Contig,,ftp://ftp.ncbi.nlm.nih.gov/genomes/all/GCA/054/590/295/GCA_054590295.1_PDT003061775.1,Escherichia coli
54767782,SAMN54767782,,PNUSAE221152,missing,,2026,USA,,,,,GCA_054590475.1,Contig,,ftp://ftp.ncbi.nlm.nih.gov/genomes/all/GCA/054/590/475/GCA_054590475.1_PDT003061769.1,Escherichia coli
54767780,SAMN54767780,,PNUSAE221157,missing,,2026,USA,,,,,GCA_054590395.1,Contig,,ftp://ftp.ncbi.nlm.nih.gov/genomes/all/GCA/054/590/395/GCA_054590395.1_PDT003061768.1,Escherichia coli
54767762,SAMN54767762,,PNUSAE221155,missing,,2026,USA,,,,,GCA_054590525.1,Contig,,ftp://ftp.ncbi.nlm.nih.gov/genomes/all/GCA/054/590/525/GCA_054590525.1_PDT003061765.1,Escherichia coli
54767761,SAMN54767761,,PNUSAE221158,missing,,2025,USA,,,,,GCA_054590415.1,Contig,,ftp://ftp.ncbi.nlm.nih.gov/genomes/all/GCA/054/590/415/GCA_054590415.1_PDT003061766.1,Escherichia coli
54767760,SAMN54767760,,PNUSAE221153,missing,,2025,USA,,,,,GCA_054590435.1,Contig,,ftp://ftp.ncbi.nlm.nih.gov/genomes/all/GCA/054/590/435/GCA_054590435.1_PDT003061764.1,Escherichia coli
54767693,SAMN54767693,,PNUSAE221146,missing,,2025,USA,,,,,GCA_054590075.1,Contig,,ftp://ftp.ncbi.nlm.nih.gov/genomes/all/GCA/054/590/075/GCA_054590075.1_PDT003061758.1,Escherichia coli
54767691,SAMN54767691,,PNUSAE221143,missing,,2025,USA,,,,,GCA_054589975.1,Contig,,ftp://ftp.ncbi.nlm.nih.gov/genomes/all/GCA/054/589/975/GCA_054589975.1_PDT003061759.1,Escherichia coli
54767690,SAMN54767690,,PNUSAE221144,missing,,2025,USA,,,,,GCA_054590175.1,Contig,,ftp://ftp.ncbi.nlm.nih.gov/genomes/all/GCA/054/590/175/GCA_054590175.1_PDT003061753.1,Escherichia coli
54767689,SAMN54767689,,PNUSAE221145,missing,,2025,USA,,,,,GCA_054590165.1,Contig,,ftp://ftp.ncbi.nlm.nih.gov/genomes/all/GCA/054/590/165/GCA_054590165.1_PDT003061754.1,Escherichia coli
54767688,SAMN54767688,,PNUSAE221148,missing,,2025,USA,,,,,GCA_054590045.1,Contig,,ftp://ftp.ncbi.nlm.nih.gov/genomes/all/GCA/054/590/045/GCA_054590045.1_PDT003061756.1,Escherichia coli
54767677,SAMN54767677,,PNUSAE221149,missing,,2025,USA,,,,,GCA_054590215.1,Contig,,ftp://ftp.ncbi.nlm.nih.gov/genomes/all/GCA/054/590/215/GCA_054590215.1_PDT003061752.1,Escherichia coli
54767676,SAMN54767676,,PNUSAE221147,missing,,2025,USA,,,,,GCA_054590335.1,Contig,,ftp://ftp.ncbi.nlm.nih.gov/genomes/all/GCA/054/590/335/GCA_054590335.1_PDT003061750.1,Escherichia coli
54766523,SAMN54766523,,25TN12GT02-EC,ground turkey,,2025-12,USA:TN,,,,,GCA_054590285.1,Contig,,ftp://ftp.ncbi.nlm.nih.gov/genomes/all/GCA/054/590/285/GCA_054590285.1_PDT003061728.1,Escherichia coli
54766460,SAMN54766460,,PNUSAE221131,stool,,2026-01-04,USA,,,,,GCA_054586375.1,Contig,,ftp://ftp.ncbi.nlm.nih.gov/genomes/all/GCA/054/586/375/GCA_054586375.1_PDT003061723.1,Escherichia coli
54766360,SAMN54766360,,PNUSAE221136,missing,,2026,USA,,,,,GCA_054586415.1,Contig,,ftp://ftp.ncbi.nlm.nih.gov/genomes/all/GCA/054/586/415/GCA_054586415.1_PDT003061717.1,Escherichia coli
54766046,SAMN54766046,,PNUSAE220942,missing,,2026,USA,,,,,GCA_054586535.1,Contig,,ftp://ftp.ncbi.nlm.nih.gov/genomes/all/GCA/054/586/535/GCA_054586535.1_PDT003061681.1,Escherichia coli
54766045,SAMN54766045,,PNUSAE221132,stool,,2026-01-10,USA,,,,,GCA_054586555.1,Contig,,ftp://ftp.ncbi.nlm.nih.gov/genomes/all/GCA/054/586/555/GCA_054586555.1_PDT003061680.1,Escherichia coli
54766043,SAMN54766043,,PNUSAE220941,missing,,2025,USA,,,,,GCA_054586575.1,Contig,,ftp://ftp.ncbi.nlm.nih.gov/genomes/all/GCA/054/586/575/GCA_054586575.1_PDT003061679.1,Escherichia coli
54766042,SAMN54766042,,PNUSAE221084,missing,,2026,USA,,,,,GCA_054586595.1,Contig,,ftp://ftp.ncbi.nlm.nih.gov/genomes/all/GCA/054/586/595/GCA_054586595.1_PDT003061678.1,Escherichia coli
54766040,SAMN54766040,,PNUSAE221135,missing,,2026,USA,,,,,GCA_054586635.1,Contig,,ftp://ftp.ncbi.nlm.nih.gov/genomes/all/GCA/054/586/635/GCA_054586635.1_PDT003061676.1,Escherichia coli
54766039,SAMN54766039,,PNUSAE220940,missing,,2025,USA,,,,,GCA_054586655.1,Contig,,ftp://ftp.ncbi.nlm.nih.gov/genomes/all/GCA/054/586/655/GCA_054586655.1_PDT003061674.1,Escherichia coli
54766034,SAMN54766034,,PNUSAE221133,stool,,2026-01-07,USA,,,,,GCA_054586665.1,Contig,,ftp://ftp.ncbi.nlm.nih.gov/genomes/all/GCA/054/586/665/GCA_054586665.1_PDT003061675.1,Escherichia coli
54766033,SAMN54766033,,PNUSAE220733,missing,,2025,USA,,,,,GCA_054586615.1,Contig,,ftp://ftp.ncbi.nlm.nih.gov/genomes/all/GCA/054/586/615/GCA_054586615.1_PDT003061677.1,Escherichia coli
54766022,SAMN54766022,,PNUSAE220943,missing,,2026,USA,,,,,GCA_054583575.1,Contig,,ftp://ftp.ncbi.nlm.nih.gov/genomes/all/GCA/054/583/575/GCA_054583575.1_PDT003061647.1,Escherichia coli
54766013,SAMN54766013,,PNUSAE221134,stool,,2025-12-30,USA,,,,,GCA_054583405.1,Contig,,ftp://ftp.ncbi.nlm.nih.gov/genomes/all/GCA/054/583/405/GCA_054583405.1_PDT003061664.1,Escherichia coli
54766010,SAMN54766010,,2025GO-00664,Unknown,Homo sapiens,2026,USA,,,,,GCA_054583525.1,Contig,,ftp://ftp.ncbi.nlm.nih.gov/genomes/all/GCA/054/583/525/GCA_054583525.1_PDT003061653.1,Escherichia coli
54766009,SAMN54766009,,2025GO-00663,Unknown,Homo sapiens,2026,USA,,,,,GCA_054585615.1,Contig,,ftp://ftp.ncbi.nlm.nih.gov/genomes/all/GCA/054/585/615/GCA_054585615.1_PDT003061668.1,Escherichia coli
54765993,SAMN54765993,,2025GO-00646,Unknown,Homo sapiens,2026,USA,,,,,GCA_054583585.1,Contig,,ftp://ftp.ncbi.nlm.nih.gov/genomes/all/GCA/054/583/585/GCA_054583585.1_PDT003061649.1,Escherichia coli
54765989,SAMN54765989,,2025GO-00642,Unknown,Homo sapiens,2026,USA,,,,,GCA_054583545.1,Contig,,ftp://ftp.ncbi.nlm.nih.gov/genomes/all/GCA/054/583/545/GCA_054583545.1_PDT003061651.1,Escherichia coli
54765987,SAMN54765987,,2025GO-00640,Unknown,Homo sapiens,2026,USA,,,,,GCA_054583395.1,Contig,,ftp://ftp.ncbi.nlm.nih.gov/genomes/all/GCA/054/583/395/GCA_054583395.1_PDT003061662.1,Escherichia coli
54765940,SAMN54765940,,PNUSAE220939,missing,,2025,USA,,,,,GCA_054583675.1,Contig,,ftp://ftp.ncbi.nlm.nih.gov/genomes/all/GCA/054/583/675/GCA_054583675.1_PDT003061635.1,Escherichia coli
54765712,SAMN54765712,,,wound,Homo sapiens,2026,USA,,,,,GCA_054584535.1,Contig,,ftp://ftp.ncbi.nlm.nih.gov/genomes/all/GCA/054/584/535/GCA_054584535.1_PDT003061624.1,Escherichia coli
54765101,SAMN54765101,,2026EL-00006,blood,Homo sapiens,2025,USA,,,,,GCA_054584275.1,Contig,,ftp://ftp.ncbi.nlm.nih.gov/genomes/all/GCA/054/584/275/GCA_054584275.1_PDT003061569.1,Escherichia coli
54765100,SAMN54765100,,2026EL-00005,urine,Homo sapiens,2025,USA,,,,,GCA_054584545.1,Contig,,ftp://ftp.ncbi.nlm.nih.gov/genomes/all/GCA/054/584/545/GCA_054584545.1_PDT003061570.1,Escherichia coli
54765075,SAMN54765075,,26SC01CG01-EC,chicken,,2026-01,USA:SC,,,,,GCA_054586255.1,Contig,,ftp://ftp.ncbi.nlm.nih.gov/genomes/all/GCA/054/586/255/GCA_054586255.1_PDT003061333.1,Escherichia coli
54764993,SAMN54764993,,PNUSAE221130,missing,,2025,USA,,,,,GCA_054586265.1,Contig,,ftp://ftp.ncbi.nlm.nih.gov/genomes/all/GCA/054/586/265/GCA_054586265.1_PDT003061328.1,Escherichia coli
54764962,SAMN54764962,,26SC01GT01-EC,turkey,,2026-01,USA:SC,,,,,GCA_054587075.1,Contig,,ftp://ftp.ncbi.nlm.nih.gov/genomes/all/GCA/054/587/075/GCA_054587075.1_PDT003061301.1,Escherichia coli
54764939,SAMN54764939,,26SC01CL01-EC,chicken,,2026-01,USA:SC,,,,,GCA_054587155.1,Contig,,ftp://ftp.ncbi.nlm.nih.gov/genomes/all/GCA/054/587/155/GCA_054587155.1_PDT003061297.1,Escherichia coli
54764938,SAMN54764938,,25SC12GB03-EC,beef,,2025-12,USA:SC,,,,,GCA_054587115.1,Contig,,ftp://ftp.ncbi.nlm.nih.gov/genomes/all/GCA/054/587/115/GCA_054587115.1_PDT003061298.1,Escherichia coli
54764859,SAMN54764859,,26SC01PC01-EC,Pork,,2026-01,USA:SC,,,,,GCA_054587135.1,Contig,,ftp://ftp.ncbi.nlm.nih.gov/genomes/all/GCA/054/587/135/GCA_054587135.1_PDT003061294.1,Escherichia coli
54764857,SAMN54764857,,PNUSAE221124,missing,,2025,USA,,,,,GCA_054587175.1,Contig,,ftp://ftp.ncbi.nlm.nih.gov/genomes/all/GCA/054/587/175/GCA_054587175.1_PDT003061291.1,Escherichia coli
54764840,SAMN54764840,,,Other (Specify:),Homo sapiens,2025,USA: Arizona,,,,,GCA_054586955.1,Contig,,ftp://ftp.ncbi.nlm.nih.gov/genomes/all/GCA/054/586/955/GCA_054586955.1_PDT003061311.1,Escherichia coli
54764749,SAMN54764749,,PNUSAE221117,stool,,2026,USA,,,,,GCA_054587275.1,Contig,,ftp://ftp.ncbi.nlm.nih.gov/genomes/all/GCA/054/587/275/GCA_054587275.1_PDT003061284.1,Escherichia coli
54764748,SAMN54764748,,PNUSAE221118,stool,,2026,USA,,,,,GCA_054587295.1,Contig,,ftp://ftp.ncbi.nlm.nih.gov/genomes/all/GCA/054/587/295/GCA_054587295.1_PDT003061283.1,Escherichia coli
54752685,SAMN54752685,,PNUSAE221073,missing,,2025,USA,,,,,GCA_054595415.1,Contig,,ftp://ftp.ncbi.nlm.nih.gov/genomes/all/GCA/054/595/415/GCA_054595415.1_PDT003061946.1,Escherichia coli
54680167,SAMN54680167,,PNUSAE220950,stool,,2025,USA,,,,,,,,,Escherichia coli
53649417,SAMN53649417,,,,,missing,missing,,,,,,,,,Escherichia coli
53649416,SAMN53649416,,,,,missing,missing,,,,,,,,,Escherichia coli
53649415,SAMN53649415,,,,,missing,missing,,,,,,,,,Escherichia coli
53649414,SAMN53649414,,,,,missing,missing,,,,,,,,,Escherichia coli
53649413,SAMN53649413,,,,,missing,missing,,,,,,,,,Escherichia coli
53649412,SAMN53649412,,,,,missing,missing,,,,,,,,,Escherichia coli
46890390,SAMN46890390,,,stool,,not applicable,missing,,,,,,,,,Escherichia coli
46889760,SAMN46889760,,,stool,,not applicable,missing,,,,,,,,,Escherichia coli
46889628,SAMN46889628,,,stool,,not applicable,missing,,,,,,,,,Escherichia coli
46889604,SAMN46889604,,,stool,,not applicable,missing,,,,,,,,,Escherichia coli
46889600,SAMN46889600,,,stool,,not applicable,missing,,,,,,,,,Escherichia coli
46889572,SAMN46889572,,,stool,,not applicable,missing,,,,,,,,,Escherichia coli
46889472,SAMN46889472,,,stool,,not applicable,missing,,,,,,,,,Escherichia coli
54763818,SAMN54763818,,PNUSAE221116,missing,,2026,USA,,,,,GCA_054589825.1,Contig,,ftp://ftp.ncbi.nlm.nih.gov/genomes/all/GCA/054/589/825/GCA_054589825.1_PDT003061162.1,Escherichia coli
54763815,SAMN54763815,,PNUSAE221115,missing,,2025,USA,,,,,GCA_054589855.1,Contig,,ftp://ftp.ncbi.nlm.nih.gov/genomes/all/GCA/054/589/855/GCA_054589855.1_PDT003061161.1,Escherichia coli
54763780,SAMN54763780,,PNUSAE221035,missing,,2025,USA,,,,,GCA_054583035.1,Contig,,ftp://ftp.ncbi.nlm.nih.gov/genomes/all/GCA/054/583/035/GCA_054583035.1_PDT003061158.1,Escherichia coli
54763172,SAMN54763172,,PNUSAE221097,missing,,2025,USA,,,,,GCA_054582765.1,Contig,,ftp://ftp.ncbi.nlm.nih.gov/genomes/all/GCA/054/582/765/GCA_054582765.1_PDT003061051.1,Escherichia coli
54763171,SAMN54763171,,PNUSAE221113,missing,,2026,USA,,,,,,,,,Escherichia coli
54763144,SAMN54763144,,PNUSAE221095,missing,,2025,USA,,,,,GCA_054582755.1,Contig,,ftp://ftp.ncbi.nlm.nih.gov/genomes/all/GCA/054/582/755/GCA_054582755.1_PDT003061050.1,Escherichia coli
54763143,SAMN54763143,,PNUSAE221094,missing,,2025,USA,,,,,GCA_054582735.1,Contig,,ftp://ftp.ncbi.nlm.nih.gov/genomes/all/GCA/054/582/735/GCA_054582735.1_PDT003061052.1,Escherichia coli
54763062,SAMN54763062,,PNUSAE221104,missing,,2025,USA,,,,,GCA_054582795.1,Contig,,ftp://ftp.ncbi.nlm.nih.gov/genomes/all/GCA/054/582/795/GCA_054582795.1_PDT003061049.1,Escherichia coli
54763061,SAMN54763061,,PNUSAE221099,missing,,2025,USA,,,,,GCA_054582805.1,Contig,,ftp://ftp.ncbi.nlm.nih.gov/genomes/all/GCA/054/582/805/GCA_054582805.1_PDT003061046.1,Escherichia coli
54762446,SAMN54762446,,PNUSAE221100,missing,,2025,USA,,,,,,,,,Escherichia coli
54762430,SAMN54762430,,PNUSAE221106,missing,,2025,USA,,,,,,,,,Escherichia coli
54762423,SAMN54762423,,PNUSAE221105,missing,,2025,USA,,,,,,,,,Escherichia coli
54762417,SAMN54762417,,PNUSAE221109,missing,,2025,USA,,,,,,,,,Escherichia coli
54760687,SAMN54760687,,PNUSAE221093,missing,,2025,USA,,,,,,,,,Escherichia coli
54760684,SAMN54760684,,PNUSAE221107,missing,,2025,USA,,,,,,,,,Escherichia coli
54760536,SAMN54760536,,PNUSAE221092,missing,,2025,USA,,,,,,,,,Escherichia coli
54760535,SAMN54760535,,PNUSAE221101,missing,,2025,USA,,,,,,,,,Escherichia coli
54760534,SAMN54760534,,PNUSAE221108,missing,,2025,USA,,,,,,,,,Escherichia coli
54760464,SAMN54760464,,PNUSAE221112,missing,,2025,USA,,,,,,,,,Escherichia coli
54760463,SAMN54760463,,PNUSAE221110,missing,,2025,USA,,,,,,,,,Escherichia coli
54760462,SAMN54760462,,PNUSAE221111,missing,,2025,USA,,,,,,,,,Escherichia coli
54760400,SAMN54760400,,PNUSAE221096,missing,,2025,USA,,,,,,,,,Escherichia coli
54760399,SAMN54760399,,PNUSAE221098,missing,,2025,USA,,,,,,,,,Escherichia coli
54760372,SAMN54760372,,PNUSAE221103,missing,,2025,USA,,,,,,,,,Escherichia coli
54760371,SAMN54760371,,PNUSAE221102,missing,,2025,USA,,,,,GCA_054574745.1,Contig,,ftp://ftp.ncbi.nlm.nih.gov/genomes/all/GCA/054/574/745/GCA_054574745.1_PDT003061023.1,Escherichia coli
54748669,SAMEA116304139,,,,,,,,,,,,,,,Escherichia coli
54748363,SAMEA116304125,,,,,,,,,,,,,,,Escherichia coli
54748340,SAMEA116304440,,,,,,,,,,,,,,,Escherichia coli
54748199,SAMEA116304225,,,,,,,,,,,,,,,Escherichia coli
54748040,SAMEA120955709,,EH5271,,,,,,,,,,,,,Escherichia coli
54747824,SAMEA116304076,,,,,,,,,,,,,,,Escherichia coli
54747250,SAMEA116304645,,,,,,,,,,,,,,,Escherichia coli
54747216,SAMEA116304319,,,,,,,,,,,,,,,Escherichia coli
54747165,SAMEA120955706,,EH5273,,,,,,,,,,,,,Escherichia coli
54747095,SAMEA120955705,,EH5275,,,,,,,,,,,,,Escherichia coli
54747090,SAMEA116304186,,,,,,,,,,,,,,,Escherichia coli
54746939,SAMEA116304510,,,,,,,,,,,,,,,Escherichia coli
54746904,SAMEA116304520,,,,,,,,,,,,,,,Escherichia coli
54746791,SAMEA116304583,,,,,,,,,,,,,,,Escherichia coli
54746698,SAMEA120955708,,EH5277,,,,,,,,,,,,,Escherichia coli
54746686,SAMEA116304223,,,,,,,,,,,,,,,Escherichia coli
54746549,SAMEA116304147,,,,,,,,,,,,,,,Escherichia coli
54746385,SAMEA120955712,,EH5268,,,,,,,,,,,,,Escherichia coli
54746289,SAMEA116304277,,,,,,,,,,,,,,,Escherichia coli
54746205,SAMEA116304071,,,,,,,,,,,,,,,Escherichia coli
54746153,SAMEA116304201,,,,,,,,,,,,,,,Escherichia coli
54746067,SAMEA116304433,,,,,,,,,,,,,,,Escherichia coli
54745843,SAMEA116304286,,,,,,,,,,,,,,,Escherichia coli
54745778,SAMEA116304336,,,,,,,,,,,,,,,Escherichia coli
54745540,SAMEA116304590,,,,,,,,,,,,,,,Escherichia coli
54745528,SAMEA116304388,,,,,,,,,,,,,,,Escherichia coli
54745504,SAMEA116304181,,,,,,,,,,,,,,,Escherichia coli
54745490,SAMEA116304456,,,,,,,,,,,,,,,Escherichia coli
54745466,SAMEA116304236,,,,,,,,,,,,,,,Escherichia coli
54745187,SAMEA120955707,,EH5278,,,,,,,,,,,,,Escherichia coli
54745132,SAMEA116304231,,,,,,,,,,,,,,,Escherichia coli
54744885,SAMEA116304129,,,,,,,,,,,,,,,Escherichia coli
54744846,SAMEA116304390,,,,,,,,,,,,,,,Escherichia coli
54744714,SAMEA116304249,,,,,,,,,,,,,,,Escherichia coli
54744690,SAMEA116304355,,,,,,,,,,,,,,,Escherichia coli
54744471,SAMEA120955710,,EH5276,,,,,,,,,,,,,Escherichia coli
54744378,SAMEA116304532,,,,,,,,,,,,,,,Escherichia coli
54744321,SAMEA116304034,,,,,,,,,,,,,,,Escherichia coli
54744250,SAMEA116304517,,,,,,,,,,,,,,,Escherichia coli
54744224,SAMEA116304018,,,,,,,,,,,,,,,Escherichia coli
54744213,SAMEA116304161,,,,,,,,,,,,,,,Escherichia coli
54744210,SAMEA116304021,,,,,,,,,,,,,,,Escherichia coli
54744151,SAMEA116304367,,,,,,,,,,,,,,,Escherichia coli
54744064,SAMEA116304401,,,,,,,,,,,,,,,Escherichia coli
54744027,SAMEA120955704,,EH5267,,,,,,,,,,,,,Escherichia coli
54743937,SAMEA116304373,,,,,,,,,,,,,,,Escherichia coli
54743861,SAMEA120955711,,EH5280,,,,,,,,,,,,,Escherichia coli
54758401,SAMN54758401,,18-CV601-BEL,CV601 E. coli transconjugant with plasmid(s) from environmental donor,,2024,Sweden: Laboratory,,,,,,,,,Escherichia coli
54758400,SAMN54758400,,17-CV601-BEL,CV601 E. coli transconjugant with plasmid(s) from environmental donor,,2024,Sweden: Laboratory,,,,,,,,,Escherichia coli
54758399,SAMN54758399,,16-CV601-BEL,CV601 E. coli transconjugant with plasmid(s) from environmental donor,,2024,Sweden: Laboratory,,,,,,,,,Escherichia coli
54758398,SAMN54758398,,15-CV601-BEL,CV601 E. coli transconjugant with plasmid(s) from environmental donor,,2024,Sweden: Laboratory,,,,,,,,,Escherichia coli
54758397,SAMN54758397,,14-CV601-BEL,CV601 E. coli transconjugant with plasmid(s) from environmental donor,,2024,Sweden: Laboratory,,,,,,,,,Escherichia coli
54758396,SAMN54758396,,13-CV601-BEL,CV601 E. coli transconjugant with plasmid(s) from environmental donor,,2024,Sweden: Laboratory,,,,,,,,,Escherichia coli
54758395,SAMN54758395,,12-CV601-BEL,CV601 E. coli transconjugant with plasmid(s) from environmental donor,,2024,Sweden: Laboratory,,,,,,,,,Escherichia coli
54758394,SAMN54758394,,11-CV601-BEL,CV601 E. coli transconjugant with plasmid(s) from environmental donor,,2024,Sweden: Laboratory,,,,,,,,,Escherichia coli
54758393,SAMN54758393,,10-CV601-BEL,CV601 E. coli transconjugant with plasmid(s) from environmental donor,,2024,Sweden: Laboratory,,,,,,,,,Escherichia coli
54758392,SAMN54758392,,9-CV601-BEL,CV601 E. coli transconjugant with plasmid(s) from environmental donor,,2024,Sweden: Laboratory,,,,,,,,,Escherichia coli
54758391,SAMN54758391,,8-CV601-BEL,CV601 E. coli transconjugant with plasmid(s) from environmental donor,,2024,Sweden: Laboratory,,,,,,,,,Escherichia coli
54758390,SAMN54758390,,7-CV601-BEL,CV601 E. coli transconjugant with plasmid(s) from environmental donor,,2024,Sweden: Laboratory,,,,,,,,,Escherichia coli
54758389,SAMN54758389,,6-CV601-BEL,CV601 E. coli transconjugant with plasmid(s) from environmental donor,,2024,Sweden: Laboratory,,,,,,,,,Escherichia coli
54758388,SAMN54758388,,5-CV601-BEL,CV601 E. coli transconjugant with plasmid(s) from environmental donor,,2024,Sweden: Laboratory,,,,,,,,,Escherichia coli
54758387,SAMN54758387,,4-CV601-BEL,CV601 E. coli transconjugant with plasmid(s) from environmental donor,,2024,Sweden: Laboratory,,,,,,,,,Escherichia coli
54758386,SAMN54758386,,3-CV601-BEL,CV601 E. coli transconjugant with plasmid(s) from environmental donor,,2024,Sweden: Laboratory,,,,,,,,,Escherichia coli
54758385,SAMN54758385,,2-CV601-BEL,CV601 E. coli transconjugant with plasmid(s) from environmental donor,,2024,Sweden: Laboratory,,,,,,,,,Escherichia coli
54758384,SAMN54758384,,1-CV601-BEL,CV601 E. coli transconjugant with plasmid(s) from environmental donor,,2024,Sweden: Laboratory,,,,,,,,,Escherichia coli
54758383,SAMN54758383,,13-CV601-NOR,CV601 E. coli transconjugant with plasmid(s) from environmental donor,,2024,Sweden: Laboratory,,,,,,,,,Escherichia coli
54758382,SAMN54758382,,11-CV601-NOR,CV601 E. coli transconjugant with plasmid(s) from environmental donor,,2024,Sweden: Laboratory,,,,,,,,,Escherichia coli
54758381,SAMN54758381,,10-CV601-NOR,CV601 E. coli transconjugant with plasmid(s) from environmental donor,,2024,Sweden: Laboratory,,,,,,,,,Escherichia coli
54758380,SAMN54758380,,9-CV601-NOR,CV601 E. coli transconjugant with plasmid(s) from environmental donor,,2024,Sweden: Laboratory,,,,,,,,,Escherichia coli
54758379,SAMN54758379,,8-CV601-NOR,CV601 E. coli transconjugant with plasmid(s) from environmental donor,,2024,Sweden: Laboratory,,,,,,,,,Escherichia coli
54758378,SAMN54758378,,7-CV601-NOR,CV601 E. coli transconjugant with plasmid(s) from environmental donor,,2024,Sweden: Laboratory,,,,,,,,,Escherichia coli
54758377,SAMN54758377,,6-CV601-NOR,CV601 E. coli transconjugant with plasmid(s) from environmental donor,,2024,Sweden: Laboratory,,,,,,,,,Escherichia coli
54758376,SAMN54758376,,5-CV601-NOR,CV601 E. coli transconjugant with plasmid(s) from environmental donor,,2024,Sweden: Laboratory,,,,,,,,,Escherichia coli
54758375,SAMN54758375,,3-CV601-NOR,CV601 E. coli transconjugant with plasmid(s) from environmental donor,,2024,Sweden: Laboratory,,,,,,,,,Escherichia coli
54758374,SAMN54758374,,2-CV601-NOR,CV601 E. coli transconjugant with plasmid(s) from environmental donor,,2024,Sweden: Laboratory,,,,,,,,,Escherichia coli
54758373,SAMN54758373,,1-CV601-NOR,CV601 E. coli transconjugant with plasmid(s) from environmental donor,,2024,Sweden: Laboratory,,,,,,,,,Escherichia coli
54758372,SAMN54758372,,16-CV601-ESP,CV601 E. coli transconjugant with plasmid(s) from environmental donor,,2024,Sweden: Laboratory,,,,,,,,,Escherichia coli
54758371,SAMN54758371,,15-CV601-ESP,CV601 E. coli transconjugant with plasmid(s) from environmental donor,,2024,Sweden: Laboratory,,,,,,,,,Escherichia coli
54758370,SAMN54758370,,14-CV601-ESP,CV601 E. coli transconjugant with plasmid(s) from environmental donor,,2024,Sweden: Laboratory,,,,,,,,,Escherichia coli
54758369,SAMN54758369,,13-CV601-ESP,CV601 E. coli transconjugant with plasmid(s) from environmental donor,,2024,Sweden: Laboratory,,,,,,,,,Escherichia coli
54758368,SAMN54758368,,12-CV601-ESP,CV601 E. coli transconjugant with plasmid(s) from environmental donor,,2024,Sweden: Laboratory,,,,,,,,,Escherichia coli
54758367,SAMN54758367,,11-CV601-ESP,CV601 E. coli transconjugant with plasmid(s) from environmental donor,,2024,Sweden: Laboratory,,,,,,,,,Escherichia coli
54758366,SAMN54758366,,10-CV601-ESP,CV601 E. coli transconjugant with plasmid(s) from environmental donor,,2024,Sweden: Laboratory,,,,,,,,,Escherichia coli
54758365,SAMN54758365,,9-CV601-ESP,CV601 E. coli transconjugant with plasmid(s) from environmental donor,,2024,Sweden: Laboratory,,,,,,,,,Escherichia coli
54758364,SAMN54758364,,8-CV601-ESP,CV601 E. coli transconjugant with plasmid(s) from environmental donor,,2024,Sweden: Laboratory,,,,,,,,,Escherichia coli
54758363,SAMN54758363,,7-CV601-ESP,CV601 E. coli transconjugant with plasmid(s) from environmental donor,,2024,Sweden: Laboratory,,,,,,,,,Escherichia coli
54758362,SAMN54758362,,6-CV601-ESP,CV601 E. coli transconjugant with plasmid(s) from environmental donor,,2024,Sweden: Laboratory,,,,,,,,,Escherichia coli
54758361,SAMN54758361,,5-CV601-ESP,CV601 E. coli transconjugant with plasmid(s) from environmental donor,,2024,Sweden: Laboratory,,,,,,,,,Escherichia coli
54758360,SAMN54758360,,4-CV601-ESP,CV601 E. coli transconjugant with plasmid(s) from environmental donor,,2024,Sweden: Laboratory,,,,,,,,,Escherichia coli
54758359,SAMN54758359,,3-CV601-ESP,CV601 E. coli transconjugant with plasmid(s) from environmental donor,,2024,Sweden: Laboratory,,,,,,,,,Escherichia coli
54758358,SAMN54758358,,2-CV601-ESP,CV601 E. coli transconjugant with plasmid(s) from environmental donor,,2024,Sweden: Laboratory,,,,,,,,,Escherichia coli
54758357,SAMN54758357,,84-CV601-SWE,CV601 E. coli transconjugant with plasmid(s) from environmental donor,,2024,Sweden: Laboratory,,,,,,,,,Escherichia coli
54758356,SAMN54758356,,82-CV601-SWE,CV601 E. coli transconjugant with plasmid(s) from environmental donor,,2024,Sweden: Laboratory,,,,,,,,,Escherichia coli
54758355,SAMN54758355,,81-CV601-SWE,CV601 E. coli transconjugant with plasmid(s) from environmental donor,,2024,Sweden: Laboratory,,,,,,,,,Escherichia coli
54758354,SAMN54758354,,80-CV601-SWE,CV601 E. coli transconjugant with plasmid(s) from environmental donor,,2024,Sweden: Laboratory,,,,,,,,,Escherichia coli
54758353,SAMN54758353,,79-CV601-SWE,CV601 E. coli transconjugant with plasmid(s) from environmental donor,,2024,Sweden: Laboratory,,,,,,,,,Escherichia coli
54758352,SAMN54758352,,77-CV601-SWE,CV601 E. coli transconjugant with plasmid(s) from environmental donor,,2024,Sweden: Laboratory,,,,,,,,,Escherichia coli
54758351,SAMN54758351,,76-CV601-SWE,CV601 E. coli transconjugant with plasmid(s) from environmental donor,,2024,Sweden: Laboratory,,,,,,,,,Escherichia coli
54758350,SAMN54758350,,75-CV601-SWE,CV601 E. coli transconjugant with plasmid(s) from environmental donor,,2024,Sweden: Laboratory,,,,,,,,,Escherichia coli
54758349,SAMN54758349,,65-CV601-SWE,CV601 E. coli transconjugant with plasmid(s) from environmental donor,,2024,Sweden: Laboratory,,,,,,,,,Escherichia coli
54758348,SAMN54758348,,50-CV601-SWE,CV601 E. coli transconjugant with plasmid(s) from environmental donor,,2024,Sweden: Laboratory,,,,,,,,,Escherichia coli
54758347,SAMN54758347,,49-CV601-SWE,CV601 E. coli transconjugant with plasmid(s) from environmental donor,,2024,Sweden: Laboratory,,,,,,,,,Escherichia coli
54758346,SAMN54758346,,47-CV601-SWE,CV601 E. coli transconjugant with plasmid(s) from environmental donor,,2024,Sweden: Laboratory,,,,,,,,,Escherichia coli
54758345,SAMN54758345,,46-CV601-SWE,CV601 E. coli transconjugant with plasmid(s) from environmental donor,,2024,Sweden: Laboratory,,,,,,,,,Escherichia coli
54758344,SAMN54758344,,42-CV601-SWE,CV601 E. coli transconjugant with plasmid(s) from environmental donor,,2024,Sweden: Laboratory,,,,,,,,,Escherichia coli
54758343,SAMN54758343,,41-CV601-SWE,CV601 E. coli transconjugant with plasmid(s) from environmental donor,,2024,Sweden: Laboratory,,,,,,,,,Escherichia coli
54758342,SAMN54758342,,18-CV601-SWE,CV601 E. coli transconjugant with plasmid(s) from environmental donor,,2024,Sweden: Laboratory,,,,,,,,,Escherichia coli
54738249,SAMN54738249,,01894017,human,Homo sapiens,2026-01,United Kingdom: United Kingdom,,,,,GCA_054573975.1,Contig,,ftp://ftp.ncbi.nlm.nih.gov/genomes/all/GCA/054/573/975/GCA_054573975.1_PDT003060435.1,Escherichia coli
54738211,SAMN54738211,,01894024,human,Homo sapiens,2026-01,United Kingdom: United Kingdom,,,,,GCA_054574035.1,Contig,,ftp://ftp.ncbi.nlm.nih.gov/genomes/all/GCA/054/574/035/GCA_054574035.1_PDT003060434.1,Escherichia coli
54738210,SAMN54738210,,01894018,human,Homo sapiens,2026-01,United Kingdom: United Kingdom,,,,,GCA_054574075.1,Contig,,ftp://ftp.ncbi.nlm.nih.gov/genomes/all/GCA/054/574/075/GCA_054574075.1_PDT003060433.1,Escherichia coli
54738209,SAMN54738209,,01894020,human,Homo sapiens,2026-01,United Kingdom: United Kingdom,,,,,GCA_054574055.1,Contig,,ftp://ftp.ncbi.nlm.nih.gov/genomes/all/GCA/054/574/055/GCA_054574055.1_PDT003060432.1,Escherichia coli
54738207,SAMN54738207,,01894023,human,Homo sapiens,2026-01,United Kingdom: United Kingdom,,,,,GCA_054574115.1,Contig,,ftp://ftp.ncbi.nlm.nih.gov/genomes/all/GCA/054/574/115/GCA_054574115.1_PDT003060430.1,Escherichia coli
54738205,SAMN54738205,,01894030,human,Homo sapiens,2026-01,United Kingdom: United Kingdom,,,,,GCA_054574135.1,Contig,,ftp://ftp.ncbi.nlm.nih.gov/genomes/all/GCA/054/574/135/GCA_054574135.1_PDT003060429.1,Escherichia coli
54738203,SAMN54738203,,01894028,human,Homo sapiens,2026-01,United Kingdom: United Kingdom,,,,,GCA_054574195.1,Contig,,ftp://ftp.ncbi.nlm.nih.gov/genomes/all/GCA/054/574/195/GCA_054574195.1_PDT003060427.1,Escherichia coli
54738202,SAMN54738202,,01894019,human,Homo sapiens,2026-01,United Kingdom: United Kingdom,,,,,GCA_054574235.1,Contig,,ftp://ftp.ncbi.nlm.nih.gov/genomes/all/GCA/054/574/235/GCA_054574235.1_PDT003060423.1,Escherichia coli
54738201,SAMN54738201,,01894021,human,Homo sapiens,2026-01,United Kingdom: United Kingdom,,,,,GCA_054574155.1,Contig,,ftp://ftp.ncbi.nlm.nih.gov/genomes/all/GCA/054/574/155/GCA_054574155.1_PDT003060428.1,Escherichia coli
54738200,SAMN54738200,,01894013,human,Homo sapiens,2026-01,United Kingdom: United Kingdom,,,,,GCA_054574175.1,Contig,,ftp://ftp.ncbi.nlm.nih.gov/genomes/all/GCA/054/574/175/GCA_054574175.1_PDT003060426.1,Escherichia coli
54738199,SAMN54738199,,01894026,human,Homo sapiens,2026-01,United Kingdom: United Kingdom,,,,,GCA_054574245.1,Contig,,ftp://ftp.ncbi.nlm.nih.gov/genomes/all/GCA/054/574/245/GCA_054574245.1_PDT003060424.1,Escherichia coli
54738198,SAMN54738198,,01894025,human,Homo sapiens,2026-01,United Kingdom: United Kingdom,,,,,GCA_054574215.1,Contig,,ftp://ftp.ncbi.nlm.nih.gov/genomes/all/GCA/054/574/215/GCA_054574215.1_PDT003060425.1,Escherichia coli
54755863,SAMN54755863,,PNUSAE221089,missing,,2025,USA,,,,,GCA_054574295.1,Contig,,ftp://ftp.ncbi.nlm.nih.gov/genomes/all/GCA/054/574/295/GCA_054574295.1_PDT003060337.1,Escherichia coli
54755862,SAMN54755862,,PNUSAE221090,missing,,2026,USA,,,,,GCA_054574275.1,Contig,,ftp://ftp.ncbi.nlm.nih.gov/genomes/all/GCA/054/574/275/GCA_054574275.1_PDT003060338.1,Escherichia coli
54755860,SAMN54755860,,PNUSAE221091,missing,,2026,USA,,,,,GCA_054574335.1,Contig,,ftp://ftp.ncbi.nlm.nih.gov/genomes/all/GCA/054/574/335/GCA_054574335.1_PDT003060334.1,Escherichia coli
54755859,SAMN54755859,,PNUSAE221086,missing,,2025,USA,,,,,GCA_054574695.1,Contig,,ftp://ftp.ncbi.nlm.nih.gov/genomes/all/GCA/054/574/695/GCA_054574695.1_PDT003060336.1,Escherichia coli
54755858,SAMN54755858,,PNUSAE221088,missing,,2025,USA,,,,,GCA_054574315.1,Contig,,ftp://ftp.ncbi.nlm.nih.gov/genomes/all/GCA/054/574/315/GCA_054574315.1_PDT003060335.1,Escherichia coli
54755857,SAMN54755857,,PNUSAE221087,missing,,2025,USA,,,,,GCA_054563315.1,Contig,,ftp://ftp.ncbi.nlm.nih.gov/genomes/all/GCA/054/563/315/GCA_054563315.1_PDT003060168.1,Escherichia coli
53669773,SAMN53669773,,PRO_A-2576-6M-A_ESBL,feces,Homo sapiens,2023-03-10,Tanzania,,,,,GCF_054388855.1,Complete Genome,ftp://ftp.ncbi.nlm.nih.gov/genomes/all/GCF/054/388/855/GCF_054388855.1_PRO_A-2576-6M-A_ESBL,ftp://ftp.ncbi.nlm.nih.gov/genomes/all/GCA/054/388/855/GCA_054388855.1_PRO_A-2576-6M-A_ESBL,Escherichia coli
53669772,SAMN53669772,,PRO_A-2567-6M-A_ESBL,feces,Homo sapiens,2023-03-08,Tanzania,,,,,GCF_054388835.1,Complete Genome,ftp://ftp.ncbi.nlm.nih.gov/genomes/all/GCF/054/388/835/GCF_054388835.1_PRO_A-2567-6M-A_ESBL,ftp://ftp.ncbi.nlm.nih.gov/genomes/all/GCA/054/388/835/GCA_054388835.1_PRO_A-2567-6M-A_ESBL,Escherichia coli
53669771,SAMN53669771,,PRO_A-1551-6M-A_ESBL,feces,Homo sapiens,2022-10-21,Tanzania,,,,,GCF_054388875.1,Complete Genome,ftp://ftp.ncbi.nlm.nih.gov/genomes/all/GCF/054/388/875/GCF_054388875.1_PRO_A-1551-6M-A_ESBL,ftp://ftp.ncbi.nlm.nih.gov/genomes/all/GCA/054/388/875/GCA_054388875.1_PRO_A-1551-6M-A_ESBL,Escherichia coli
53669770,SAMN53669770,,PRO_A-1534-6M-A_ESBL,feces,Homo sapiens,2022-10-25,Tanzania,,,,,GCF_054388895.1,Complete Genome,ftp://ftp.ncbi.nlm.nih.gov/genomes/all/GCF/054/388/895/GCF_054388895.1_PRO_A-1534-6M-A_ESBL,ftp://ftp.ncbi.nlm.nih.gov/genomes/all/GCA/054/388/895/GCA_054388895.1_PRO_A-1534-6M-A_ESBL,Escherichia coli
53669769,SAMN53669769,,PRO_A-1505-6W-A_ESBL,feces,Homo sapiens,2022-05-30,Tanzania,,,,,GCF_054388915.1,Complete Genome,ftp://ftp.ncbi.nlm.nih.gov/genomes/all/GCF/054/388/915/GCF_054388915.1_PRO_A-1505-6W-A_ESBL,ftp://ftp.ncbi.nlm.nih.gov/genomes/all/GCA/054/388/915/GCA_054388915.1_PRO_A-1505-6W-A_ESBL,Escherichia coli
53669768,SAMN53669768,,PRO_A-1504-6M-A_ESBL,feces,Homo sapiens,2022-10-14,Tanzania,,,,,GCF_054388935.1,Complete Genome,ftp://ftp.ncbi.nlm.nih.gov/genomes/all/GCF/054/388/935/GCF_054388935.1_PRO_A-1504-6M-A_ESBL,ftp://ftp.ncbi.nlm.nih.gov/genomes/all/GCA/054/388/935/GCA_054388935.1_PRO_A-1504-6M-A_ESBL,Escherichia coli
53669767,SAMN53669767,,PRO_A-1496-6W-A_ESBL,feces,Homo sapiens,2022-06-05,Tanzania,,,,,GCF_054388965.1,Complete Genome,ftp://ftp.ncbi.nlm.nih.gov/genomes/all/GCF/054/388/965/GCF_054388965.1_PRO_A-1496-6W-A_ESBL,ftp://ftp.ncbi.nlm.nih.gov/genomes/all/GCA/054/388/965/GCA_054388965.1_PRO_A-1496-6W-A_ESBL,Escherichia coli
53669766,SAMN53669766,,PRO_A-1490-6W-A_ESBL,feces,Homo sapiens,2022-05-31,Tanzania,,,,,GCF_054388995.1,Complete Genome,ftp://ftp.ncbi.nlm.nih.gov/genomes/all/GCF/054/388/995/GCF_054388995.1_PRO_A-1490-6W-A_ESBL,ftp://ftp.ncbi.nlm.nih.gov/genomes/all/GCA/054/388/995/GCA_054388995.1_PRO_A-1490-6W-A_ESBL,Escherichia coli
53669765,SAMN53669765,,PRO_A-1482-6W-A_ESBL,feces,Homo sapiens,2022-06-02,Tanzania,,,,,GCF_054388955.1,Complete Genome,ftp://ftp.ncbi.nlm.nih.gov/genomes/all/GCF/054/388/955/GCF_054388955.1_PRO_A-1482-6W-A_ESBL,ftp://ftp.ncbi.nlm.nih.gov/genomes/all/GCA/054/388/955/GCA_054388955.1_PRO_A-1482-6W-A_ESBL,Escherichia coli
54853498,SAMEA120970212,Klebsiella pneumoniae,,,,,,,,,,,,,,Klebsiella pneumoniae
54832029,SAMEA120970146,Klebsiella pneumoniae,,,,,,,,,,,,,,Klebsiella pneumoniae
54821146,SAMEA120970149,Klebsiella pneumoniae,,,,,,,,,,,,,,Klebsiella pneumoniae
54815314,SAMEA120969541,Klebsiella pneumoniae,,,,,,,,,,,,,,Klebsiella pneumoniae
54872776,SAMN54872776,,,sputum,Homo sapiens,2026,USA,,,,,,,,,Klebsiella pneumoniae
54870561,SAMN54870561,,2026EP-00007,urine,Homo sapiens,2025,USA,,,,,,,,,Klebsiella pneumoniae
54870560,SAMN54870560,,2026EP-00012,urine,Homo sapiens,2025,USA,,,,,,,,,Klebsiella pneumoniae
54870558,SAMN54870558,,2026EP-00018,blood,Homo sapiens,2025,USA,,,,,,,,,Klebsiella pneumoniae
54870554,SAMN54870554,,2026EP-00008,urine,Homo sapiens,2025,USA,,,,,,,,,Klebsiella pneumoniae
54870553,SAMN54870553,,2026EP-00016,urine,Homo sapiens,2025,USA,,,,,,,,,Klebsiella pneumoniae
54870549,SAMN54870549,,2026EP-00006,urine,Homo sapiens,2025,USA,,,,,,,,,Klebsiella pneumoniae
54804742,SAMN54804742,,,,Homo sapiens,,,,,,,,,,,Klebsiella pneumoniae
54804741,SAMN54804741,,,,Homo sapiens,,,,,,,,,,,Klebsiella pneumoniae
54804736,SAMN54804736,,,,Homo sapiens,,,,,,,,,,,Klebsiella pneumoniae
54804735,SAMN54804735,,,,Homo sapiens,,,,,,,,,,,Klebsiella pneumoniae
54802630,SAMN54802630,,unknown,unknown,Homo sapiens,2025,USA,,,,,,,,,Klebsiella pneumoniae
54802620,SAMN54802620,,,urine,Homo sapiens,2025,USA,,,,,GCA_054654875.1,Contig,,ftp://ftp.ncbi.nlm.nih.gov/genomes/all/GCA/054/654/875/GCA_054654875.1_PDT003064087.1,Klebsiella pneumoniae
54802188,SAMN54802188,,,Wound/Abscess,Homo sapiens,2025-12-18,USA,,,,,GCA_054652015.1,Contig,,ftp://ftp.ncbi.nlm.nih.gov/genomes/all/GCA/054/652/015/GCA_054652015.1_PDT003063934.1,Klebsiella pneumoniae
54801186,SAMN54801186,,2026EL-00014,Rectal swab,animal,2026,USA,,,,,,,,,Klebsiella pneumoniae
54801183,SAMN54801183,,2026EL-00011,Rectal swab,animal,2026,USA,,,,,,,,,Klebsiella pneumoniae
54799537,SAMN54799537,,,Homo Sapiens clinical,Homo sapiens,2026-01-07,USA: Florida,,,,,GCA_054647535.1,Contig,,ftp://ftp.ncbi.nlm.nih.gov/genomes/all/GCA/054/647/535/GCA_054647535.1_PDT003063526.1,Klebsiella pneumoniae
54799534,SAMN54799534,,,Homo Sapiens clinical,Homo sapiens,2026-01-03,USA: Florida,,,,,GCA_054647495.1,Contig,,ftp://ftp.ncbi.nlm.nih.gov/genomes/all/GCA/054/647/495/GCA_054647495.1_PDT003063529.1,Klebsiella pneumoniae
54799529,SAMN54799529,,,Homo Sapiens clinical,Homo sapiens,2025-12-31,USA: Florida,,,,,GCA_054650275.1,Contig,,ftp://ftp.ncbi.nlm.nih.gov/genomes/all/GCA/054/650/275/GCA_054650275.1_PDT003063516.1,Klebsiella pneumoniae
54762849,SAMEA119513765,,,feces,,,,,,,,,,,,Klebsiella pneumoniae
54762810,SAMEA119513749,,,unknown,,,,,,,,,,,,Klebsiella pneumoniae
54762762,SAMEA119513741,,,unknown,,,,,,,,,,,,Klebsiella pneumoniae
54762658,SAMEA120959367,,,nasal swab,,,,,,,,,,,,Klebsiella pneumoniae
54762489,SAMEA119513743,,,urine,,,,,,,,,,,,Klebsiella pneumoniae
54762477,SAMEA119513767,,,intestine,,,,,,,,,,,,Klebsiella pneumoniae
54762400,SAMEA119513764,,,intestine,,,,,,,,,,,,Klebsiella pneumoniae
54762397,SAMEA119513747,,,blood,,,,,,,,,,,,Klebsiella pneumoniae
54762052,SAMEA119513752,,,blood,,,,,,,,,,,,Klebsiella pneumoniae
54761974,SAMEA119513746,,,blood,,,,,,,,,,,,Klebsiella pneumoniae
54761937,SAMEA119513742,,,unknown,,,,,,,,,,,,Klebsiella pneumoniae
54761917,SAMEA119513740,,,unknown,,,,,,,,,,,,Klebsiella pneumoniae
54761899,SAMEA119513754,,,urine,,,,,,,,,,,,Klebsiella pneumoniae
54761726,SAMEA119513753,,,blood,,,,,,,,,,,,Klebsiella pneumoniae
54761642,SAMEA119513755,,,surveillance swab,,,,,,,,,,,,Klebsiella pneumoniae
54761597,SAMEA119513750,,,unknown,,,,,,,,,,,,Klebsiella pneumoniae
54761426,SAMEA119513748,,,unknown,,,,,,,,,,,,Klebsiella pneumoniae
54761365,SAMEA119513738,,,blood,,,,,,,,,,,,Klebsiella pneumoniae
54761315,SAMEA119513739,,,unknown,,,,,,,,,,,,Klebsiella pneumoniae
54761235,SAMEA119513760,,,unknown,,,,,,,,,,,,Klebsiella pneumoniae
54761055,SAMEA119513745,,,unknown,,,,,,,,,,,,Klebsiella pneumoniae
54760926,SAMEA119513751,,,unknown,,,,,,,,,,,,Klebsiella pneumoniae
54760830,SAMEA119513744,,,urine,,,,,,,,,,,,Klebsiella pneumoniae
54760802,SAMEA119513761,,,spleen,,,,,,,,,,,,Klebsiella pneumoniae
54719734,SAMN54719734,,QL698,sputum,Homo sapiens,2023-02-14,China,,,,,,,,,Klebsiella pneumoniae
51531023,SAMN51531023,,cKp83,,Homo sapiens,missing,"USA: Buffalo, NY",,,,,,,,,Klebsiella pneumoniae
54768362,SAMN54768362,,2026HL-01028,rectal swab,Homo sapiens,2026,USA,,,,,GCA_054595105.1,Contig,,ftp://ftp.ncbi.nlm.nih.gov/genomes/all/GCA/054/595/105/GCA_054595105.1_PDT003061977.1,Klebsiella pneumoniae
54768355,SAMN54768355,,2026HL-01021,hip,Homo sapiens,2025,USA,,,,,GCA_054595005.1,Contig,,ftp://ftp.ncbi.nlm.nih.gov/genomes/all/GCA/054/595/005/GCA_054595005.1_PDT003061984.1,Klebsiella pneumoniae
54768160,SAMN54768160,,2026EP-00003,urine,Homo sapiens,2025,USA,,,,,GCA_054595155.1,Contig,,ftp://ftp.ncbi.nlm.nih.gov/genomes/all/GCA/054/595/155/GCA_054595155.1_PDT003061965.1,Klebsiella pneumoniae
54768159,SAMN54768159,,2026EP-00002,aspirate,Homo sapiens,2025,USA,,,,,GCA_054595145.1,Contig,,ftp://ftp.ncbi.nlm.nih.gov/genomes/all/GCA/054/595/145/GCA_054595145.1_PDT003061966.1,Klebsiella pneumoniae
54768158,SAMN54768158,,2026EP-00004,sputum,Homo sapiens,2025,USA,,,,,GCA_054595205.1,Contig,,ftp://ftp.ncbi.nlm.nih.gov/genomes/all/GCA/054/595/205/GCA_054595205.1_PDT003061964.1,Klebsiella pneumoniae
54757923,SAMN54757923,,sample17,missing,Homo sapiens,2021,Israel,,,,,,,,,Klebsiella pneumoniae
54757922,SAMN54757922,,sample16,missing,Homo sapiens,2021,Israel,,,,,,,,,Klebsiella pneumoniae
54757921,SAMN54757921,,sample15,missing,Homo sapiens,2021,Israel,,,,,,,,,Klebsiella pneumoniae
54757920,SAMN54757920,,sample14,missing,Homo sapiens,2022,Israel,,,,,,,,,Klebsiella pneumoniae
54757919,SAMN54757919,,sample13,missing,Homo sapiens,2021,Israel,,,,,,,,,Klebsiella pneumoniae
54757918,SAMN54757918,,sample12,missing,Homo sapiens,2021,Israel,,,,,,,,,Klebsiella pneumoniae
54757917,SAMN54757917,,sample11,missing,Homo sapiens,2021,Israel,,,,,,,,,Klebsiella pneumoniae
54757916,SAMN54757916,,sample10,missing,Homo sapiens,2021,Israel,,,,,,,,,Klebsiella pneumoniae
54757915,SAMN54757915,,sample9,missing,Homo sapiens,2021,Israel,,,,,,,,,Klebsiella pneumoniae
54757914,SAMN54757914,,sample8,missing,Homo sapiens,2021,Israel,,,,,,,,,Klebsiella pneumoniae
54757913,SAMN54757913,,sample7,missing,Homo sapiens,2021,Israel,,,,,,,,,Klebsiella pneumoniae
54757912,SAMN54757912,,sample6,missing,Homo sapiens,2021,Israel,,,,,,,,,Klebsiella pneumoniae
54757911,SAMN54757911,,sample5,missing,Homo sapiens,2021,Israel,,,,,,,,,Klebsiella pneumoniae
54757910,SAMN54757910,,sample4,missing,Homo sapiens,2021,Israel,,,,,,,,,Klebsiella pneumoniae
54757909,SAMN54757909,,sample3,missing,Homo sapiens,2021,Israel,,,,,,,,,Klebsiella pneumoniae
54757908,SAMN54757908,,sample2,missing,Homo sapiens,2021,Israel,,,,,,,,,Klebsiella pneumoniae
54757907,SAMN54757907,,sample1,missing,Homo sapiens,2021,Israel,,,,,,,,,Klebsiella pneumoniae
54766103,SAMN54766103,,,sputum,Homo sapiens,2026,USA,,,,,GCA_054586445.1,Contig,,ftp://ftp.ncbi.nlm.nih.gov/genomes/all/GCA/054/586/445/GCA_054586445.1_PDT003061712.1,Klebsiella pneumoniae
54766003,SAMN54766003,,2025GO-00656,Unknown,Homo sapiens,2026,USA,,,,,GCA_054584455.1,Contig,,ftp://ftp.ncbi.nlm.nih.gov/genomes/all/GCA/054/584/455/GCA_054584455.1_PDT003061660.1,Klebsiella pneumoniae
54765995,SAMN54765995,,2025GO-00648,Unknown,Homo sapiens,2026,USA,,,,,GCA_054586755.1,Contig,,ftp://ftp.ncbi.nlm.nih.gov/genomes/all/GCA/054/586/755/GCA_054586755.1_PDT003061665.1,Klebsiella pneumoniae
54765994,SAMN54765994,,2025GO-00647,Unknown,Homo sapiens,2026,USA,,,,,GCA_054584475.1,Contig,,ftp://ftp.ncbi.nlm.nih.gov/genomes/all/GCA/054/584/475/GCA_054584475.1_PDT003061648.1,Klebsiella pneumoniae
54765992,SAMN54765992,,2025GO-00645,Unknown,Homo sapiens,2026,USA,,,,,GCA_054586715.1,Contig,,ftp://ftp.ncbi.nlm.nih.gov/genomes/all/GCA/054/586/715/GCA_054586715.1_PDT003061666.1,Klebsiella pneumoniae
54765991,SAMN54765991,,2025GO-00644,Unknown,Homo sapiens,2026,USA,,,,,GCA_054586725.1,Contig,,ftp://ftp.ncbi.nlm.nih.gov/genomes/all/GCA/054/586/725/GCA_054586725.1_PDT003061667.1,Klebsiella pneumoniae
54765990,SAMN54765990,,2025GO-00643,Unknown,Homo sapiens,2026,USA,,,,,GCA_054583615.1,Contig,,ftp://ftp.ncbi.nlm.nih.gov/genomes/all/GCA/054/583/615/GCA_054583615.1_PDT003061650.1,Klebsiella pneumoniae
54765986,SAMN54765986,,2025GO-00639,Unknown,Homo sapiens,2026,USA,,,,,GCA_054584435.1,Contig,,ftp://ftp.ncbi.nlm.nih.gov/genomes/all/GCA/054/584/435/GCA_054584435.1_PDT003061663.1,Klebsiella pneumoniae
54764856,SAMN54764856,,,blood,Homo sapiens,2025,USA: Arizona,,,,,GCA_054586295.1,Contig,,ftp://ftp.ncbi.nlm.nih.gov/genomes/all/GCA/054/586/295/GCA_054586295.1_PDT003061327.1,Klebsiella pneumoniae
54764855,SAMN54764855,,,sputum,Homo sapiens,2025,USA: Arizona,,,,,GCA_054586325.1,Contig,,ftp://ftp.ncbi.nlm.nih.gov/genomes/all/GCA/054/586/325/GCA_054586325.1_PDT003061326.1,Klebsiella pneumoniae
54764851,SAMN54764851,,,sputum,Homo sapiens,2025,USA: Arizona,,,,,GCA_054586795.1,Contig,,ftp://ftp.ncbi.nlm.nih.gov/genomes/all/GCA/054/586/795/GCA_054586795.1_PDT003061322.1,Klebsiella pneumoniae
54764846,SAMN54764846,,,blood,Homo sapiens,2025,USA: Arizona,,,,,GCA_054586855.1,Contig,,ftp://ftp.ncbi.nlm.nih.gov/genomes/all/GCA/054/586/855/GCA_054586855.1_PDT003061317.1,Klebsiella pneumoniae
54764842,SAMN54764842,,,urine,Homo sapiens,2025,USA: Arizona,,,,,GCA_054586905.1,Contig,,ftp://ftp.ncbi.nlm.nih.gov/genomes/all/GCA/054/586/905/GCA_054586905.1_PDT003061313.1,Klebsiella pneumoniae
54764841,SAMN54764841,,,Other (Specify:),Homo sapiens,2025,USA: Arizona,,,,,GCA_054586935.1,Contig,,ftp://ftp.ncbi.nlm.nih.gov/genomes/all/GCA/054/586/935/GCA_054586935.1_PDT003061312.1,Klebsiella pneumoniae
54764838,SAMN54764838,,,Tissue (Specify:),Homo sapiens,2025,USA: Arizona,,,,,GCA_054586995.1,Contig,,ftp://ftp.ncbi.nlm.nih.gov/genomes/all/GCA/054/586/995/GCA_054586995.1_PDT003061309.1,Klebsiella pneumoniae
54764817,SAMN54764817,,634Kp,Rectal swab,Homo sapiens,2024-03,Italy: Rome,,,,,,,,,Klebsiella pneumoniae
54764816,SAMN54764816,,633Kp,Rectal swab,Homo sapiens,2024-03,Italy: Rome,,,,,,,,,Klebsiella pneumoniae
54764815,SAMN54764815,,632Kp,TBA,Homo sapiens,2024-03,Italy: Rome,,,,,,,,,Klebsiella pneumoniae
54764814,SAMN54764814,,617Kp,TBA,Homo sapiens,2024-01,Italy: Rome,,,,,,,,,Klebsiella pneumoniae
54764813,SAMN54764813,,612Kp,Rectal swab,Homo sapiens,2024-01,Italy: Rome,,,,,,,,,Klebsiella pneumoniae
54764812,SAMN54764812,,611Kp,TBA,Homo sapiens,2024-01,Italy: Rome,,,,,,,,,Klebsiella pneumoniae
54764811,SAMN54764811,,574Kp,Rectal swab,Homo sapiens,2023-11,Italy: Rome,,,,,,,,,Klebsiella pneumoniae
54764810,SAMN54764810,,573Kp,TBA,Homo sapiens,2023-11,Italy: Rome,,,,,,,,,Klebsiella pneumoniae
54764809,SAMN54764809,,569Kp,TBA,Homo sapiens,2023-10,Italy: Rome,,,,,,,,,Klebsiella pneumoniae
54764808,SAMN54764808,,556Kp,BAL,Homo sapiens,2023-10,Italy: Rome,,,,,,,,,Klebsiella pneumoniae
54764807,SAMN54764807,,550Kp,TBA,Homo sapiens,2023-09,Italy: Rome,,,,,,,,,Klebsiella pneumoniae
54764806,SAMN54764806,,505Kp,central venous catheter,Homo sapiens,2023-07,Italy: Rome,,,,,,,,,Klebsiella pneumoniae
54764805,SAMN54764805,,502Kp,TBA,Homo sapiens,2023-07,Italy: Rome,,,,,,,,,Klebsiella pneumoniae
54764804,SAMN54764804,,479Kp,TBA,Homo sapiens,2023-05,Italy: Rome,,,,,,,,,Klebsiella pneumoniae
54764803,SAMN54764803,,450Kp,BAL,Homo sapiens,2023-02,Italy: Rome,,,,,,,,,Klebsiella pneumoniae
54764802,SAMN54764802,,449Kp,Rectal swab,Homo sapiens,2023-02,Italy: Rome,,,,,,,,,Klebsiella pneumoniae
54764801,SAMN54764801,,447Kp,TBA,Homo sapiens,2023-02,Italy: Rome,,,,,,,,,Klebsiella pneumoniae
54764800,SAMN54764800,,440Kp,TBA,Homo sapiens,2023-02,Italy: Rome,,,,,,,,,Klebsiella pneumoniae
54764799,SAMN54764799,,430Kp,BAL,Homo sapiens,2023-01,Italy: Rome,,,,,,,,,Klebsiella pneumoniae
54764798,SAMN54764798,,422Kp,BAL,Homo sapiens,2023-02,Italy: Rome,,,,,,,,,Klebsiella pneumoniae
54764797,SAMN54764797,,419Kp,TBA,Homo sapiens,2022-12,Italy: Rome,,,,,,,,,Klebsiella pneumoniae
54764796,SAMN54764796,,413Kp,BAL,Homo sapiens,2022-12,Italy: Rome,,,,,,,,,Klebsiella pneumoniae
54764795,SAMN54764795,,383Kp,BAL,Homo sapiens,2022-09,Italy: Rome,,,,,,,,,Klebsiella pneumoniae
54764794,SAMN54764794,,320Kp,TBA,Homo sapiens,2022-04,Italy: Rome,,,,,,,,,Klebsiella pneumoniae
54764793,SAMN54764793,,293Kp,TBA,Homo sapiens,2022-02,Italy: Rome,,,,,,,,,Klebsiella pneumoniae
54764792,SAMN54764792,,276Kp,BAL,Homo sapiens,2022-02,Italy: Rome,,,,,,,,,Klebsiella pneumoniae
54764791,SAMN54764791,,184Kp,urine,Homo sapiens,2021-06,Italy: Rome,,,,,,,,,Klebsiella pneumoniae
54764790,SAMN54764790,,182Kp,Rectal swab,Homo sapiens,2021-06,Italy: Rome,,,,,,,,,Klebsiella pneumoniae
54763064,SAMN54763064,,,SWAB_WOUND,Homo sapiens,2025,USA,,,,,GCA_054577485.1,Contig,,ftp://ftp.ncbi.nlm.nih.gov/genomes/all/GCA/054/577/485/GCA_054577485.1_PDT003061055.1,Klebsiella pneumoniae
54747786,SAMEA116304289,,,,,,,,,,,,,,,Klebsiella pneumoniae
54745672,SAMEA116304446,,,,,,,,,,,,,,,Klebsiella pneumoniae
54745261,SAMEA116304194,,,,,,,,,,,,,,,Klebsiella pneumoniae
54744453,SAMEA116304292,,,,,,,,,,,,,,,Klebsiella pneumoniae
54744407,SAMEA116304408,,,,,,,,,,,,,,,Klebsiella pneumoniae
54757906,SAMN54757906,,2023006485,urine,Homo sapiens,2023-12-15,Hungary,,,,,,,,,Klebsiella pneumoniae
54757905,SAMN54757905,,2023006483,urine,Homo sapiens,2023-12-17,Hungary,,,,,,,,,Klebsiella pneumoniae
54757904,SAMN54757904,,2023006476,cannula,Homo sapiens,2023-11-25,Hungary,,,,,,,,,Klebsiella pneumoniae
54757903,SAMN54757903,,2023006457,urine,Homo sapiens,2023-12-08,Hungary,,,,,,,,,Klebsiella pneumoniae
54757902,SAMN54757902,,2023005717,tracheal aspirate,Homo sapiens,2023-06-20,Hungary,,,,,,,,,Klebsiella pneumoniae
54757901,SAMN54757901,,2023005674,urine,Homo sapiens,2023-06-09,Hungary,,,,,,,,,Klebsiella pneumoniae
54757900,SAMN54757900,,2023005684,tracheal aspirate,Homo sapiens,2023-06-13,Hungary,,,,,,,,,Klebsiella pneumoniae
54757899,SAMN54757899,,2023005690,urine,Homo sapiens,2023-06-16,Hungary,,,,,,,,,Klebsiella pneumoniae
54757898,SAMN54757898,,2023005653,urine,Homo sapiens,2023-06-02,Hungary,,,,,,,,,Klebsiella pneumoniae
54757897,SAMN54757897,,2023005616,tracheal aspirate,Homo sapiens,2023-05-26,Hungary,,,,,,,,,Klebsiella pneumoniae
54757896,SAMN54757896,,2023005599,urine,Homo sapiens,2023-05-09,Hungary,,,,,,,,,Klebsiella pneumoniae
54757895,SAMN54757895,,2023005587,tracheal aspirate,Homo sapiens,2023-05-23,Hungary,,,,,,,,,Klebsiella pneumoniae
54757894,SAMN54757894,,2023005583,urine,Homo sapiens,2023-05-17,Hungary,,,,,,,,,Klebsiella pneumoniae
54757893,SAMN54757893,,2023005451,urine,Homo sapiens,2023-04-12,Hungary,,,,,,,,,Klebsiella pneumoniae
54757892,SAMN54757892,,2023005443,wound,Homo sapiens,2023-04-12,Hungary,,,,,,,,,Klebsiella pneumoniae
54757891,SAMN54757891,,2023005428,urine,Homo sapiens,2023-04-07,Hungary,,,,,,,,,Klebsiella pneumoniae
54757890,SAMN54757890,,2023005412,cannula,Homo sapiens,2023-04-05,Hungary,,,,,,,,,Klebsiella pneumoniae
54757889,SAMN54757889,,2023005359,urine,Homo sapiens,2023-03-14,Hungary,,,,,,,,,Klebsiella pneumoniae
54757888,SAMN54757888,,2023005513,tracheal aspirate,Homo sapiens,2023-05-04,Hungary,,,,,,,,,Klebsiella pneumoniae
54757887,SAMN54757887,,2023005490,tracheal aspirate,Homo sapiens,2023-04-25,Hungary,,,,,,,,,Klebsiella pneumoniae
54757886,SAMN54757886,,2022005361,broncho-alveolar lavage,Homo sapiens,2022-04-19,Hungary,,,,,,,,,Klebsiella pneumoniae
54757885,SAMN54757885,,2024005303,urine,Homo sapiens,2024-03-12,Hungary,,,,,,,,,Klebsiella pneumoniae
54757884,SAMN54757884,,2024005289,tracheal aspirate,Homo sapiens,2024-03-04,Hungary,,,,,,,,,Klebsiella pneumoniae
54757883,SAMN54757883,,2024005288,tracheal aspirate,Homo sapiens,2024-03-08,Hungary,,,,,,,,,Klebsiella pneumoniae
54757882,SAMN54757882,,2024005255,urine,Homo sapiens,2024-02-20,Hungary,,,,,,,,,Klebsiella pneumoniae
54757881,SAMN54757881,,2024005246,urine,Homo sapiens,2024-02-16,Hungary,,,,,,,,,Klebsiella pneumoniae
54757880,SAMN54757880,,2024005230,urine,Homo sapiens,2024-02-18,Hungary,,,,,,,,,Klebsiella pneumoniae
54757879,SAMN54757879,,2024005197,urine,Homo sapiens,2024-02-14,Hungary,,,,,,,,,Klebsiella pneumoniae
54757878,SAMN54757878,,2024005182,urine,Homo sapiens,2024-02-08,Hungary,,,,,,,,,Klebsiella pneumoniae
54757877,SAMN54757877,,2024005161,urine,Homo sapiens,2024-01-26,Hungary,,,,,,,,,Klebsiella pneumoniae
54757876,SAMN54757876,,2024005145,urine,Homo sapiens,2024-01-23,Hungary,,,,,,,,,Klebsiella pneumoniae
54757875,SAMN54757875,,2024005130,urine,Homo sapiens,2024-01-21,Hungary,,,,,,,,,Klebsiella pneumoniae
54757874,SAMN54757874,,2024005110,urine,Homo sapiens,2024-01-09,Hungary,,,,,,,,,Klebsiella pneumoniae
54757873,SAMN54757873,,2024005106,urine,Homo sapiens,2024-01-15,Hungary,,,,,,,,,Klebsiella pneumoniae
54757872,SAMN54757872,,2024005090,urine,Homo sapiens,2024-01-11,Hungary,,,,,,,,,Klebsiella pneumoniae
54757871,SAMN54757871,,2024005081,urine,Homo sapiens,2024-01-09,Hungary,,,,,,,,,Klebsiella pneumoniae
54757870,SAMN54757870,,2024005060,broncho-alveolar lavage,Homo sapiens,2024-01-04,Hungary,,,,,,,,,Klebsiella pneumoniae
54757869,SAMN54757869,,2024005059,blood,Homo sapiens,2023-12-23,Hungary,,,,,,,,,Klebsiella pneumoniae
54757868,SAMN54757868,,2024005058,wound,Homo sapiens,2023-12-30,Hungary,,,,,,,,,Klebsiella pneumoniae
54757867,SAMN54757867,,2024005057,urine,Homo sapiens,2023-12-28,Hungary,,,,,,,,,Klebsiella pneumoniae
54757866,SAMN54757866,,2024005056,wound,Homo sapiens,2023-12-27,Hungary,,,,,,,,,Klebsiella pneumoniae
54757865,SAMN54757865,,2024005022,urine,Homo sapiens,2023-10-27,Hungary,,,,,,,,,Klebsiella pneumoniae
54757864,SAMN54757864,,2022005304,urine,Homo sapiens,2022-03-29,Hungary,,,,,,,,,Klebsiella pneumoniae
54757863,SAMN54757863,,2022005302,blood,Homo sapiens,2022-01-26,Hungary,,,,,,,,,Klebsiella pneumoniae
54757862,SAMN54757862,,2022005246,blood,Homo sapiens,2022-02-26,Hungary,,,,,,,,,Klebsiella pneumoniae
54757861,SAMN54757861,,2022005232,blood,Homo sapiens,2022-03-04,Hungary,,,,,,,,,Klebsiella pneumoniae
54757860,SAMN54757860,,2022005153,blood,Homo sapiens,2021-10-18,Hungary,,,,,,,,,Klebsiella pneumoniae
54757859,SAMN54757859,,2022005156,blood,Homo sapiens,2022-01-18,Hungary,,,,,,,,,Klebsiella pneumoniae
54757858,SAMN54757858,,2022005149,blood,Homo sapiens,2022-02-20,Hungary,,,,,,,,,Klebsiella pneumoniae
54757857,SAMN54757857,,2022005081,cannula,Homo sapiens,2022-01-20,Hungary,,,,,,,,,Klebsiella pneumoniae
54757856,SAMN54757856,,2022005054,blood,Homo sapiens,2021-11-13,Hungary,,,,,,,,,Klebsiella pneumoniae
54757855,SAMN54757855,,2022005080,urine,Homo sapiens,2022-01-14,Hungary,,,,,,,,,Klebsiella pneumoniae
54757854,SAMN54757854,,2022005077,blood,Homo sapiens,2022-01-17,Hungary,,,,,,,,,Klebsiella pneumoniae
54757853,SAMN54757853,,2022005076,urine,Homo sapiens,2022-01-18,Hungary,,,,,,,,,Klebsiella pneumoniae
54757852,SAMN54757852,,2022006121,urine,Homo sapiens,2022-11-10,Hungary,,,,,,,,,Klebsiella pneumoniae
54757851,SAMN54757851,,2022006171,urine,Homo sapiens,2022-11-07,Hungary,,,,,,,,,Klebsiella pneumoniae
54757850,SAMN54757850,,2022005949,urine,Homo sapiens,2022-09-28,Hungary,,,,,,,,,Klebsiella pneumoniae
54757849,SAMN54757849,,2024005460,urine,Homo sapiens,2024-04-22,Hungary,,,,,,,,,Klebsiella pneumoniae
54757848,SAMN54757848,,2024005406,urine,Homo sapiens,2024-04-08,Hungary,,,,,,,,,Klebsiella pneumoniae
54757847,SAMN54757847,,2024005393,urine,Homo sapiens,2024-03-27,Hungary,,,,,,,,,Klebsiella pneumoniae
54757846,SAMN54757846,,2024005307,blood,Homo sapiens,2024-03-15,Hungary,,,,,,,,,Klebsiella pneumoniae
54757845,SAMN54757845,,2024005304,urine,Homo sapiens,2024-03-12,Hungary,,,,,,,,,Klebsiella pneumoniae
54757844,SAMN54757844,,2024005248,urine,Homo sapiens,2024-02-22,Hungary,,,,,,,,,Klebsiella pneumoniae
54757843,SAMN54757843,,2024005244,urine,Homo sapiens,2024-01-18,Hungary,,,,,,,,,Klebsiella pneumoniae
54757842,SAMN54757842,,2024005238,tracheal aspirate,Homo sapiens,2024-02-19,Hungary,,,,,,,,,Klebsiella pneumoniae
54757841,SAMN54757841,,2024005181,urine,Homo sapiens,2024-02-08,Hungary,,,,,,,,,Klebsiella pneumoniae
54757840,SAMN54757840,,2024005170,punctate,Homo sapiens,2024-02-02,Hungary,,,,,,,,,Klebsiella pneumoniae
54757839,SAMN54757839,,2024005162,urine,Homo sapiens,2024-01-29,Hungary,,,,,,,,,Klebsiella pneumoniae
54757838,SAMN54757838,,2024005124,urine,Homo sapiens,2024-01-12,Hungary,,,,,,,,,Klebsiella pneumoniae
54757837,SAMN54757837,,2024005107,tracheal aspirate,Homo sapiens,2024-01-15,Hungary,,,,,,,,,Klebsiella pneumoniae
54757836,SAMN54757836,,2024005104,urine,Homo sapiens,2024-01-15,Hungary,,,,,,,,,Klebsiella pneumoniae
54757835,SAMN54757835,,2024005049,urine,Homo sapiens,2023-12-04,Hungary,,,,,,,,,Klebsiella pneumoniae
54757834,SAMN54757834,,2024005048,urine,Homo sapiens,2023-12-21,Hungary,,,,,,,,,Klebsiella pneumoniae
54757833,SAMN54757833,,2024005039,urine,Homo sapiens,2023-12-23,Hungary,,,,,,,,,Klebsiella pneumoniae
54757832,SAMN54757832,,2024005032,blood,Homo sapiens,2023-12-06,Hungary,,,,,,,,,Klebsiella pneumoniae
54757831,SAMN54757831,,2024005002,urine,Homo sapiens,2023-12-21,Hungary,,,,,,,,,Klebsiella pneumoniae
54757830,SAMN54757830,,2023006501,urine,Homo sapiens,2023-12-17,Hungary,,,,,,,,,Klebsiella pneumoniae
54757829,SAMN54757829,,2023005726,wound,Homo sapiens,2023-06-20,Hungary,,,,,,,,,Klebsiella pneumoniae
54757828,SAMN54757828,,2023005708,blood,Homo sapiens,2023-06-13,Hungary,,,,,,,,,Klebsiella pneumoniae
54757827,SAMN54757827,,2023005663,wound,Homo sapiens,2023-05-30,Hungary,,,,,,,,,Klebsiella pneumoniae
54757826,SAMN54757826,,2023005640,drain,Homo sapiens,2023-06-02,Hungary,,,,,,,,,Klebsiella pneumoniae
54757825,SAMN54757825,,2023005619,punctate,Homo sapiens,2023-05-18,Hungary,,,,,,,,,Klebsiella pneumoniae
54757824,SAMN54757824,,2023005581,cannula,Homo sapiens,2023-05-17,Hungary,,,,,,,,,Klebsiella pneumoniae
54757823,SAMN54757823,,2023005560,urine,Homo sapiens,2023-05-06,Hungary,,,,,,,,,Klebsiella pneumoniae
54757822,SAMN54757822,,2023005497,urine,Homo sapiens,2023-05-04,Hungary,,,,,,,,,Klebsiella pneumoniae
54757821,SAMN54757821,,2023005445,blood,Homo sapiens,2023-04-08,Hungary,,,,,,,,,Klebsiella pneumoniae
54757820,SAMN54757820,,2022006260,blood,Homo sapiens,2022-10-04,Hungary,,,,,,,,,Klebsiella pneumoniae
54757819,SAMN54757819,,2022006141,blood,Homo sapiens,2022-11-14,Hungary,,,,,,,,,Klebsiella pneumoniae
54757818,SAMN54757818,,2022006053,urine,Homo sapiens,2022-10-15,Hungary,,,,,,,,,Klebsiella pneumoniae
54461063,SAMN54461063,,ST35-KP78,sputum,Homo sapiens,2019-02-17,"China: Hefei, Anhui",,,,,GCF_054512835.1,Complete Genome,ftp://ftp.ncbi.nlm.nih.gov/genomes/all/GCF/054/512/835/GCF_054512835.1_ASM5451283v1,ftp://ftp.ncbi.nlm.nih.gov/genomes/all/GCA/054/512/835/GCA_054512835.1_ASM5451283v1,Klebsiella pneumoniae
54249895,SAMN54249895,,142686,sputum,,2025-03-04,"China: Chengdu, Sichuan",,,,,GCA_054504505.1,Contig,,ftp://ftp.ncbi.nlm.nih.gov/genomes/all/GCA/054/504/505/GCA_054504505.1_ASM5450450v1,Klebsiella pneumoniae
54249894,SAMN54249894,,142276,tracheal secretion,,2024-07-04,"China: Chengdu, Sichuan",,,,,GCA_054504545.1,Contig,,ftp://ftp.ncbi.nlm.nih.gov/genomes/all/GCA/054/504/545/GCA_054504545.1_ASM5450454v1,Klebsiella pneumoniae
54249893,SAMN54249893,,142252,sputum,,2024-06-20,"China: Chengdu, Sichuan",,,,,GCA_054504565.1,Contig,,ftp://ftp.ncbi.nlm.nih.gov/genomes/all/GCA/054/504/565/GCA_054504565.1_ASM5450456v1,Klebsiella pneumoniae
54249892,SAMN54249892,,142022,sputum,,2024-04-11,"China: Chengdu, Sichuan",,,,,GCA_054504605.1,Contig,,ftp://ftp.ncbi.nlm.nih.gov/genomes/all/GCA/054/504/605/GCA_054504605.1_ASM5450460v1,Klebsiella pneumoniae
53669762,SAMN53669762,,PRO_A-1465-6W-A_ESBL,feces,Homo sapiens,2022-06-03,Tanzania,,,,,GCF_054391535.1,Complete Genome,ftp://ftp.ncbi.nlm.nih.gov/genomes/all/GCF/054/391/535/GCF_054391535.1_PRO_A-1465-6W-A_ESBL,ftp://ftp.ncbi.nlm.nih.gov/genomes/all/GCA/054/391/535/GCA_054391535.1_PRO_A-1465-6W-A_ESBL,Klebsiella pneumoniae
53669743,SAMN53669743,,PRO_A-1010-6W-A_ESBL,feces,Homo sapiens,2022-03-14,Tanzania,,,,,GCF_054391795.1,Complete Genome,ftp://ftp.ncbi.nlm.nih.gov/genomes/all/GCF/054/391/795/GCF_054391795.1_PRO_A-1010-6W-A_ESBL,ftp://ftp.ncbi.nlm.nih.gov/genomes/all/GCA/054/391/795/GCA_054391795.1_PRO_A-1010-6W-A_ESBL,Klebsiella pneumoniae
48634345,SAMN48634345,,141814,sputum,Homo sapiens,2023-12-29,"China: Chengdu, Sichuan",,,,,,,,,Klebsiella pneumoniae
48634180,SAMN48634180,,141641,urine,Homo sapiens,2023-10-06,"China: Chengdu, Sichuan",,,,,,,,,Klebsiella pneumoniae
48634141,SAMN48634141,,141599,sputum,Homo sapiens,2023-07-06,"China: Chengdu, Sichuan",,,,,,,,,Klebsiella pneumoniae
48634139,SAMN48634139,,141597,gluteal secretion,Homo sapiens,2023-07-08,"China: Chengdu, Sichuan",,,,,,,,,Klebsiella pneumoniae
48634121,SAMN48634121,,141577,sputum,Homo sapiens,2023-06-05,"China: Chengdu, Sichuan",,,,,,,,,Klebsiella pneumoniae
48634104,SAMN48634104,,141560,sputum,Homo sapiens,2023-04-29,"China: Chengdu, Sichuan",,,,,GCF_054354115.1,Contig,ftp://ftp.ncbi.nlm.nih.gov/genomes/all/GCF/054/354/115/GCF_054354115.1_ASM5435411v1,ftp://ftp.ncbi.nlm.nih.gov/genomes/all/GCA/054/354/115/GCA_054354115.1_ASM5435411v1,Klebsiella pneumoniae
48634076,SAMN48634076,,141522,sputum,Homo sapiens,2023-04-06,"China: Chengdu, Sichuan",,,,,,,,,Klebsiella pneumoniae
48634030,SAMN48634030,,141338,bronchoalveolar lavage fluid,Homo sapiens,2023-02-21,"China: Chengdu, Sichuan",,,,,,,,,Klebsiella pneumoniae
48634021,SAMN48634021,,141328,peritoneal drainage fluid,Homo sapiens,2023-02-18,"China: Chengdu, Sichuan",,,,,,,,,Klebsiella pneumoniae
48634002,SAMN48634002,,141309,sputum,Homo sapiens,2023-01-28,"China: Chengdu, Sichuan",,,,,,,,,Klebsiella pneumoniae
48633913,SAMN48633913,,141080,subcutaneous abscess pus,Homo sapiens,2022-08-16,"China: Chengdu, Sichuan",,,,,,,,,Klebsiella pneumoniae
48633360,SAMN48633360,,130114,cerebrospinal fluid,Homo sapiens,2019-11-05,"China: Chengdu, Sichuan",,,,,GCF_054504585.1,Contig,ftp://ftp.ncbi.nlm.nih.gov/genomes/all/GCF/054/504/585/GCF_054504585.1_ASM5450458v1,ftp://ftp.ncbi.nlm.nih.gov/genomes/all/GCA/054/504/585/GCA_054504585.1_ASM5450458v1,Klebsiella pneumoniae
48146759,SAMN48146759,,,rectal swab,Homo sapiens,2024-04-27,Qatar:Doha,,,,,GCA_054407285.1,Contig,,ftp://ftp.ncbi.nlm.nih.gov/genomes/all/GCA/054/407/285/GCA_054407285.1_PDT003047442.1,Klebsiella pneumoniae
48146752,SAMN48146752,,,rectal swab,Homo sapiens,2024-04-25,Qatar:Doha,,,,,,,,,Klebsiella pneumoniae
48146750,SAMN48146750,,,rectal swab,Homo sapiens,2024-04-14,Qatar:Doha,,,,,,,,,Klebsiella pneumoniae
48146745,SAMN48146745,,,rectal swab,Homo sapiens,2024-04-04,Qatar:Doha,,,,,,,,,Klebsiella pneumoniae
48146744,SAMN48146744,,,rectal swab,Homo sapiens,2024-04-04,Qatar:Doha,,,,,GCA_054407145.1,Contig,,ftp://ftp.ncbi.nlm.nih.gov/genomes/all/GCA/054/407/145/GCA_054407145.1_PDT003047459.1,Klebsiella pneumoniae
48146740,SAMN48146740,,,rectal swab,Homo sapiens,2024-03-19,Qatar:Doha,,,,,GCA_054407105.1,Contig,,ftp://ftp.ncbi.nlm.nih.gov/genomes/all/GCA/054/407/105/GCA_054407105.1_PDT003047462.1,Klebsiella pneumoniae
48146738,SAMN48146738,,,rectal swab,Homo sapiens,2024-03-19,Qatar:Doha,,,,,GCA_054407065.1,Contig,,ftp://ftp.ncbi.nlm.nih.gov/genomes/all/GCA/054/407/065/GCA_054407065.1_PDT003047464.1,Klebsiella pneumoniae
48146737,SAMN48146737,,,rectal swab,Homo sapiens,2024-03-19,Qatar:Doha,,,,,GCA_054407045.1,Contig,,ftp://ftp.ncbi.nlm.nih.gov/genomes/all/GCA/054/407/045/GCA_054407045.1_PDT003047465.1,Klebsiella pneumoniae
48146734,SAMN48146734,,,rectal swab,Homo sapiens,2024-03-01,Qatar:Doha,,,,,,,,,Klebsiella pneumoniae
48146730,SAMN48146730,,,rectal swab,Homo sapiens,2024-02-19,Qatar:Doha,,,,,GCA_054407005.1,Contig,,ftp://ftp.ncbi.nlm.nih.gov/genomes/all/GCA/054/407/005/GCA_054407005.1_PDT003047472.1,Klebsiella pneumoniae
48146729,SAMN48146729,,,rectal swab,Homo sapiens,2024-02-17,Qatar:Doha,,,,,GCA_054406985.1,Contig,,ftp://ftp.ncbi.nlm.nih.gov/genomes/all/GCA/054/406/985/GCA_054406985.1_PDT003047473.1,Klebsiella pneumoniae
48146726,SAMN48146726,,,rectal swab,Homo sapiens,2024-02-09,Qatar:Doha,,,,,,,,,Klebsiella pneumoniae
48146723,SAMN48146723,,,rectal swab,Homo sapiens,2024-02-02,Qatar:Doha,,,,,GCA_054406945.1,Contig,,ftp://ftp.ncbi.nlm.nih.gov/genomes/all/GCA/054/406/945/GCA_054406945.1_PDT003047480.1,Klebsiella pneumoniae
48146720,SAMN48146720,,,rectal swab,Homo sapiens,2024-02-01,Qatar:Doha,,,,,GCA_054406925.1,Contig,,ftp://ftp.ncbi.nlm.nih.gov/genomes/all/GCA/054/406/925/GCA_054406925.1_PDT003047483.1,Klebsiella pneumoniae
48146714,SAMN48146714,,,rectal swab,Homo sapiens,2024-01-12,Qatar:Doha,,,,,,,,,Klebsiella pneumoniae
48146711,SAMN48146711,,,rectal swab,Homo sapiens,2023-12-28,Qatar:Doha,,,,,GCA_054406885.1,Contig,,ftp://ftp.ncbi.nlm.nih.gov/genomes/all/GCA/054/406/885/GCA_054406885.1_PDT003047493.1,Klebsiella pneumoniae
48146709,SAMN48146709,,,rectal swab,Homo sapiens,2023-12-25,Qatar:Doha,,,,,GCA_054406855.1,Contig,,ftp://ftp.ncbi.nlm.nih.gov/genomes/all/GCA/054/406/855/GCA_054406855.1_PDT003047495.1,Klebsiella pneumoniae
48146707,SAMN48146707,,,rectal swab,Homo sapiens,2023-12-24,Qatar:Doha,,,,,GCA_054406845.1,Contig,,ftp://ftp.ncbi.nlm.nih.gov/genomes/all/GCA/054/406/845/GCA_054406845.1_PDT003047497.1,Klebsiella pneumoniae
48146699,SAMN48146699,,,rectal swab,Homo sapiens,2023-12-11,Qatar:Doha,,,,,,,,,Klebsiella pneumoniae
48146697,SAMN48146697,,,rectal swab,Homo sapiens,2023-12-10,Qatar:Doha,,,,,GCA_054407165.1,Contig,,ftp://ftp.ncbi.nlm.nih.gov/genomes/all/GCA/054/407/165/GCA_054407165.1_PDT003047458.1,Klebsiella pneumoniae
48146696,SAMN48146696,,,rectal swab,Homo sapiens,2023-12-09,Qatar:Doha,,,,,,,,,Klebsiella pneumoniae
48146695,SAMN48146695,,,rectal swab,Homo sapiens,2023-12-09,Qatar:Doha,,,,,,,,,Klebsiella pneumoniae
48146694,SAMN48146694,,,rectal swab,Homo sapiens,2023-12-09,Qatar:Doha,,,,,GCA_054406905.1,Contig,,ftp://ftp.ncbi.nlm.nih.gov/genomes/all/GCA/054/406/905/GCA_054406905.1_PDT003047490.1,Klebsiella pneumoniae
48146658,SAMN48146658,,,rectal swab,Homo sapiens,2022-06-30,Qatar:Doha,,,,,GCA_054406235.1,Contig,,ftp://ftp.ncbi.nlm.nih.gov/genomes/all/GCA/054/406/235/GCA_054406235.1_PDT003047524.1,Klebsiella pneumoniae
48146656,SAMN48146656,,,rectal swab,Homo sapiens,2022-06-16,Qatar:Doha,,,,,GCA_054406825.1,Contig,,ftp://ftp.ncbi.nlm.nih.gov/genomes/all/GCA/054/406/825/GCA_054406825.1_PDT003047526.1,Klebsiella pneumoniae
48146654,SAMN48146654,,,rectal swab,Homo sapiens,2022-05-08,Qatar:Doha,,,,,GCA_054406805.1,Contig,,ftp://ftp.ncbi.nlm.nih.gov/genomes/all/GCA/054/406/805/GCA_054406805.1_PDT003047529.1,Klebsiella pneumoniae
48146651,SAMN48146651,,,rectal swab,Homo sapiens,2022-04-22,Qatar:Doha,,,,,,,,,Klebsiella pneumoniae
48146647,SAMN48146647,,,rectal swab,Homo sapiens,2022-03-29,Qatar:Doha,,,,,,,,,Klebsiella pneumoniae
48146646,SAMN48146646,,,rectal swab,Homo sapiens,2022-02-15,Qatar:Doha,,,,,GCA_054406785.1,Contig,,ftp://ftp.ncbi.nlm.nih.gov/genomes/all/GCA/054/406/785/GCA_054406785.1_PDT003047509.1,Klebsiella pneumoniae
54752196,SAMN54752196,,171-25,abdominal fluid,,2025-04-22,Chile,,,,,,,,,Klebsiella pneumoniae
54752195,SAMN54752195,,225-25,urine,,2025-05-12,Chile,,,,,,,,,Klebsiella pneumoniae
54752194,SAMN54752194,,206-25,wound,,2025-04-30,Chile,,,,,,,,,Klebsiella pneumoniae
54752193,SAMN54752193,,139-25,abdominal fluid,,2025-03-31,Chile,,,,,,,,,Klebsiella pneumoniae
54752192,SAMN54752192,,219-25,bronchoalveolar lavage,,2025-05-07,Chile,,,,,,,,,Klebsiella pneumoniae
54752191,SAMN54752191,,150-25,urine,,2025-04-10,Chile,,,,,,,,,Klebsiella pneumoniae
54752190,SAMN54752190,,285-25,urine,,2025-05-28,Chile,,,,,,,,,Klebsiella pneumoniae
54751649,SAMN54751649,,,sputum,Homo sapiens,2025,USA,,,,,GCA_054557065.1,Contig,,ftp://ftp.ncbi.nlm.nih.gov/genomes/all/GCA/054/557/065/GCA_054557065.1_PDT003059578.1,Klebsiella pneumoniae
54751648,SAMN54751648,,,urine,Homo sapiens,2025,USA,,,,,GCA_054557025.1,Contig,,ftp://ftp.ncbi.nlm.nih.gov/genomes/all/GCA/054/557/025/GCA_054557025.1_PDT003059579.1,Klebsiella pneumoniae
54751647,SAMN54751647,,,urine,Homo sapiens,2025,USA,,,,,GCA_054557045.1,Contig,,ftp://ftp.ncbi.nlm.nih.gov/genomes/all/GCA/054/557/045/GCA_054557045.1_PDT003059580.1,Klebsiella pneumoniae
54751646,SAMN54751646,,,urine,Homo sapiens,2025,USA,,,,,GCA_054557005.1,Contig,,ftp://ftp.ncbi.nlm.nih.gov/genomes/all/GCA/054/557/005/GCA_054557005.1_PDT003059581.1,Klebsiella pneumoniae
54751640,SAMN54751640,,,urine,Homo sapiens,2025,USA,,,,,GCA_054556985.1,Contig,,ftp://ftp.ncbi.nlm.nih.gov/genomes/all/GCA/054/556/985/GCA_054556985.1_PDT003059587.1,Klebsiella pneumoniae
54751639,SAMN54751639,,,urine,Homo sapiens,2025,USA,,,,,GCA_054556945.1,Contig,,ftp://ftp.ncbi.nlm.nih.gov/genomes/all/GCA/054/556/945/GCA_054556945.1_PDT003059588.1,Klebsiella pneumoniae
54751638,SAMN54751638,,,urine,Homo sapiens,2025,USA,,,,,GCA_054556925.1,Contig,,ftp://ftp.ncbi.nlm.nih.gov/genomes/all/GCA/054/556/925/GCA_054556925.1_PDT003059589.1,Klebsiella pneumoniae
54751637,SAMN54751637,,,blood,Homo sapiens,2025,USA,,,,,GCA_054556905.1,Contig,,ftp://ftp.ncbi.nlm.nih.gov/genomes/all/GCA/054/556/905/GCA_054556905.1_PDT003059590.1,Klebsiella pneumoniae
54751636,SAMN54751636,,,urine,Homo sapiens,2025,USA,,,,,GCA_054556885.1,Contig,,ftp://ftp.ncbi.nlm.nih.gov/genomes/all/GCA/054/556/885/GCA_054556885.1_PDT003059591.1,Klebsiella pneumoniae
54751635,SAMN54751635,,,blood,Homo sapiens,2025,USA,,,,,GCA_054556865.1,Contig,,ftp://ftp.ncbi.nlm.nih.gov/genomes/all/GCA/054/556/865/GCA_054556865.1_PDT003059592.1,Klebsiella pneumoniae
54751634,SAMN54751634,,,Sacrum,Homo sapiens,2025,USA,,,,,GCA_054557465.1,Contig,,ftp://ftp.ncbi.nlm.nih.gov/genomes/all/GCA/054/557/465/GCA_054557465.1_PDT003059571.1,Klebsiella pneumoniae
54751633,SAMN54751633,,,Sacrum,Homo sapiens,2025,USA,,,,,GCA_054557085.1,Contig,,ftp://ftp.ncbi.nlm.nih.gov/genomes/all/GCA/054/557/085/GCA_054557085.1_PDT003059572.1,Klebsiella pneumoniae
54751632,SAMN54751632,,,wound,Homo sapiens,2025,USA,,,,,GCA_054557445.1,Contig,,ftp://ftp.ncbi.nlm.nih.gov/genomes/all/GCA/054/557/445/GCA_054557445.1_PDT003059573.1,Klebsiella pneumoniae
54751631,SAMN54751631,,,urine,Homo sapiens,2025,USA,,,,,GCA_054557425.1,Contig,,ftp://ftp.ncbi.nlm.nih.gov/genomes/all/GCA/054/557/425/GCA_054557425.1_PDT003059574.1,Klebsiella pneumoniae
54751630,SAMN54751630,,,sputum,Homo sapiens,2025,USA,,,,,GCA_054557225.1,Contig,,ftp://ftp.ncbi.nlm.nih.gov/genomes/all/GCA/054/557/225/GCA_054557225.1_PDT003059575.1,Klebsiella pneumoniae
54751629,SAMN54751629,,,blood,Homo sapiens,2025,USA,,,,,GCA_054557395.1,Contig,,ftp://ftp.ncbi.nlm.nih.gov/genomes/all/GCA/054/557/395/GCA_054557395.1_PDT003059576.1,Klebsiella pneumoniae
54751628,SAMN54751628,,,Catheterized,Homo sapiens,2025,USA,,,,,GCA_054557685.1,Contig,,ftp://ftp.ncbi.nlm.nih.gov/genomes/all/GCA/054/557/685/GCA_054557685.1_PDT003059577.1,Klebsiella pneumoniae
54751625,SAMN54751625,,,Sacrum,Homo sapiens,2025,USA,,,,,GCA_054557385.1,Contig,,ftp://ftp.ncbi.nlm.nih.gov/genomes/all/GCA/054/557/385/GCA_054557385.1_PDT003059594.1,Klebsiella pneumoniae
54749138,SAMEA120903234,,17Y0674,milk,,,,,,,,,,,,Klebsiella pneumoniae
54749137,SAMEA120903231,,17Y0669,catfish,,,,,,,,,,,,Klebsiella pneumoniae
54741631,SAMN54741631,,BSI012438,,Homo sapiens,2001/2002,Tanzania,,,,,,,,,Klebsiella pneumoniae
54741630,SAMN54741630,,BSI012382,,Homo sapiens,2002,Tanzania,,,,,,,,,Klebsiella pneumoniae
54741594,SAMN54741594,,BSI0198,,Homo sapiens,2001,Tanzania,,,,,,,,,Klebsiella pneumoniae
54741593,SAMN54741593,,BSI0188,,Homo sapiens,2001,Tanzania,,,,,,,,,Klebsiella pneumoniae
54741592,SAMN54741592,,BSI0169,,Homo sapiens,2001,Tanzania,,,,,,,,,Klebsiella pneumoniae
54741591,SAMN54741591,,BSI0152,,Homo sapiens,2001,Tanzania,,,,,,,,,Klebsiella pneumoniae
54741590,SAMN54741590,,BSI014,,Homo sapiens,2001,Tanzania,,,,,,,,,Klebsiella pneumoniae
54741589,SAMN54741589,,BSI012600,,Homo sapiens,2002,Tanzania,,,,,,,,,Klebsiella pneumoniae
54741588,SAMN54741588,,BSI0126,,Homo sapiens,2001,Tanzania,,,,,,,,,Klebsiella pneumoniae
54741587,SAMN54741587,,BSI012578,,Homo sapiens,2002,Tanzania,,,,,,,,,Klebsiella pneumoniae
54741586,SAMN54741586,,BSI012574,,Homo sapiens,2002,Tanzania,,,,,,,,,Klebsiella pneumoniae
54741585,SAMN54741585,,BSI012536,,Homo sapiens,2002,Tanzania,,,,,,,,,Klebsiella pneumoniae
54741584,SAMN54741584,,BSI012488,,Homo sapiens,2002,Tanzania,,,,,,,,,Klebsiella pneumoniae
54741583,SAMN54741583,,BSI012438,,Homo sapiens,2001/2002,Tanzania,,,,,,,,,Klebsiella pneumoniae
54741582,SAMN54741582,,BSI0124,,Homo sapiens,2002,Tanzania,,,,,,,,,Klebsiella pneumoniae
54741581,SAMN54741581,,BSI012382,,Homo sapiens,2002,Tanzania,,,,,,,,,Klebsiella pneumoniae
54741580,SAMN54741580,,BSI01236,,Homo sapiens,2001,Tanzania,,,,,,,,,Klebsiella pneumoniae
54741579,SAMN54741579,,BSI01232,,Homo sapiens,2001,Tanzania,,,,,,,,,Klebsiella pneumoniae
54741578,SAMN54741578,,BSI012302,,Homo sapiens,2002,Tanzania,,,,,,,,,Klebsiella pneumoniae
54741577,SAMN54741577,,BSI012276,,Homo sapiens,2001/2002,Tanzania,,,,,,,,,Klebsiella pneumoniae
54741576,SAMN54741576,,BSI012252,,Homo sapiens,2002,Tanzania,,,,,,,,,Klebsiella pneumoniae
54741575,SAMN54741575,,BSI012145,,Homo sapiens,2002,Tanzania,,,,,,,,,Klebsiella pneumoniae
54741574,SAMN54741574,,BSI012106,,Homo sapiens,2002,Tanzania,,,,,,,,,Klebsiella pneumoniae
54741573,SAMN54741573,,BSI01207,,Homo sapiens,2001,Tanzania,,,,,,,,,Klebsiella pneumoniae
54741572,SAMN54741572,,BSI011989,,Homo sapiens,2002,Tanzania,,,,,,,,,Klebsiella pneumoniae
54741571,SAMN54741571,,BSI011972,,Homo sapiens,2002,Tanzania,,,,,,,,,Klebsiella pneumoniae
54741570,SAMN54741570,,BSI011739,,Homo sapiens,2002,Tanzania,,,,,,,,,Klebsiella pneumoniae
54741569,SAMN54741569,,BSI011668,,Homo sapiens,2002,Tanzania,,,,,,,,,Klebsiella pneumoniae
54741568,SAMN54741568,,BSI011659,,Homo sapiens,2002,Tanzania,,,,,,,,,Klebsiella pneumoniae
54741567,SAMN54741567,,BSI011533,,Homo sapiens,2002,Tanzania,,,,,,,,,Klebsiella pneumoniae
54741566,SAMN54741566,,BSI011501,,Homo sapiens,2002,Tanzania,,,,,,,,,Klebsiella pneumoniae
54741565,SAMN54741565,,BSI011383,,Homo sapiens,2002,Tanzania,,,,,,,,,Klebsiella pneumoniae
54741564,SAMN54741564,,BSI011382,,Homo sapiens,2001,Tanzania,,,,,,,,,Klebsiella pneumoniae
54741563,SAMN54741563,,BSI011378,,Homo sapiens,2002,Tanzania,,,,,,,,,Klebsiella pneumoniae
54741562,SAMN54741562,,BSI011346,,Homo sapiens,2001,Tanzania,,,,,,,,,Klebsiella pneumoniae
54741561,SAMN54741561,,BSI011337,,Homo sapiens,2001,Tanzania,,,,,,,,,Klebsiella pneumoniae
54741560,SAMN54741560,,BSI011321,,Homo sapiens,2001/2002,Tanzania,,,,,,,,,Klebsiella pneumoniae
54741559,SAMN54741559,,BSI01132,,Homo sapiens,2001,Tanzania,,,,,,,,,Klebsiella pneumoniae
54741558,SAMN54741558,,BSI011319,,Homo sapiens,2001,Tanzania,,,,,,,,,Klebsiella pneumoniae
54741557,SAMN54741557,,BSI01125,,Homo sapiens,2001,Tanzania,,,,,,,,,Klebsiella pneumoniae
54741556,SAMN54741556,,BSI011236,,Homo sapiens,2001,Tanzania,,,,,,,,,Klebsiella pneumoniae
54741555,SAMN54741555,,BSI011173,,Homo sapiens,2001,Tanzania,,,,,,,,,Klebsiella pneumoniae
54741554,SAMN54741554,,BSI011102,,Homo sapiens,2001,Tanzania,,,,,,,,,Klebsiella pneumoniae
54741553,SAMN54741553,,BSI01109,,Homo sapiens,2001,Tanzania,,,,,,,,,Klebsiella pneumoniae
54741552,SAMN54741552,,BSI011060,,Homo sapiens,2001,Tanzania,,,,,,,,,Klebsiella pneumoniae
54741551,SAMN54741551,,BSI011054,,Homo sapiens,2001,Tanzania,,,,,,,,,Klebsiella pneumoniae
54741550,SAMN54741550,,BSI011036,,Homo sapiens,2001,Tanzania,,,,,,,,,Klebsiella pneumoniae
54741549,SAMN54741549,,BSI011035,,Homo sapiens,2001,Tanzania,,,,,,,,,Klebsiella pneumoniae
54741548,SAMN54741548,,BSI011023,,Homo sapiens,2001,Tanzania,,,,,,,,,Klebsiella pneumoniae
54741547,SAMN54741547,,BSI0110,,Homo sapiens,2001,Tanzania,,,,,,,,,Klebsiella pneumoniae
54741546,SAMN54741546,,990,,Homo sapiens,2017,Tanzania,,,,,,,,,Klebsiella pneumoniae
54741545,SAMN54741545,,987,,Homo sapiens,2017,Tanzania,,,,,,,,,Klebsiella pneumoniae
54741544,SAMN54741544,,968,,Homo sapiens,2017,Tanzania,,,,,,,,,Klebsiella pneumoniae
54741543,SAMN54741543,,961,,Homo sapiens,2017,Tanzania,,,,,,,,,Klebsiella pneumoniae
54741542,SAMN54741542,,906,,Homo sapiens,2017,Tanzania,,,,,,,,,Klebsiella pneumoniae
54741541,SAMN54741541,,770,,Homo sapiens,2018,Tanzania,,,,,,,,,Klebsiella pneumoniae
54741540,SAMN54741540,,558,,Homo sapiens,2017,Tanzania,,,,,,,,,Klebsiella pneumoniae
54741539,SAMN54741539,,431,,Homo sapiens,2017,Tanzania,,,,,,,,,Klebsiella pneumoniae
54741538,SAMN54741538,,2315,,Homo sapiens,2018,Tanzania,,,,,,,,,Klebsiella pneumoniae
54741537,SAMN54741537,,2313,,Homo sapiens,2018,Tanzania,,,,,,,,,Klebsiella pneumoniae
54741536,SAMN54741536,,2265,,Homo sapiens,2018,Tanzania,,,,,,,,,Klebsiella pneumoniae
54741535,SAMN54741535,,2261,,Homo sapiens,2018,Tanzania,,,,,,,,,Klebsiella pneumoniae
54741534,SAMN54741534,,2255,,Homo sapiens,2018,Tanzania,,,,,,,,,Klebsiella pneumoniae
54741533,SAMN54741533,,2254,,Homo sapiens,2018,Tanzania,,,,,,,,,Klebsiella pneumoniae
54741532,SAMN54741532,,2202,,Homo sapiens,2018,Tanzania,,,,,,,,,Klebsiella pneumoniae
54741531,SAMN54741531,,2171,,Homo sapiens,2018,Tanzania,,,,,,,,,Klebsiella pneumoniae
54741530,SAMN54741530,,2166,,Homo sapiens,2018,Tanzania,,,,,,,,,Klebsiella pneumoniae
54741529,SAMN54741529,,2163,,Homo sapiens,2018,Tanzania,,,,,,,,,Klebsiella pneumoniae
54741528,SAMN54741528,,2155,,Homo sapiens,2018,Tanzania,,,,,,,,,Klebsiella pneumoniae
54741527,SAMN54741527,,2130,,Homo sapiens,2018,Tanzania,,,,,,,,,Klebsiella pneumoniae
54741526,SAMN54741526,,213,,Homo sapiens,2017,Tanzania,,,,,,,,,Klebsiella pneumoniae
54741525,SAMN54741525,,2124,,Homo sapiens,2018,Tanzania,,,,,,,,,Klebsiella pneumoniae
54741524,SAMN54741524,,2112,,Homo sapiens,2018,Tanzania,,,,,,,,,Klebsiella pneumoniae
54741523,SAMN54741523,,2111,,Homo sapiens,2018,Tanzania,,,,,,,,,Klebsiella pneumoniae
54741522,SAMN54741522,,2095,,Homo sapiens,2018,Tanzania,,,,,,,,,Klebsiella pneumoniae
54741521,SAMN54741521,,2070,,Homo sapiens,2018,Tanzania,,,,,,,,,Klebsiella pneumoniae
54741520,SAMN54741520,,207,,Homo sapiens,2017,Tanzania,,,,,,,,,Klebsiella pneumoniae
54741519,SAMN54741519,,2032,,Homo sapiens,2018,Tanzania,,,,,,,,,Klebsiella pneumoniae
54741518,SAMN54741518,,2013,,Homo sapiens,2018,Tanzania,,,,,,,,,Klebsiella pneumoniae
54741517,SAMN54741517,,2006,,Homo sapiens,2018,Tanzania,,,,,,,,,Klebsiella pneumoniae
54741516,SAMN54741516,,1925,,Homo sapiens,2018,Tanzania,,,,,,,,,Klebsiella pneumoniae
54741515,SAMN54741515,,1912,,Homo sapiens,2018,Tanzania,,,,,,,,,Klebsiella pneumoniae
54741514,SAMN54741514,,1895,,Homo sapiens,2018,Tanzania,,,,,,,,,Klebsiella pneumoniae
54741513,SAMN54741513,,1866,,Homo sapiens,2018,Tanzania,,,,,,,,,Klebsiella pneumoniae
54741512,SAMN54741512,,1865,,Homo sapiens,2018,Tanzania,,,,,,,,,Klebsiella pneumoniae
54741511,SAMN54741511,,1802,,Homo sapiens,2018,Tanzania,,,,,,,,,Klebsiella pneumoniae
54741510,SAMN54741510,,1801,,Homo sapiens,2018,Tanzania,,,,,,,,,Klebsiella pneumoniae
54741509,SAMN54741509,,1775,,Homo sapiens,2018,Tanzania,,,,,,,,,Klebsiella pneumoniae
54741508,SAMN54741508,,1701,,Homo sapiens,2018,Tanzania,,,,,,,,,Klebsiella pneumoniae
54741507,SAMN54741507,,1533,,Homo sapiens,2018,Tanzania,,,,,,,,,Klebsiella pneumoniae
54741506,SAMN54741506,,1462,,Homo sapiens,2018,Tanzania,,,,,,,,,Klebsiella pneumoniae
54741505,SAMN54741505,,1448,,Homo sapiens,2018,Tanzania,,,,,,,,,Klebsiella pneumoniae
54741504,SAMN54741504,,1435,,Homo sapiens,2018,Tanzania,,,,,,,,,Klebsiella pneumoniae
54741503,SAMN54741503,,1432,,Homo sapiens,2018,Tanzania,,,,,,,,,Klebsiella pneumoniae
54741502,SAMN54741502,,1431,,Homo sapiens,2018,Tanzania,,,,,,,,,Klebsiella pneumoniae
54741501,SAMN54741501,,1425,,Homo sapiens,2018,Tanzania,,,,,,,,,Klebsiella pneumoniae
54741500,SAMN54741500,,1414,,Homo sapiens,2018,Tanzania,,,,,,,,,Klebsiella pneumoniae
54741499,SAMN54741499,,1393,,Homo sapiens,2018,Tanzania,,,,,,,,,Klebsiella pneumoniae
54741498,SAMN54741498,,1386,,Homo sapiens,2018,Tanzania,,,,,,,,,Klebsiella pneumoniae
54741497,SAMN54741497,,1359,,Homo sapiens,2017,Tanzania,,,,,,,,,Klebsiella pneumoniae
54741496,SAMN54741496,,1318,,Homo sapiens,2017,Tanzania,,,,,,,,,Klebsiella pneumoniae
54741495,SAMN54741495,,1299,,Homo sapiens,2018,Tanzania,,,,,,,,,Klebsiella pneumoniae
54741494,SAMN54741494,,1254,,Homo sapiens,2018,Tanzania,,,,,,,,,Klebsiella pneumoniae
54741493,SAMN54741493,,1252,,Homo sapiens,2018,Tanzania,,,,,,,,,Klebsiella pneumoniae
54741492,SAMN54741492,,1232,,Homo sapiens,2017,Tanzania,,,,,,,,,Klebsiella pneumoniae
54741491,SAMN54741491,,1220,,Homo sapiens,2017,Tanzania,,,,,,,,,Klebsiella pneumoniae
54741490,SAMN54741490,,1218,,Homo sapiens,2017,Tanzania,,,,,,,,,Klebsiella pneumoniae
54741489,SAMN54741489,,1212,,Homo sapiens,2017,Tanzania,,,,,,,,,Klebsiella pneumoniae
54741488,SAMN54741488,,1204,,Homo sapiens,2017,Tanzania,,,,,,,,,Klebsiella pneumoniae
54741487,SAMN54741487,,1185,,Homo sapiens,2017,Tanzania,,,,,,,,,Klebsiella pneumoniae
54741486,SAMN54741486,,1038,,Homo sapiens,2017,Tanzania,,,,,,,,,Klebsiella pneumoniae
54741485,SAMN54741485,,1014,,Homo sapiens,2017,Tanzania,,,,,,,,,Klebsiella pneumoniae
54741484,SAMN54741484,,1004,,Homo sapiens,2017,Tanzania,,,,,,,,,Klebsiella pneumoniae
54741475,SAMN54741475,,BSI012276,,Homo sapiens,2001/2002,Tanzania,,,,,,,,,Klebsiella pneumoniae
54741470,SAMN54741470,,BSI012106,,Homo sapiens,2002,Tanzania,,,,,,,,,Klebsiella pneumoniae
54741459,SAMN54741459,,BSI011668,,Homo sapiens,2002,Tanzania,,,,,,,,,Klebsiella pneumoniae
54741439,SAMN54741439,,2033,,Homo sapiens,2018,Tanzania,,,,,,,,,Klebsiella pneumoniae
54741430,SAMN54741430,,1359,,Homo sapiens,2017,Tanzania,,,,,,,,,Klebsiella pneumoniae
54733821,SAMEA120903237,,17Y0680,milk,,,,,,,,,,,,Klebsiella pneumoniae
54733794,SAMEA120903238,,17Y0682,milk,,,,,,,,,,,,Klebsiella pneumoniae
54733643,SAMEA120903236,,17Y0678,milk,,,,,,,,,,,,Klebsiella pneumoniae
54733257,SAMEA120903230,,17Y0668,catfish,,,,,,,,,,,,Klebsiella pneumoniae
54733186,SAMEA120903228,,17Y0567,yogurt,,,,,,,,,,,,Klebsiella pneumoniae
54733087,SAMEA120903235,,17Y0676,milk,,,,,,,,,,,,Klebsiella pneumoniae
54732745,SAMEA120903233,,17Y0673,catfish,,,,,,,,,,,,Klebsiella pneumoniae
54732686,SAMEA120903229,,17Y0667,catfish,,,,,,,,,,,,Klebsiella pneumoniae
54731611,SAMEA120903232,,17Y0672,catfish,,,,,,,,,,,,Klebsiella pneumoniae
54738958,SAMN54738958,,KP85,feces,sheep,2025-04-28,China,,,,,,,,,Klebsiella pneumoniae
54738957,SAMN54738957,,KP79,feces,sheep,2025-04-28,China,,,,,,,,,Klebsiella pneumoniae
54738956,SAMN54738956,,KP76,feces,sheep,2025-04-28,China,,,,,,,,,Klebsiella pneumoniae
54738955,SAMN54738955,,KP75,feces,sheep,2025-04-28,China,,,,,,,,,Klebsiella pneumoniae
54738954,SAMN54738954,,KP72,feces,sheep,2025-04-28,China,,,,,,,,,Klebsiella pneumoniae
54738953,SAMN54738953,,KP64,feces,sheep,2025-04-28,China,,,,,,,,,Klebsiella pneumoniae
54738952,SAMN54738952,,KP58,feces,sheep,2025-04-28,China,,,,,,,,,Klebsiella pneumoniae
54738951,SAMN54738951,,KP53,feces,sheep,2025-04-28,China,,,,,,,,,Klebsiella pneumoniae
54738950,SAMN54738950,,KP51,feces,sheep,2025-04-28,China,,,,,,,,,Klebsiella pneumoniae
54738949,SAMN54738949,,KP50,feces,sheep,2025-04-28,China,,,,,,,,,Klebsiella pneumoniae
54738948,SAMN54738948,,KP45,feces,sheep,2025-04-28,China,,,,,,,,,Klebsiella pneumoniae
54738947,SAMN54738947,,KP43,feces,sheep,2025-04-28,China,,,,,,,,,Klebsiella pneumoniae
54738946,SAMN54738946,,KP42,feces,sheep,2025-04-28,China,,,,,,,,,Klebsiella pneumoniae
54736092,SAMN54736092,,ST258,lung,Homo sapiens,not applicable,Greece,,,,,,,,,Klebsiella pneumoniae
54726258,SAMN54726258,,170026V256B3,cell passaging,,2025,"China: Chengdu, Sichuan",,,,,,,,,Klebsiella pneumoniae
54726257,SAMN54726257,,170026V256B2,cell passaging,,2025,"China: Chengdu, Sichuan",,,,,,,,,Klebsiella pneumoniae
54726256,SAMN54726256,,170026V256B1,cell passaging,,2025,"China: Chengdu, Sichuan",,,,,,,,,Klebsiella pneumoniae
54726255,SAMN54726255,,140438V256B3,cell passaging,,2025,"China: Chengdu, Sichuan",,,,,,,,,Klebsiella pneumoniae
54726254,SAMN54726254,,140438V256B2,cell passaging,,2025,"China: Chengdu, Sichuan",,,,,,,,,Klebsiella pneumoniae
54726253,SAMN54726253,,140438V256B1,cell passaging,,2025,"China: Chengdu, Sichuan",,,,,,,,,Klebsiella pneumoniae
54725953,SAMN54725953,,YZB7,chicken,,2022-06,China: Jiangsu,,,,,,,,,Klebsiella pneumoniae
54725952,SAMN54725952,,YZB6,chicken,,2022-06,China: Jiangsu,,,,,,,,,Klebsiella pneumoniae
54725951,SAMN54725951,,YZB2,chicken,,2022-06,China: Jiangsu,,,,,,,,,Klebsiella pneumoniae
54725700,SAMN54725700,,K28,Artisanal coastal cheese,,2024,Colombia:Valledupar,,,,,,,,,Klebsiella pneumoniae
54722750,SAMN54722750,,CPF28-2,feces,pig,2022-06,China: Yangzhou,,,,,,,,,Klebsiella pneumoniae
54688176,SAMN54688176,,142686B1,sputum,Homo sapiens,2025-03-04,"China: Chengdu, Sichuan",,,,,,,,,Klebsiella pneumoniae
54688175,SAMN54688175,,142276B1,tracheal secretion,Homo sapiens,2024-07-04,"China: Chengdu, Sichuan",,,,,,,,,Klebsiella pneumoniae
54688174,SAMN54688174,,142252B1,sputum,Homo sapiens,2024-06-20,"China: Chengdu, Sichuan",,,,,,,,,Klebsiella pneumoniae
54688173,SAMN54688173,,142047B1,tracheal secretion,Homo sapiens,2024-04-22,"China: Chengdu, Sichuan",,,,,,,,,Klebsiella pneumoniae
54688172,SAMN54688172,,142022B1,sputum,Homo sapiens,2024-04-11,"China: Chengdu, Sichuan",,,,,,,,,Klebsiella pneumoniae
54721361,SAMN54721361,,UMB10518,,Homo sapiens,,,,,,,,,,,Klebsiella pneumoniae
54714311,SAMN54714311,,CPF28-2,feces,pig,2022-06,China: Yangzhou,,,,,,,,,Klebsiella pneumoniae
54712215,SAMD01795453,,,venous blood,Homo sapiens,2023,Japan:Fukuoka,,,,,,,,,Klebsiella pneumoniae
54712205,SAMD01795443,,,pus,Homo sapiens,2023,Japan:Osaka,,,,,,,,,Klebsiella pneumoniae
54712204,SAMD01795442,,,sputum,Homo sapiens,2023,Japan:Osaka,,,,,,,,,Klebsiella pneumoniae
54712197,SAMD01795435,,,urine,Homo sapiens,2023,Japan:Gunma,,,,,,,,,Klebsiella pneumoniae
54712196,SAMD01795434,,,sputum,Homo sapiens,2023,Japan:Gunma,,,,,,,,,Klebsiella pneumoniae
54712195,SAMD01795433,,,urine,Homo sapiens,2023,Japan:Hiroshima,,,,,,,,,Klebsiella pneumoniae
54712190,SAMD01795428,,,bile,Homo sapiens,2023,Japan:Shizuoka,,,,,,,,,Klebsiella pneumoniae
54712187,SAMD01795425,,,sputum,Homo sapiens,2023,Japan:Wakayama,,,,,,,,,Klebsiella pneumoniae
54712177,SAMD01795415,,,urine,Homo sapiens,2023,Japan:Aichi,,,,,,,,,Klebsiella pneumoniae
54712176,SAMD01795414,,,venous blood,Homo sapiens,2023,Japan:Kyoto,,,,,,,,,Klebsiella pneumoniae
54712175,SAMD01795413,,,others,Homo sapiens,2023,Japan:Kyoto,,,,,,,,,Klebsiella pneumoniae
54712173,SAMD01795411,,,urine,Homo sapiens,2023,Japan:Osaka,,,,,,,,,Klebsiella pneumoniae
54712171,SAMD01795409,,,ascites,Homo sapiens,2023,Japan:Ehime,,,,,,,,,Klebsiella pneumoniae
54712166,SAMD01795404,,,sputum,Homo sapiens,2023,Japan:Gunma,,,,,,,,,Klebsiella pneumoniae
54712159,SAMD01795397,,,stool,Homo sapiens,2023,Japan:Tokyo,,,,,,,,,Klebsiella pneumoniae
54712158,SAMD01795396,,,stool,Homo sapiens,2023,Japan:Okayama,,,,,,,,,Klebsiella pneumoniae
54712146,SAMD01795384,,,stool,Homo sapiens,2023,Japan:Osaka,,,,,,,,,Klebsiella pneumoniae
54712145,SAMD01795383,,,stool,Homo sapiens,2023,Japan:Osaka,,,,,,,,,Klebsiella pneumoniae
54712143,SAMD01795381,,,stool,Homo sapiens,2023,Japan:Tokyo,,,,,,,,,Klebsiella pneumoniae
54712142,SAMD01795380,,,sputum,Homo sapiens,2023,Japan:Tokyo,,,,,,,,,Klebsiella pneumoniae
54712141,SAMD01795379,,,stool,Homo sapiens,2023,Japan:Osaka,,,,,,,,,Klebsiella pneumoniae
54712138,SAMD01795376,,,stool,Homo sapiens,2023,Japan:Osaka,,,,,,,,,Klebsiella pneumoniae
54712135,SAMD01795373,,,stool,Homo sapiens,2023,Japan:Osaka,,,,,,,,,Klebsiella pneumoniae
54712134,SAMD01795372,,,stool,Homo sapiens,2023,Japan:Osaka,,,,,,,,,Klebsiella pneumoniae
54712133,SAMD01795371,,,sputum,Homo sapiens,2023,Japan:Osaka,,,,,,,,,Klebsiella pneumoniae
54712132,SAMD01795370,,,urine,Homo sapiens,2023,Japan:Osaka,,,,,,,,,Klebsiella pneumoniae
54712131,SAMD01795369,,,skin,Homo sapiens,2023,Japan:Osaka,,,,,,,,,Klebsiella pneumoniae
54712130,SAMD01795368,,,sputum,Homo sapiens,2023,Japan:Osaka,,,,,,,,,Klebsiella pneumoniae
54712129,SAMD01795367,,,sputum,Homo sapiens,2023,Japan:Osaka,,,,,,,,,Klebsiella pneumoniae
54712128,SAMD01795366,,,skin,Homo sapiens,2023,Japan:Aichi,,,,,,,,,Klebsiella pneumoniae
54712126,SAMD01795364,,,pressure ulcer,Homo sapiens,2023,Japan:Tokyo,,,,,,,,,Klebsiella pneumoniae
54712125,SAMD01795363,,,sputum,Homo sapiens,2023,Japan:Tokyo,,,,,,,,,Klebsiella pneumoniae
54712123,SAMD01795361,,,sputum,Homo sapiens,2023,Japan:Tokyo,,,,,,,,,Klebsiella pneumoniae
54712121,SAMD01795359,,,venous blood,Homo sapiens,2023,Japan:Tokyo,,,,,,,,,Klebsiella pneumoniae
54712120,SAMD01795358,,,sputum,Homo sapiens,2023,Japan:Tokyo,,,,,,,,,Klebsiella pneumoniae
54703357,SAMEA120931203,,,,,,,,,,,,,,,Klebsiella pneumoniae
54703273,SAMEA120930518,,uvzsr-PT_26_00004-G12-AR_25_00009471,tissue biopsy,,,,,,,,GCA_054543355.1,Contig,,ftp://ftp.ncbi.nlm.nih.gov/genomes/all/GCA/054/543/355/GCA_054543355.1_PDT003058066.1,Klebsiella pneumoniae
54703214,SAMEA120930533,,uvzsr-PT_26_00004-C12-AR_25_00009204,wound swab,,,,,,,,GCA_054548355.1,Contig,,ftp://ftp.ncbi.nlm.nih.gov/genomes/all/GCA/054/548/355/GCA_054548355.1_PDT003058076.1,Klebsiella pneumoniae
54703164,SAMEA120930532,,uvzsr-PT_26_00004-B01-AR_25_00008851,necroptic material,,,,,,,,GCA_054553035.1,Contig,,ftp://ftp.ncbi.nlm.nih.gov/genomes/all/GCA/054/553/035/GCA_054553035.1_PDT003059081.1,Klebsiella pneumoniae
54702992,SAMEA120931249,,,,,,,,,,,,,,,Klebsiella pneumoniae
54702979,SAMEA120931240,,,,,,,,,,,,,,,Klebsiella pneumoniae
54702899,SAMEA120931270,,,,,,,,,,,,,,,Klebsiella pneumoniae
54702888,SAMEA120930530,,uvzsr-PT_26_00004-A01-AR_25_00008850,necroptic material,,,,,,,,GCA_054543315.1,Contig,,ftp://ftp.ncbi.nlm.nih.gov/genomes/all/GCA/054/543/315/GCA_054543315.1_PDT003058068.1,Klebsiella pneumoniae
54702876,SAMEA120931247,,,,,,,,,,,,,,,Klebsiella pneumoniae
54702854,SAMEA120930535,,uvzsr-PT_26_00004-C01-AR_25_00008852,urine (permanent catheter),,,,,,,,GCA_054551695.1,Contig,,ftp://ftp.ncbi.nlm.nih.gov/genomes/all/GCA/054/551/695/GCA_054551695.1_PDT003058081.1,Klebsiella pneumoniae
54707441,SAMN54707441,,,urine,Homo sapiens,2025,USA,,,,,GCA_054509285.1,Contig,,ftp://ftp.ncbi.nlm.nih.gov/genomes/all/GCA/054/509/285/GCA_054509285.1_PDT003055173.1,Klebsiella pneumoniae
54707439,SAMN54707439,,,"Sputum, nebulized",Homo sapiens,2025,USA,,,,,GCA_054509245.1,Contig,,ftp://ftp.ncbi.nlm.nih.gov/genomes/all/GCA/054/509/245/GCA_054509245.1_PDT003055175.1,Klebsiella pneumoniae
54692032,SAMN54692032,,24145001-1,urine,Canis lupus familiaris,2024-05-25,USA:TX,,,,,GCA_054507675.1,Contig,,ftp://ftp.ncbi.nlm.nih.gov/genomes/all/GCA/054/507/675/GCA_054507675.1_PDT003055012.1,Klebsiella pneumoniae
54691158,SAMN54691158,,NNKP_2026.13,wound discharge,Homo sapiens,2025-01,Russia: Nizhniy Novgorod,,,,,,,,,Klebsiella pneumoniae
54691111,SAMN54691111,,NNKP_2026.12,wound discharge,Homo sapiens,2025-01,Russia: Nizhniy Novgorod,,,,,,,,,Klebsiella pneumoniae
54691085,SAMN54691085,,NNKP_2026.11,wound discharge,Homo sapiens,2025-01,Russia: Nizhniy Novgorod,,,,,,,,,Klebsiella pneumoniae
54690656,SAMN54690656,,NNKP_2026.10,wound discharge,Homo sapiens,2025-01,Russia: Nizhniy Novgorod,,,,,,,,,Klebsiella pneumoniae
54690642,SAMN54690642,,NNKP_2026.9,wound discharge,Homo sapiens,2025-01,Russia: Nizhniy Novgorod,,,,,,,,,Klebsiella pneumoniae
54690584,SAMN54690584,,NNKP_2026.8,wound discharge,Homo sapiens,2025-01,Russia: Nizhniy Novgorod,,,,,,,,,Klebsiella pneumoniae
54690577,SAMN54690577,,NNKP_2026.7,medical environment,,2025-01,Russia: Nizhniy Novgorod,,,,,,,,,Klebsiella pneumoniae
54689858,SAMN54689858,,NNKP_2026.6,wound discharge,Homo sapiens,2024-11,Russia: Nizhniy Novgorod,,,,,,,,,Klebsiella pneumoniae
54689809,SAMN54689809,,NNKP_2026.5,punctuation sample,Homo sapiens,2024-11,Russia: Nizhniy Novgorod,,,,,,,,,Klebsiella pneumoniae
54875441,SAMD01607513,,Ocean-1187,,,2003,Pacific Ocean,,,,,,,,,Pseudomonas aeruginosa
54812904,SAMN54812904,,,milk,Cattle,2025-10-15,Bangladesh:Dhaka,,,,,,,,,Pseudomonas aeruginosa
54872160,SAMN54872160,,CCGC-5266,"Moscow, Russian Federation",Homo sapiens,2016-09-15,"Russia: Moscow, Botkin hospital",,,,,,,,,Pseudomonas aeruginosa
54870051,SAMN54870051,,,wound,Homo sapiens,2025,USA,,,,,,,,,Pseudomonas aeruginosa
54870013,SAMN54870013,,,urine,Homo sapiens,2026,USA,,,,,,,,,Pseudomonas aeruginosa
54807462,SAMN54807462,,Pseudomonas aeruginosaSRMPA1270,clinical,patient,2024,China: Hangzhou,,,,,,,,,Pseudomonas aeruginosa
54807461,SAMN54807461,,Pseudomonas aeruginosaSRMPA4678,clinical,patient,2024,China: Hangzhou,,,,,,,,,Pseudomonas aeruginosa
54807460,SAMN54807460,,Pseudomonas aeruginosaSRMPA2956,clinical,patient,2023,China: Hangzhou,,,,,,,,,Pseudomonas aeruginosa
54807459,SAMN54807459,,Pseudomonas aeruginosaSRMPA3740,clinical,patient,2023,China: Hangzhou,,,,,,,,,Pseudomonas aeruginosa
54807458,SAMN54807458,,Pseudomonas aeruginosaSRMPA6505,clinical,patient,2022,China: Hangzhou,,,,,,,,,Pseudomonas aeruginosa
54802633,SAMN54802633,,unknown,unknown,Homo sapiens,2025,USA,,,,,GCA_054656835.1,Contig,,ftp://ftp.ncbi.nlm.nih.gov/genomes/all/GCA/054/656/835/GCA_054656835.1_PDT003064137.1,Pseudomonas aeruginosa
54802631,SAMN54802631,,unknown,unknown,Homo sapiens,2025,USA,,,,,,,,,Pseudomonas aeruginosa
54802628,SAMN54802628,,unknown,unknown,Homo sapiens,2025,USA,,,,,GCA_054656875.1,Contig,,ftp://ftp.ncbi.nlm.nih.gov/genomes/all/GCA/054/656/875/GCA_054656875.1_PDT003064132.1,Pseudomonas aeruginosa
54802191,SAMN54802191,,,urine,Homo sapiens,2025-12-08,USA,,,,,GCA_054652295.1,Contig,,ftp://ftp.ncbi.nlm.nih.gov/genomes/all/GCA/054/652/295/GCA_054652295.1_PDT003063929.1,Pseudomonas aeruginosa
54801945,SAMN54801945,,,clinical,Homo sapiens,2026-01-15,USA: Wyoming,,,,,,,,,Pseudomonas aeruginosa
54801944,SAMN54801944,,,clinical,Homo sapiens,2026-01-07,USA: Wyoming,,,,,GCA_054651895.1,Contig,,ftp://ftp.ncbi.nlm.nih.gov/genomes/all/GCA/054/651/895/GCA_054651895.1_PDT003063865.1,Pseudomonas aeruginosa
54799539,SAMN54799539,,,Homo Sapiens clinical,Homo sapiens,2026-01-08,USA: Florida,,,,,GCA_054650235.1,Contig,,ftp://ftp.ncbi.nlm.nih.gov/genomes/all/GCA/054/650/235/GCA_054650235.1_PDT003063524.1,Pseudomonas aeruginosa
54799531,SAMN54799531,,,Homo Sapiens clinical,Homo sapiens,2026-01-01,USA: Florida,,,,,GCA_054650195.1,Contig,,ftp://ftp.ncbi.nlm.nih.gov/genomes/all/GCA/054/650/195/GCA_054650195.1_PDT003063532.1,Pseudomonas aeruginosa
54799530,SAMN54799530,,,Homo Sapiens clinical,Homo sapiens,2025-12-31,USA: Florida,,,,,GCA_054650255.1,Contig,,ftp://ftp.ncbi.nlm.nih.gov/genomes/all/GCA/054/650/255/GCA_054650255.1_PDT003063515.1,Pseudomonas aeruginosa
54799527,SAMN54799527,,,Homo Sapiens clinical,Homo sapiens,2025-12-31,USA: Florida,,,,,GCA_054650205.1,Contig,,ftp://ftp.ncbi.nlm.nih.gov/genomes/all/GCA/054/650/205/GCA_054650205.1_PDT003063518.1,Pseudomonas aeruginosa
54799522,SAMN54799522,,,Homo Sapiens clinical,Homo sapiens,2025-12-24,USA: Florida,,,,,GCA_054650175.1,Contig,,ftp://ftp.ncbi.nlm.nih.gov/genomes/all/GCA/054/650/175/GCA_054650175.1_PDT003063533.1,Pseudomonas aeruginosa
54771983,SAMN54771983,,,Water from the Qiantang River was supplemented with domestic sewage and incubated for two days,,2025-06-17,China,,,,,,,,,Pseudomonas aeruginosa
54768357,SAMN54768357,,2026HL-01023,wound,Homo sapiens,2025,USA,,,,,GCA_054598455.1,Contig,,ftp://ftp.ncbi.nlm.nih.gov/genomes/all/GCA/054/598/455/GCA_054598455.1_PDT003061982.1,Pseudomonas aeruginosa
54766677,SAMN54766677,,pasaR,,Homo sapiens,2025-06,"USA:Pittsburgh, PA",,,,,,,,,Pseudomonas aeruginosa
54766676,SAMN54766676,,phi83R,,Homo sapiens,2025-06,"USA:Pittsburgh, PA",,,,,,,,,Pseudomonas aeruginosa
54766675,SAMN54766675,,2753_S23,,Homo sapiens,2023-03,"USA:Pittsburgh, PA",,,,,,,,,Pseudomonas aeruginosa
54766674,SAMN54766674,,2753_S22,,Homo sapiens,2023-03,"USA:Pittsburgh, PA",,,,,,,,,Pseudomonas aeruginosa
54766673,SAMN54766673,,2753_S21,,Homo sapiens,2022-12,"USA:Pittsburgh, PA",,,,,,,,,Pseudomonas aeruginosa
54766672,SAMN54766672,,2753_S20,,Homo sapiens,2022-12,"USA:Pittsburgh, PA",,,,,,,,,Pseudomonas aeruginosa
54766671,SAMN54766671,,2753_S19,,Homo sapiens,2022-12,"USA:Pittsburgh, PA",,,,,,,,,Pseudomonas aeruginosa
54766670,SAMN54766670,,2753_S18,,Homo sapiens,2022-12,"USA:Pittsburgh, PA",,,,,,,,,Pseudomonas aeruginosa
54766669,SAMN54766669,,2753_S17,,Homo sapiens,2022-12,"USA:Pittsburgh, PA",,,,,,,,,Pseudomonas aeruginosa
54766668,SAMN54766668,,2753_S16,,Homo sapiens,2022-12,"USA:Pittsburgh, PA",,,,,,,,,Pseudomonas aeruginosa
54766667,SAMN54766667,,2753_S15,,Homo sapiens,2022-11,"USA:Pittsburgh, PA",,,,,,,,,Pseudomonas aeruginosa
54766666,SAMN54766666,,2753_S14,,Homo sapiens,2022-11,"USA:Pittsburgh, PA",,,,,,,,,Pseudomonas aeruginosa
54766665,SAMN54766665,,2753_S13,,Homo sapiens,2022-07,"USA:Pittsburgh, PA",,,,,,,,,Pseudomonas aeruginosa
54766664,SAMN54766664,,2753_S12,,Homo sapiens,2022-07,"USA:Pittsburgh, PA",,,,,,,,,Pseudomonas aeruginosa
54766663,SAMN54766663,,2753_S11,,Homo sapiens,2022-07,"USA:Pittsburgh, PA",,,,,,,,,Pseudomonas aeruginosa
54766662,SAMN54766662,,2753_S10,,Homo sapiens,2022-06,"USA:Pittsburgh, PA",,,,,,,,,Pseudomonas aeruginosa
54766661,SAMN54766661,,2753_S9,,Homo sapiens,2022-06,"USA:Pittsburgh, PA",,,,,,,,,Pseudomonas aeruginosa
54766660,SAMN54766660,,2753_S8,,Homo sapiens,2022-05,"USA:Pittsburgh, PA",,,,,,,,,Pseudomonas aeruginosa
54766659,SAMN54766659,,2753_S7,,Homo sapiens,2022-05,"USA:Pittsburgh, PA",,,,,,,,,Pseudomonas aeruginosa
54766658,SAMN54766658,,2753_S6,,Homo sapiens,2022-03,"USA:Pittsburgh, PA",,,,,,,,,Pseudomonas aeruginosa
54766657,SAMN54766657,,2753_S5,,Homo sapiens,2022-03,"USA:Pittsburgh, PA",,,,,,,,,Pseudomonas aeruginosa
54766656,SAMN54766656,,2753_S4,,Homo sapiens,2022-03,"USA:Pittsburgh, PA",,,,,,,,,Pseudomonas aeruginosa
54766655,SAMN54766655,,2753_S3,,Homo sapiens,2022-03,"USA:Pittsburgh, PA",,,,,,,,,Pseudomonas aeruginosa
54766654,SAMN54766654,,2753_S2,,Homo sapiens,2021-11,"USA:Pittsburgh, PA",,,,,,,,,Pseudomonas aeruginosa
54766653,SAMN54766653,,2753_S1,,Homo sapiens,2021-11,"USA:Pittsburgh, PA",,,,,,,,,Pseudomonas aeruginosa
54766047,SAMN54766047,,BK96,seawater,,2020,Turkey,,,,,,,,,Pseudomonas aeruginosa
54763877,SAMN54763877,,,urine,Homo sapiens,2026,USA,,,,,GCA_054589785.1,Contig,,ftp://ftp.ncbi.nlm.nih.gov/genomes/all/GCA/054/589/785/GCA_054589785.1_PDT003061164.1,Pseudomonas aeruginosa
54751643,SAMN54751643,,,tracheal aspirate,Homo sapiens,2025,USA,,,,,GCA_054557185.1,Contig,,ftp://ftp.ncbi.nlm.nih.gov/genomes/all/GCA/054/557/185/GCA_054557185.1_PDT003059584.1,Pseudomonas aeruginosa
54751641,SAMN54751641,,,wound,Homo sapiens,2025,USA,,,,,GCA_054557205.1,Contig,,ftp://ftp.ncbi.nlm.nih.gov/genomes/all/GCA/054/557/205/GCA_054557205.1_PDT003059586.1,Pseudomonas aeruginosa
54751580,SAMN54751580,,,sputum,Homo sapiens,2025,USA,,,,,GCA_054557485.1,Contig,,ftp://ftp.ncbi.nlm.nih.gov/genomes/all/GCA/054/557/485/GCA_054557485.1_PDT003059565.1,Pseudomonas aeruginosa
54727704,SAMN54727704,,,Water from the Qiantang River was supplemented with domestic sewage and incubated for two days,,2025-06-17,China,,,,,,,,,Pseudomonas aeruginosa
54725701,SAMN54725701,,PS1,Artisanal coastal cheese,,2024,Colombia:Valledupar,,,,,,,,,Pseudomonas aeruginosa
54725267,SAMN54725267,,UCSF-D47,not provided,,not provided,"USA: California, San Francisco",,,,,,,,,Pseudomonas aeruginosa
54725266,SAMN54725266,,UCSF-D32,not provided,,not provided,"USA: California, San Francisco",,,,,,,,,Pseudomonas aeruginosa
54725265,SAMN54725265,,UCSF-D44,not provided,,not provided,"USA: California, San Francisco",,,,,,,,,Pseudomonas aeruginosa
54725264,SAMN54725264,,UCSF-D41,not provided,,not provided,"USA: California, San Francisco",,,,,,,,,Pseudomonas aeruginosa
54725263,SAMN54725263,,UCSF-D40,not provided,,not provided,"USA: California, San Francisco",,,,,,,,,Pseudomonas aeruginosa
54725262,SAMN54725262,,UCSF-D39,not provided,,not provided,"USA: California, San Francisco",,,,,,,,,Pseudomonas aeruginosa
54725261,SAMN54725261,,UCSF-D38,not provided,,not provided,"USA: California, San Francisco",,,,,,,,,Pseudomonas aeruginosa
54725260,SAMN54725260,,UCSF-D33,not provided,,not provided,"USA: California, San Francisco",,,,,,,,,Pseudomonas aeruginosa
54725259,SAMN54725259,,UCSF-D28-2,not provided,,not provided,"USA: California, San Francisco",,,,,,,,,Pseudomonas aeruginosa
54725258,SAMN54725258,,UCSF-A31,not provided,,not provided,"USA: California, San Francisco",,,,,,,,,Pseudomonas aeruginosa
54725257,SAMN54725257,,UCSF-A24,not provided,,not provided,"USA: California, San Francisco",,,,,,,,,Pseudomonas aeruginosa
54725256,SAMN54725256,,UCSF-F47,not provided,,not provided,"USA: California, San Francisco",,,,,,,,,Pseudomonas aeruginosa
54725255,SAMN54725255,,UCSF-F40-2,not provided,,not provided,"USA: California, San Francisco",,,,,,,,,Pseudomonas aeruginosa
54725254,SAMN54725254,,UCSF-C35,not provided,,not provided,"USA: California, San Francisco",,,,,,,,,Pseudomonas aeruginosa
54725253,SAMN54725253,,UCSF-G8,not provided,,not provided,"USA: California, San Francisco",,,,,,,,,Pseudomonas aeruginosa
54725252,SAMN54725252,,UCSF-G2,not provided,,not provided,"USA: California, San Francisco",,,,,,,,,Pseudomonas aeruginosa
54725251,SAMN54725251,,UCSF-E27,not provided,,not provided,"USA: California, San Francisco",,,,,,,,,Pseudomonas aeruginosa
54725250,SAMN54725250,,UCSF-D30,not provided,,not provided,"USA: California, San Francisco",,,,,,,,,Pseudomonas aeruginosa
54725249,SAMN54725249,,UCSF-A28,not provided,,not provided,"USA: California, San Francisco",,,,,,,,,Pseudomonas aeruginosa
54725248,SAMN54725248,,UCSF-F27,sputum,Homo sapiens,2017,"USA: California, San Francisco",,,,,,,,,Pseudomonas aeruginosa
54725247,SAMN54725247,,UCSF-F26,sputum,Homo sapiens,2017,"USA: California, San Francisco",,,,,,,,,Pseudomonas aeruginosa
54725246,SAMN54725246,,UCSF-G10,sputum,Homo sapiens,2017,"USA: California, San Francisco",,,,,,,,,Pseudomonas aeruginosa
54725245,SAMN54725245,,UCSF-G1,sputum,Homo sapiens,2017,"USA: California, San Francisco",,,,,,,,,Pseudomonas aeruginosa
54725244,SAMN54725244,,UCSF-F40,deep throat,Homo sapiens,2017,"USA: California, San Francisco",,,,,,,,,Pseudomonas aeruginosa
54725243,SAMN54725243,,UCSF-F38,sputum,Homo sapiens,2017,"USA: California, San Francisco",,,,,,,,,Pseudomonas aeruginosa
54725242,SAMN54725242,,UCSF-F28,sputum,Homo sapiens,2017,"USA: California, San Francisco",,,,,,,,,Pseudomonas aeruginosa
54725241,SAMN54725241,,UCSF-E45,sputum,Homo sapiens,2017,"USA: California, San Francisco",,,,,,,,,Pseudomonas aeruginosa
54725240,SAMN54725240,,UCSF-E41,sputum,Homo sapiens,2017,"USA: California, San Francisco",,,,,,,,,Pseudomonas aeruginosa
54725239,SAMN54725239,,UCSF-E36,sputum,Homo sapiens,2017,"USA: California, San Francisco",,,,,,,,,Pseudomonas aeruginosa
54725238,SAMN54725238,,UCSF-D46,sputum,Homo sapiens,2017,"USA: California, San Francisco",,,,,,,,,Pseudomonas aeruginosa
54725237,SAMN54725237,,UCSF-D34,sputum,Homo sapiens,2017,"USA: California, San Francisco",,,,,,,,,Pseudomonas aeruginosa
54725236,SAMN54725236,,UCSF-D10,sputum,Homo sapiens,2017,"USA: California, San Francisco",,,,,,,,,Pseudomonas aeruginosa
54725235,SAMN54725235,,UCSF-D31,sputum,Homo sapiens,2017,"USA: California, San Francisco",,,,,,,,,Pseudomonas aeruginosa
54725234,SAMN54725234,,UCSF-D28,sputum,Homo sapiens,2017,"USA: California, San Francisco",,,,,,,,,Pseudomonas aeruginosa
54725233,SAMN54725233,,UCSF-D19,sputum,Homo sapiens,2017,"USA: California, San Francisco",,,,,,,,,Pseudomonas aeruginosa
54725232,SAMN54725232,,UCSF-D14,sputum,Homo sapiens,2017,"USA: California, San Francisco",,,,,,,,,Pseudomonas aeruginosa
54725231,SAMN54725231,,UCSF-C48,sputum,Homo sapiens,2017,"USA: California, San Francisco",,,,,,,,,Pseudomonas aeruginosa
54725230,SAMN54725230,,UCSF-C47,sputum,Homo sapiens,2017,"USA: California, San Francisco",,,,,,,,,Pseudomonas aeruginosa
54725229,SAMN54725229,,UCSF-D6,bronchoalveolar lavage,Homo sapiens,2017,"USA: California, San Francisco",,,,,,,,,Pseudomonas aeruginosa
54725228,SAMN54725228,,UCSF-D7,sputum,Homo sapiens,2017,"USA: California, San Francisco",,,,,,,,,Pseudomonas aeruginosa
54725227,SAMN54725227,,UCSF-D5,sputum,Homo sapiens,2017,"USA: California, San Francisco",,,,,,,,,Pseudomonas aeruginosa
54725226,SAMN54725226,,EnvBC20,environment; soil,,2008-08,"Canada: British Columbia, Vancouver, Victory Park",,,,,,,,,Pseudomonas aeruginosa
54725225,SAMN54725225,,SA2,environment; water at golf course pond,,2006,South Africa,,,,,,,,,Pseudomonas aeruginosa
54725224,SAMN54725224,,Env203,environment; soil,,2008-08,"Canada: Ontario, Toronto, University of Toronto, Trinity quad",,,,,,,,,Pseudomonas aeruginosa
54725223,SAMN54725223,,EnvCIN1,environment; soil/water,,2008-08,"USA: Ohio, Cincinatti, creek",,,,,,,,,Pseudomonas aeruginosa
54725222,SAMN54725222,,EnvBC10,environment; soil,,2008-08,"Canada: British Columbia, Vancouver, Stanley Park",,,,,,,,,Pseudomonas aeruginosa
54725221,SAMN54725221,,EnvBC15,environment; soil,,2008-08,"Canada: British Columbia, Granville Island",,,,,,,,,Pseudomonas aeruginosa
54725220,SAMN54725220,,EnvHM,environment; soil,,2004,"Canada: Ontario, Holland Marsh, near Hwy400",,,,,,,,,Pseudomonas aeruginosa
54725219,SAMN54725219,,EnvSG4,"environment; water at soil, covered in duckweed",,2008-08,"Canada: Ontario, Toronto, Cedarvale Ravine",,,,,,,,,Pseudomonas aeruginosa
54725218,SAMN54725218,,Env201,environment; soil,,2004,"Canada: Ontario, Toronto, Spadina/Harbord intersection",,,,,,,,,Pseudomonas aeruginosa
54725217,SAMN54725217,,EnvBC13,environment; soil,,2008-08,"Canada: British Columbia, Vancouver, Stanley Island, near geese",,,,,,,,,Pseudomonas aeruginosa
54725216,SAMN54725216,,PAK (PA06),cystic fibrosis isolate,Homo sapiens,not collected,not collected,,,,,,,,,Pseudomonas aeruginosa
54725215,SAMN54725215,,PA4944,rectal swab,Homo sapiens,not collected,"Canada: Ontario, Toronto",,,,,,,,,Pseudomonas aeruginosa
54725214,SAMN54725214,,114199,sputum,Homo sapiens,not collected,"USA: Texas, Houston",,,,,,,,,Pseudomonas aeruginosa
54725213,SAMN54725213,,CFS2,cystic fibrosis isolate,Homo sapiens,not collected,"Canada: British Columbia, Univerisity of British Columbia",,,,,,,,,Pseudomonas aeruginosa
54725212,SAMN54725212,,PA131533,liver abcess,Homo sapiens,not collected,"Canada: Ontario, Toronto",,,,,,,,,Pseudomonas aeruginosa
54725211,SAMN54725211,,PA1032,"acute infection, respiratory tract",Homo sapiens,not collected,"USA: California, San Francisco",,,,,,,,,Pseudomonas aeruginosa
54725210,SAMN54725210,,PA100420,cystic fibrosis isolate,Homo sapiens,not collected,"Canada: Ontario, Toronto",,,,,,,,,Pseudomonas aeruginosa
54725209,SAMN54725209,,Env25 DJ,environment; soil,,2007-07,"Canada: Ontario, Toronto",,,,,,,,,Pseudomonas aeruginosa
54725208,SAMN54725208,,Env63 BP,environment; soil,,2004,"Canada: Ontario, Toronto, cow pasture near Damascus",,,,,,,,,Pseudomonas aeruginosa
54725207,SAMN54725207,,EnvJH2,environment; soil,,2008-07,"Canada: Ontario, Toronto, Joker's Hill",,,,,,,,,Pseudomonas aeruginosa
54725206,SAMN54725206,,Env23 DJ,environment; soil,,2007-07,"Canada: Ontario, Toronto",,,,,,,,,Pseudomonas aeruginosa
54725205,SAMN54725205,,Env24 DJ,environment; soil,,2007-07,"Canada: Ontario, Toronto",,,,,,,,,Pseudomonas aeruginosa
54725204,SAMN54725204,,PA100683,cornea,Homo sapiens,not collected,"Canada: Ontario, Toronto",,,,,,,,,Pseudomonas aeruginosa
54725203,SAMN54725203,,PA87110594,endotracheal tube,Homo sapiens,not collected,"Canada: Ontario, Toronto",,,,,,,,,Pseudomonas aeruginosa
54725202,SAMN54725202,,PA191517,cystic fibrosis isolate,Homo sapiens,not collected,"Canada: Ontario, Toronto",,,,,,,,,Pseudomonas aeruginosa
54725201,SAMN54725201,,RR1,environment; contaminated Soil,,1996,Spain: Madrid,,,,,,,,,Pseudomonas aeruginosa
54725200,SAMN54725200,,RYC25616,cystic fibrosis isolate,Homo sapiens,not collected,"Spain: Madrid, Hospital Ramon y Cajal",,,,,,,,,Pseudomonas aeruginosa
54725199,SAMN54725199,,EnvJH,environment; soil,,2004,"Canada: Ontario, Joker's Hill, near pond by driveway",,,,,,,,,Pseudomonas aeruginosa
54725198,SAMN54725198,,CF040,cystic fibrosis isolate,Homo sapiens,not collected,USA: North Carolina,,,,,,,,,Pseudomonas aeruginosa
54714070,SAMN54714070,,,Water of Hawksbill rehabilitation,,2024,United Arab Emirates,,,,,,,,,Pseudomonas aeruginosa
54714069,SAMN54714069,,,Water of Hawksbill rehabilitation,,2024,United Arab Emirates,,,,,,,,,Pseudomonas aeruginosa
54714050,SAMN54714050,,,Rectal swab of hawksbill turtle,Turtle,2024,United Arab Emirates,,,,,,,,,Pseudomonas aeruginosa
54693075,SAMEA120862895,,,,,,,,,,,,,,,Pseudomonas aeruginosa
54712257,SAMN54712257,,not applicable,,Homo sapiens,2025,USA,,,,,GCA_054509625.1,Contig,,ftp://ftp.ncbi.nlm.nih.gov/genomes/all/GCA/054/509/625/GCA_054509625.1_PDT003055321.1,Pseudomonas aeruginosa
54712255,SAMN54712255,,not applicable,,Homo sapiens,2025,USA,,,,,GCA_054509645.1,Contig,,ftp://ftp.ncbi.nlm.nih.gov/genomes/all/GCA/054/509/645/GCA_054509645.1_PDT003055323.1,Pseudomonas aeruginosa
48394998,SAMN48394998,,PAO1,"bacterial culture, following phage PaStL2 selection, clone 4",Homo sapiens,2024-09-30,"USA: St Louis, MO",,,,,,,,,Pseudomonas aeruginosa
48394997,SAMN48394997,,PAO1,"bacterial culture, following phage PaStL2 selection, clone 3",Homo sapiens,2024-09-30,"USA: St Louis, MO",,,,,,,,,Pseudomonas aeruginosa
48394996,SAMN48394996,,PAO1,"bacterial culture, following phage PaStL2 selection, clone 2",Homo sapiens,2024-09-30,"USA: St Louis, MO",,,,,,,,,Pseudomonas aeruginosa
48394995,SAMN48394995,,PAO1,"bacterial culture, following phage PaStL2 selection, clone 1",Homo sapiens,2024-09-30,"USA: St Louis, MO",,,,,,,,,Pseudomonas aeruginosa
48394994,SAMN48394994,,PAO1,"bacterial culture, following phage PaStL1 selection, clone 2",Homo sapiens,2025-02-17,"USA: St Louis, MO",,,,,,,,,Pseudomonas aeruginosa
48394993,SAMN48394993,,PAO1,"bacterial culture, following phage PaStL1 selection, clone 1",Homo sapiens,2024-09-30,"USA: St Louis, MO",,,,,,,,,Pseudomonas aeruginosa
48394992,SAMN48394992,,PAO1,bacterial culture,Homo sapiens,2024-09-30,"USA: St Louis, MO",,,,,,,,,Pseudomonas aeruginosa
46009504,SAMN46009504,,PA14,not collected,not collected,2024-07-16,China,,,,,,,,,Pseudomonas aeruginosa
46009503,SAMN46009503,,PA14,not collected,not collected,2024-07-16,China,,,,,,,,,Pseudomonas aeruginosa
46009502,SAMN46009502,,PA14,not collected,not collected,2024-07-16,China,,,,,,,,,Pseudomonas aeruginosa
46009501,SAMN46009501,,PA14,not collected,not collected,2024-07-16,China,,,,,,,,,Pseudomonas aeruginosa
46009500,SAMN46009500,,PA14,not collected,not collected,2024-07-16,China,,,,,,,,,Pseudomonas aeruginosa
46009499,SAMN46009499,,PA14,not collected,not collected,2024-07-16,China,,,,,,,,,Pseudomonas aeruginosa
46009498,SAMN46009498,,PA14,not collected,not collected,2024-07-16,China,,,,,,,,,Pseudomonas aeruginosa
46009497,SAMN46009497,,PA14,not collected,not collected,2024-07-16,China,,,,,,,,,Pseudomonas aeruginosa
46009496,SAMN46009496,,PA14,not collected,not collected,2024-07-16,China,,,,,,,,,Pseudomonas aeruginosa
46009495,SAMN46009495,,PA14,not collected,not collected,2024-07-16,China,,,,,,,,,Pseudomonas aeruginosa
46009494,SAMN46009494,,PA14,not collected,not collected,2024-07-16,China,,,,,,,,,Pseudomonas aeruginosa
46009493,SAMN46009493,,PA14,not collected,not collected,2024-07-16,China,,,,,,,,,Pseudomonas aeruginosa
46009492,SAMN46009492,,PA14,not collected,not collected,2020-07-24,China,,,,,,,,,Pseudomonas aeruginosa
46009491,SAMN46009491,,PA14,not collected,not collected,2020-07-24,China,,,,,,,,,Pseudomonas aeruginosa
46009490,SAMN46009490,,PA14,not collected,not collected,2020-07-24,China,,,,,,,,,Pseudomonas aeruginosa
46009489,SAMN46009489,,PA14,not collected,not collected,2020-07-24,China,,,,,,,,,Pseudomonas aeruginosa
46009488,SAMN46009488,,PA14,not collected,not collected,2020-07-24,China,,,,,,,,,Pseudomonas aeruginosa
46009487,SAMN46009487,,PA14,not collected,not collected,2020-07-24,China,,,,,,,,,Pseudomonas aeruginosa
46009486,SAMN46009486,,PA14,not collected,not collected,2020-07-24,China,,,,,,,,,Pseudomonas aeruginosa
46009485,SAMN46009485,,PA14,not collected,not collected,2020-07-24,China,,,,,,,,,Pseudomonas aeruginosa
46009484,SAMN46009484,,PA14,not collected,not collected,2020-07-24,China,,,,,,,,,Pseudomonas aeruginosa
46009483,SAMN46009483,,PA14,not collected,not collected,2020-07-24,China,,,,,,,,,Pseudomonas aeruginosa
46009482,SAMN46009482,,PA14,not collected,not collected,2020-07-24,China,,,,,,,,,Pseudomonas aeruginosa
46009481,SAMN46009481,,PA14,not collected,not collected,2020-07-24,China,,,,,,,,,Pseudomonas aeruginosa
46009480,SAMN46009480,,PA14,not collected,not collected,2020-07-24,China,,,,,,,,,Pseudomonas aeruginosa
46009479,SAMN46009479,,PA14,not collected,not collected,2020-07-24,China,,,,,,,,,Pseudomonas aeruginosa
46009478,SAMN46009478,,PA14,not collected,not collected,2020-07-24,China,,,,,,,,,Pseudomonas aeruginosa
46009477,SAMN46009477,,PA14,not collected,not collected,2020-07-24,China,,,,,,,,,Pseudomonas aeruginosa
46009476,SAMN46009476,,PA14,not collected,not collected,2020-07-24,China,,,,,,,,,Pseudomonas aeruginosa
46009475,SAMN46009475,,PA14,not collected,not collected,2020-07-24,China,,,,,,,,,Pseudomonas aeruginosa
46009474,SAMN46009474,,PA14,not collected,not collected,2020-07-24,China,,,,,,,,,Pseudomonas aeruginosa
46009473,SAMN46009473,,PA14,not collected,not collected,2020-07-24,China,,,,,,,,,Pseudomonas aeruginosa
46009472,SAMN46009472,,PA14,not collected,not collected,2020-07-24,China,,,,,,,,,Pseudomonas aeruginosa
46009471,SAMN46009471,,PA14,not collected,not collected,2020-07-24,China,,,,,,,,,Pseudomonas aeruginosa
46009470,SAMN46009470,,PA14,not collected,not collected,2020-07-24,China,,,,,,,,,Pseudomonas aeruginosa
46009469,SAMN46009469,,PA14,not collected,not collected,2020-07-24,China,,,,,,,,,Pseudomonas aeruginosa
54623318,SAMN54623318,,,urine,Homo sapiens,2024-11-01,Russia:Moscow,,,,,GCA_054501705.1,Contig,,ftp://ftp.ncbi.nlm.nih.gov/genomes/all/GCA/054/501/705/GCA_054501705.1_PDT003054565.1,Pseudomonas aeruginosa
54621047,SAMN54621047,,PA_35,hospital sink drain,not applicable,2023-08-10,Ecuador: Quito,,,,,,,,,Pseudomonas aeruginosa
54621046,SAMN54621046,,PA_32,blood culture,Homo sapiens,2022-11-08,Ecuador: Quito,,,,,,,,,Pseudomonas aeruginosa
54621045,SAMN54621045,,PA_31,blood culture,Homo sapiens,2022-07-18,Ecuador: Quito,,,,,,,,,Pseudomonas aeruginosa
54621044,SAMN54621044,,PA_28,tracheal aspirate,Homo sapiens,2022-09-17,Ecuador: Quito,,,,,,,,,Pseudomonas aeruginosa
54621043,SAMN54621043,,PA_27,tracheal aspirate,Homo sapiens,2022-09-22,Ecuador: Quito,,,,,,,,,Pseudomonas aeruginosa
54621042,SAMN54621042,,PA_23,urine,Homo sapiens,2022-09-20,Ecuador: Quito,,,,,,,,,Pseudomonas aeruginosa
54621041,SAMN54621041,,PA_22,blood culture,Homo sapiens,2022-09-26,Ecuador: Quito,,,,,,,,,Pseudomonas aeruginosa
54621040,SAMN54621040,,PA_21,blood culture,Homo sapiens,2022-09-17,Ecuador: Quito,,,,,,,,,Pseudomonas aeruginosa
54621039,SAMN54621039,,PA_15,tracheal aspirate,Homo sapiens,2022-06-12,Ecuador: Quito,,,,,,,,,Pseudomonas aeruginosa
54621038,SAMN54621038,,PA_14,blood culture,Homo sapiens,2022-06-06,Ecuador: Quito,,,,,,,,,Pseudomonas aeruginosa
54621037,SAMN54621037,,PA_11,tracheal aspirate,Homo sapiens,2022-05-14,Ecuador: Quito,,,,,,,,,Pseudomonas aeruginosa
54621036,SAMN54621036,,PA_02,tracheal aspirate,Homo sapiens,2022-02-08,Ecuador: Quito,,,,,,,,,Pseudomonas aeruginosa
53235161,SAMN53235161,,gp53-12,,not collected,2024,not provided,,,,,,,,,Pseudomonas aeruginosa
53235160,SAMN53235160,,gp53-11,,not collected,2024,not provided,,,,,,,,,Pseudomonas aeruginosa
53235159,SAMN53235159,,gp53-10,,not collected,2024,not provided,,,,,,,,,Pseudomonas aeruginosa
53235158,SAMN53235158,,gp53-9,,not collected,2024,not provided,,,,,,,,,Pseudomonas aeruginosa
53235157,SAMN53235157,,gp53-8,,not collected,2024,not provided,,,,,,,,,Pseudomonas aeruginosa
53235156,SAMN53235156,,gp53-7,,not collected,2024,not provided,,,,,,,,,Pseudomonas aeruginosa
53235155,SAMN53235155,,gp53-6,,not collected,2024,not provided,,,,,,,,,Pseudomonas aeruginosa
53235154,SAMN53235154,,gp53-5,,not collected,2024,not provided,,,,,,,,,Pseudomonas aeruginosa
53235153,SAMN53235153,,gp53-4,,not collected,2024,not provided,,,,,,,,,Pseudomonas aeruginosa
53235152,SAMN53235152,,gp53-3,,not collected,2024,not provided,,,,,,,,,Pseudomonas aeruginosa
53235151,SAMN53235151,,gp53-2,,not collected,2024,not provided,,,,,,,,,Pseudomonas aeruginosa
53235150,SAMN53235150,,gp53-1,,not collected,2024,not provided,,,,,,,,,Pseudomonas aeruginosa
54618843,SAMN54618843,,not applicable,,Homo sapiens,2025,USA,,,,,GCA_054501305.1,Contig,,ftp://ftp.ncbi.nlm.nih.gov/genomes/all/GCA/054/501/305/GCA_054501305.1_PDT003054514.1,Pseudomonas aeruginosa
54618841,SAMN54618841,,not applicable,,Homo sapiens,2025,USA,,,,,GCA_054501265.1,Contig,,ftp://ftp.ncbi.nlm.nih.gov/genomes/all/GCA/054/501/265/GCA_054501265.1_PDT003054516.1,Pseudomonas aeruginosa
54618839,SAMN54618839,,not applicable,,Homo sapiens,2025,USA,,,,,GCA_054501225.1,Contig,,ftp://ftp.ncbi.nlm.nih.gov/genomes/all/GCA/054/501/225/GCA_054501225.1_PDT003054518.1,Pseudomonas aeruginosa
54618836,SAMN54618836,,not applicable,,Homo sapiens,2025,USA,,,,,GCA_054501165.1,Contig,,ftp://ftp.ncbi.nlm.nih.gov/genomes/all/GCA/054/501/165/GCA_054501165.1_PDT003054521.1,Pseudomonas aeruginosa
54616825,SAMN54616825,,,urine,Homo sapiens,2025,USA,,,,,GCA_054501365.1,Contig,,ftp://ftp.ncbi.nlm.nih.gov/genomes/all/GCA/054/501/365/GCA_054501365.1_PDT003054497.1,Pseudomonas aeruginosa
54616824,SAMN54616824,,,tracheal aspirate,Homo sapiens,2025,USA,,,,,GCA_054501445.1,Contig,,ftp://ftp.ncbi.nlm.nih.gov/genomes/all/GCA/054/501/445/GCA_054501445.1_PDT003054489.1,Pseudomonas aeruginosa
54616821,SAMN54616821,,,respiratory,Homo sapiens,2025,USA,,,,,GCA_054501425.1,Contig,,ftp://ftp.ncbi.nlm.nih.gov/genomes/all/GCA/054/501/425/GCA_054501425.1_PDT003054492.1,Pseudomonas aeruginosa
54616820,SAMN54616820,,,Abscess,Homo sapiens,2025,USA,,,,,GCA_054501405.1,Contig,,ftp://ftp.ncbi.nlm.nih.gov/genomes/all/GCA/054/501/405/GCA_054501405.1_PDT003054493.1,Pseudomonas aeruginosa
54616818,SAMN54616818,,,tracheal aspirate,Homo sapiens,2025,USA,,,,,GCA_054501385.1,Contig,,ftp://ftp.ncbi.nlm.nih.gov/genomes/all/GCA/054/501/385/GCA_054501385.1_PDT003054495.1,Pseudomonas aeruginosa
54616730,SAMN54616730,,CCVSU5861,water,,2019,Brazil: Rio de Janeiro,,,,,,,,,Pseudomonas aeruginosa
53236846,SAMN53236846,,gp53-4,,not collected,2024,not provided,,,,,,,,,Pseudomonas aeruginosa
53236845,SAMN53236845,,gp53-3,,not collected,2024,not provided,,,,,,,,,Pseudomonas aeruginosa
53236844,SAMN53236844,,gp53-2,,not collected,2024,not provided,,,,,,,,,Pseudomonas aeruginosa
53236843,SAMN53236843,,gp53-1,,not collected,2024,not provided,,,,,,,,,Pseudomonas aeruginosa
54595869,SAMN54595869,,,,Homo sapiens,,,,,,,,,,,Pseudomonas aeruginosa
54595868,SAMN54595868,,,,Homo sapiens,,,,,,,,,,,Pseudomonas aeruginosa
54595867,SAMN54595867,,,,Homo sapiens,,,,,,,,,,,Pseudomonas aeruginosa
54595866,SAMN54595866,,,,Homo sapiens,,,,,,,,,,,Pseudomonas aeruginosa
54592840,SAMN54592840,,2026HL-01013,urine,Homo sapiens,2025,USA,,,,,GCA_054488345.1,Contig,,ftp://ftp.ncbi.nlm.nih.gov/genomes/all/GCA/054/488/345/GCA_054488345.1_PDT003053504.1,Pseudomonas aeruginosa
54592837,SAMN54592837,,2026HL-01010,stool/fecal,Homo sapiens,2025,USA,,,,,GCA_054488665.1,Contig,,ftp://ftp.ncbi.nlm.nih.gov/genomes/all/GCA/054/488/665/GCA_054488665.1_PDT003053507.1,Pseudomonas aeruginosa
54590629,SAMN54590629,,,SWAB_WOUND,Homo sapiens,2025,USA,,,,,GCA_054493255.1,Contig,,ftp://ftp.ncbi.nlm.nih.gov/genomes/all/GCA/054/493/255/GCA_054493255.1_PDT003053349.1,Pseudomonas aeruginosa
54590628,SAMN54590628,,,BLOOD_WHOLE,Homo sapiens,2025,USA,,,,,GCA_054493315.1,Contig,,ftp://ftp.ncbi.nlm.nih.gov/genomes/all/GCA/054/493/315/GCA_054493315.1_PDT003053348.1,Pseudomonas aeruginosa
54590608,SAMN54590608,,,FLUID (BODY)_SPUTUM (COUGHED),Homo sapiens,2026,USA,,,,,GCA_054488385.1,Contig,,ftp://ftp.ncbi.nlm.nih.gov/genomes/all/GCA/054/488/385/GCA_054488385.1_PDT003053464.1,Pseudomonas aeruginosa
54590607,SAMN54590607,,,URINE_CLEAN CATCH/VOIDED,Homo sapiens,2025,USA,,,,,GCA_054488365.1,Contig,,ftp://ftp.ncbi.nlm.nih.gov/genomes/all/GCA/054/488/365/GCA_054488365.1_PDT003053463.1,Pseudomonas aeruginosa
54589714,SAMN54589714,,,Homo Sapiens clinical,Homo sapiens,2025-12-20,USA: Florida,,,,,GCA_054493855.1,Contig,,ftp://ftp.ncbi.nlm.nih.gov/genomes/all/GCA/054/493/855/GCA_054493855.1_PDT003053327.1,Pseudomonas aeruginosa
54572055,SAMN54572055,,,urine,Homo sapiens,2025,USA,,,,,GCA_054476475.1,Contig,,ftp://ftp.ncbi.nlm.nih.gov/genomes/all/GCA/054/476/475/GCA_054476475.1_PDT003052787.1,Pseudomonas aeruginosa
54495905,SAMN54495905,,,wastewater,,2025-12-16,USA: Utah,,,,,GCA_054408365.1,Contig,,ftp://ftp.ncbi.nlm.nih.gov/genomes/all/GCA/054/408/365/GCA_054408365.1_PDT003047784.1,Pseudomonas aeruginosa
54495904,SAMN54495904,,,wastewater,,2025-12-12,USA: Utah,,,,,GCA_054408335.1,Contig,,ftp://ftp.ncbi.nlm.nih.gov/genomes/all/GCA/054/408/335/GCA_054408335.1_PDT003047785.1,Pseudomonas aeruginosa
54495903,SAMN54495903,,,wastewater,,2025-12-04,USA: Utah,,,,,GCA_054408325.1,Contig,,ftp://ftp.ncbi.nlm.nih.gov/genomes/all/GCA/054/408/325/GCA_054408325.1_PDT003047786.1,Pseudomonas aeruginosa
48746242,SAMN48746242,,PAO1,,,missing,missing,,,,,,,,,Pseudomonas aeruginosa
48746241,SAMN48746241,,PAO1,,,missing,missing,,,,,,,,,Pseudomonas aeruginosa
48746240,SAMN48746240,,PAO1,,,missing,missing,,,,,,,,,Pseudomonas aeruginosa
48746239,SAMN48746239,,PAO1,,,missing,missing,,,,,,,,,Pseudomonas aeruginosa
48746238,SAMN48746238,,PAO1,,,missing,missing,,,,,,,,,Pseudomonas aeruginosa
48746237,SAMN48746237,,PAO1,,,missing,missing,,,,,,,,,Pseudomonas aeruginosa
48746236,SAMN48746236,,PAO1 with phaF deletion,,,missing,missing,,,,,,,,,Pseudomonas aeruginosa
48746235,SAMN48746235,,PAO1 with phaF deletion,,,missing,missing,,,,,,,,,Pseudomonas aeruginosa
48746234,SAMN48746234,,PAO1 with phaF deletion,,,missing,missing,,,,,,,,,Pseudomonas aeruginosa
48746233,SAMN48746233,,PAO1 with phaF deletion,,,missing,missing,,,,,,,,,Pseudomonas aeruginosa
48746232,SAMN48746232,,PAO1 with phaF deletion,,,missing,missing,,,,,,,,,Pseudomonas aeruginosa
48746231,SAMN48746231,,PAO1 with phaF deletion,,,missing,missing,,,,,,,,,Pseudomonas aeruginosa
48746230,SAMN48746230,,PAO1,,,missing,missing,,,,,,,,,Pseudomonas aeruginosa
48746229,SAMN48746229,,PAO1,,,missing,missing,,,,,,,,,Pseudomonas aeruginosa
48746228,SAMN48746228,,PAO1,,,missing,missing,,,,,,,,,Pseudomonas aeruginosa
48746227,SAMN48746227,,PAO1,,,missing,missing,,,,,,,,,Pseudomonas aeruginosa
48746226,SAMN48746226,,PAO1,,,missing,missing,,,,,,,,,Pseudomonas aeruginosa
48746225,SAMN48746225,,PAO1,,,missing,missing,,,,,,,,,Pseudomonas aeruginosa
48746164,SAMN48746164,,PAO1,,,missing,missing,,,,,,,,,Pseudomonas aeruginosa
48746163,SAMN48746163,,PAO1,,,missing,missing,,,,,,,,,Pseudomonas aeruginosa
48746162,SAMN48746162,,PAO1,,,missing,missing,,,,,,,,,Pseudomonas aeruginosa
48746161,SAMN48746161,,PAO1,,,missing,missing,,,,,,,,,Pseudomonas aeruginosa
48746160,SAMN48746160,,PAO1,,,missing,missing,,,,,,,,,Pseudomonas aeruginosa
48746159,SAMN48746159,,PAO1,,,missing,missing,,,,,,,,,Pseudomonas aeruginosa
48746158,SAMN48746158,,PAO1 with phaF deletion,,,missing,missing,,,,,,,,,Pseudomonas aeruginosa
48746157,SAMN48746157,,PAO1 with phaF deletion,,,missing,missing,,,,,,,,,Pseudomonas aeruginosa
48746156,SAMN48746156,,PAO1 with phaF deletion,,,missing,missing,,,,,,,,,Pseudomonas aeruginosa
54561340,SAMN54561340,,,Pus,Homo sapiens,2024-12-03,"Viet Nam: Cho Ray Hospital, Ho Chi Minh",,,,,,,,,Pseudomonas aeruginosa
54560990,SAMN54560990,,KNFVi,Flower of Kata Notey (Amaranthus spinosus),Amaranthus spinosus,2025-02-25,Bangladesh: Gazipur,,,,,GCF_054552695.1,Complete Genome,ftp://ftp.ncbi.nlm.nih.gov/genomes/all/GCF/054/552/695/GCF_054552695.1_ASM5455269v1,ftp://ftp.ncbi.nlm.nih.gov/genomes/all/GCA/054/552/695/GCA_054552695.1_ASM5455269v1,Pseudomonas aeruginosa
54560987,SAMN54560987,,PaRV,Seed of Wheat S-615 cultivar,Triticum aestivum,2024-08-23,Bangladesh: Gazipur,,,,,GCF_054552575.1,Complete Genome,ftp://ftp.ncbi.nlm.nih.gov/genomes/all/GCF/054/552/575/GCF_054552575.1_ASM5455257v1,ftp://ftp.ncbi.nlm.nih.gov/genomes/all/GCA/054/552/575/GCA_054552575.1_ASM5455257v1,Pseudomonas aeruginosa
48693712,SAMN48693712,,D162F,lung sputum,Homo sapiens,2022,USA: San Diego,,,,,,,,,Pseudomonas aeruginosa
48693711,SAMN48693711,,D162A,lung sputum,Homo sapiens,2022,USA: San Diego,,,,,,,,,Pseudomonas aeruginosa
48693710,SAMN48693710,,D120A,lung sputum,Homo sapiens,2022,USA: San Diego,,,,,,,,,Pseudomonas aeruginosa
48693709,SAMN48693709,,D29C,lung sputum,Homo sapiens,2022,USA: San Diego,,,,,,,,,Pseudomonas aeruginosa
48693708,SAMN48693708,,D29B,lung sputum,Homo sapiens,2022,USA: San Diego,,,,,,,,,Pseudomonas aeruginosa
48693707,SAMN48693707,,D29A,lung sputum,Homo sapiens,2022,USA: San Diego,,,,,,,,,Pseudomonas aeruginosa
48693706,SAMN48693706,,D15E,lung sputum,Homo sapiens,2022,USA: San Diego,,,,,,,,,Pseudomonas aeruginosa
48693705,SAMN48693705,,D15D,lung sputum,Homo sapiens,2022,USA: San Diego,,,,,,,,,Pseudomonas aeruginosa
48693704,SAMN48693704,,D15C,lung sputum,Homo sapiens,2022,USA: San Diego,,,,,,,,,Pseudomonas aeruginosa
48693703,SAMN48693703,,D15B,lung sputum,Homo sapiens,2022,USA: San Diego,,,,,,,,,Pseudomonas aeruginosa
48693702,SAMN48693702,,D15A,lung sputum,Homo sapiens,2022,USA: San Diego,,,,,,,,,Pseudomonas aeruginosa
48693701,SAMN48693701,,D14A,lung sputum,Homo sapiens,2022,USA: San Diego,,,,,,,,,Pseudomonas aeruginosa
48693700,SAMN48693700,,D13A,lung sputum,Homo sapiens,2022,USA: San Diego,,,,,,,,,Pseudomonas aeruginosa
48693699,SAMN48693699,,D11D,lung sputum,Homo sapiens,2022,USA: San Diego,,,,,,,,,Pseudomonas aeruginosa
48693698,SAMN48693698,,D3A,lung sputum,Homo sapiens,2022,USA: San Diego,,,,,,,,,Pseudomonas aeruginosa
48693697,SAMN48693697,,D2A,lung sputum,Homo sapiens,2022,USA: San Diego,,,,,,,,,Pseudomonas aeruginosa
48693696,SAMN48693696,,D1D,lung sputum,Homo sapiens,2022,USA: San Diego,,,,,,,,,Pseudomonas aeruginosa
48693695,SAMN48693695,,D1A,lung sputum,Homo sapiens,2022,USA: San Diego,,,,,,,,,Pseudomonas aeruginosa
48693694,SAMN48693694,,D0C,lung sputum,Homo sapiens,2022,USA: San Diego,,,,,,,,,Pseudomonas aeruginosa
48693693,SAMN48693693,,D0B,lung sputum,Homo sapiens,2022,USA: San Diego,,,,,,,,,Pseudomonas aeruginosa
48693692,SAMN48693692,,D0A,lung sputum,Homo sapiens,2022,USA: San Diego,,,,,,,,,Pseudomonas aeruginosa
48693691,SAMN48693691,,D-5B,lung sputum,Homo sapiens,2022,USA: San Diego,,,,,,,,,Pseudomonas aeruginosa
48693690,SAMN48693690,,D-5A,lung sputum,Homo sapiens,2022,USA: San Diego,,,,,,,,,Pseudomonas aeruginosa
48693689,SAMN48693689,,D-202,lung sputum,Homo sapiens,2021,USA: San Diego,,,,,,,,,Pseudomonas aeruginosa
48693688,SAMN48693688,,D-321B,lung sputum,Homo sapiens,2021,USA: San Diego,,,,,,,,,Pseudomonas aeruginosa
48693687,SAMN48693687,,D-321A,lung sputum,Homo sapiens,2021,USA: San Diego,,,,,,,,,Pseudomonas aeruginosa
48693686,SAMN48693686,,D-370B,lung sputum,Homo sapiens,2021,USA: San Diego,,,,,,,,,Pseudomonas aeruginosa
48693685,SAMN48693685,,D-370A,lung sputum,Homo sapiens,2021,USA: San Diego,,,,,,,,,Pseudomonas aeruginosa
48693684,SAMN48693684,,D-440B,lung sputum,Homo sapiens,2021,USA: San Diego,,,,,,,,,Pseudomonas aeruginosa
48693683,SAMN48693683,,D-440A,lung sputum,Homo sapiens,2021,USA: San Diego,,,,,,,,,Pseudomonas aeruginosa
48693682,SAMN48693682,,D-538A,lung sputum,Homo sapiens,2021,USA: San Diego,,,,,,,,,Pseudomonas aeruginosa
48625799,SAMN48625799,,PAMNT054,,not collected,not applicable,not applicable,,,,,,,,,Pseudomonas aeruginosa
48625798,SAMN48625798,,PAMNT051,,not collected,not applicable,not applicable,,,,,,,,,Pseudomonas aeruginosa
48625797,SAMN48625797,,PAMNT049,,not collected,not applicable,not applicable,,,,,,,,,Pseudomonas aeruginosa
48625796,SAMN48625796,,PAMNT048,,not collected,not applicable,not applicable,,,,,,,,,Pseudomonas aeruginosa
48625795,SAMN48625795,,PAMNT044,,not collected,not applicable,not applicable,,,,,,,,,Pseudomonas aeruginosa
48625794,SAMN48625794,,PAMNT043,,not collected,not applicable,not applicable,,,,,,,,,Pseudomonas aeruginosa
32736171,SAMN32736171,,Pa-wfmc-01,blood,Homo sapiens,2022-11-16,China:Weifang,,,,,,,,,Pseudomonas aeruginosa
54558993,SAMN54558993,,,urine,,2025-12-17,USA,,,,,,,,,Pseudomonas aeruginosa
54558118,SAMN54558118,,,urine,Homo sapiens,2024-01-08,"Viet Nam: Cho Ray Hospital, Ho Chi Minh",,,,,,,,,Pseudomonas aeruginosa
54555135,SAMN54555135,,unknown,unknown,Homo sapiens,2025,USA,,,,,GCA_054471555.1,Contig,,ftp://ftp.ncbi.nlm.nih.gov/genomes/all/GCA/054/471/555/GCA_054471555.1_PDT003050137.1,Pseudomonas aeruginosa
54555131,SAMN54555131,,unknown,unknown,Homo sapiens,2025,USA,,,,,GCA_054471595.1,Contig,,ftp://ftp.ncbi.nlm.nih.gov/genomes/all/GCA/054/471/595/GCA_054471595.1_PDT003050134.1,Pseudomonas aeruginosa
54555130,SAMN54555130,,unknown,unknown,Homo sapiens,2025,USA,,,,,GCA_054471655.1,Contig,,ftp://ftp.ncbi.nlm.nih.gov/genomes/all/GCA/054/471/655/GCA_054471655.1_PDT003050133.1,Pseudomonas aeruginosa
48739815,SAMN48739815,,PAH,sputum,Homo sapiens,2022-08-22,Argentina: Buenos Aires,,,,,GCF_054507755.1,Scaffold,ftp://ftp.ncbi.nlm.nih.gov/genomes/all/GCF/054/507/755/GCF_054507755.1_ASM5450775v1,ftp://ftp.ncbi.nlm.nih.gov/genomes/all/GCA/054/507/755/GCA_054507755.1_ASM5450775v1,Pseudomonas aeruginosa
54554639,SAMN54554639,,Pseudomonas aeruginosa12,Pure culture12,,missing,China:Ningbo,,,,,,,,,Pseudomonas aeruginosa
54554638,SAMN54554638,,Pseudomonas aeruginosa11,Pure culture11,,missing,China:Ningbo,,,,,,,,,Pseudomonas aeruginosa
54554637,SAMN54554637,,Pseudomonas aeruginosa10,Pure culture10,,missing,China:Ningbo,,,,,,,,,Pseudomonas aeruginosa
54554636,SAMN54554636,,Pseudomonas aeruginosa9,Pure culture9,,missing,China:Ningbo,,,,,,,,,Pseudomonas aeruginosa
54554635,SAMN54554635,,Pseudomonas aeruginosa8,Pure culture8,,missing,China:Ningbo,,,,,,,,,Pseudomonas aeruginosa
54554634,SAMN54554634,,Pseudomonas aeruginosa7,Pure culture7,,missing,China:Ningbo,,,,,,,,,Pseudomonas aeruginosa
54554633,SAMN54554633,,Pseudomonas aeruginosa6,Pure culture6,,missing,China:Ningbo,,,,,,,,,Pseudomonas aeruginosa
54554632,SAMN54554632,,Pseudomonas aeruginosa5,Pure culture5,,missing,China:Ningbo,,,,,,,,,Pseudomonas aeruginosa
54554631,SAMN54554631,,Pseudomonas aeruginosa4,Pure culture4,,missing,China:Ningbo,,,,,,,,,Pseudomonas aeruginosa
54554630,SAMN54554630,,Pseudomonas aeruginosa3,Pure culture3,,missing,China:Ningbo,,,,,,,,,Pseudomonas aeruginosa
54554629,SAMN54554629,,Pseudomonas aeruginosa2,Pure culture2,,missing,China:Ningbo,,,,,,,,,Pseudomonas aeruginosa
54554628,SAMN54554628,,Pseudomonas aeruginosa1,Pure culture1,,missing,China:Ningbo,,,,,,,,,Pseudomonas aeruginosa
54553326,SAMN54553326,,PC,Surgery bed,Homo sapiens,2023-12-13,Iraq: Baghdad,,,,,,,,,Pseudomonas aeruginosa
54553325,SAMN54553325,,P21,Ear swab,Homo sapiens,2023-11-17,Iraq: Baghdad,,,,,,,,,Pseudomonas aeruginosa
54553324,SAMN54553324,,P16,sputum,Homo sapiens,2023-10-20,Iraq: Baghdad,,,,,,,,,Pseudomonas aeruginosa
54553323,SAMN54553323,,P13,blood,Homo sapiens,2023-09-10,Iraq: Baghdad,,,,,,,,,Pseudomonas aeruginosa
54553322,SAMN54553322,,P10,urine,Homo sapiens,2023-07-25,Iraq: Baghdad,,,,,,,,,Pseudomonas aeruginosa
54553321,SAMN54553321,,P9,sputum,Homo sapiens,2023-07-10,Iraq: Baghdad,,,,,,,,,Pseudomonas aeruginosa
54553320,SAMN54553320,,P2,throat swab,Homo sapiens,2023-01-04,Iraq: Baghdad,,,,,,,,,Pseudomonas aeruginosa
54502734,SAMN54502734,,2375,urine,Homo sapiens,2021/2022,China:Nanchang,,,,,GCF_054495325.1,Complete Genome,ftp://ftp.ncbi.nlm.nih.gov/genomes/all/GCF/054/495/325/GCF_054495325.1_ASM5449532v1,ftp://ftp.ncbi.nlm.nih.gov/genomes/all/GCA/054/495/325/GCA_054495325.1_ASM5449532v1,Pseudomonas aeruginosa
54502733,SAMN54502733,,2288,cerebrospinal fluid,Homo sapiens,2021/2022,China:Nanchang,,,,,GCF_054495415.1,Complete Genome,ftp://ftp.ncbi.nlm.nih.gov/genomes/all/GCF/054/495/415/GCF_054495415.1_ASM5449541v1,ftp://ftp.ncbi.nlm.nih.gov/genomes/all/GCA/054/495/415/GCA_054495415.1_ASM5449541v1,Pseudomonas aeruginosa
54502732,SAMN54502732,,6327,Catheter tip,Homo sapiens,2021/2022,China:Nanchang,,,,,GCF_054495335.1,Complete Genome,ftp://ftp.ncbi.nlm.nih.gov/genomes/all/GCF/054/495/335/GCF_054495335.1_ASM5449533v1,ftp://ftp.ncbi.nlm.nih.gov/genomes/all/GCA/054/495/335/GCA_054495335.1_ASM5449533v1,Pseudomonas aeruginosa
54529795,SAMN54529795,,SCHI0211.S.1,Oral wash,Homo sapiens,2024-09-05,Australia: Sunshine Coast,,,,,,,,,Pseudomonas aeruginosa
54529794,SAMN54529794,,SCHI0218.S.1,Oral wash,Homo sapiens,2024-10-10,Australia: Sunshine Coast,,,,,,,,,Pseudomonas aeruginosa
54529254,SAMN54529254,,2025GO-00619,Unknown,Homo sapiens,2025,USA,,,,,GCA_054416235.1,Contig,,ftp://ftp.ncbi.nlm.nih.gov/genomes/all/GCA/054/416/235/GCA_054416235.1_PDT003048738.1,Pseudomonas aeruginosa
54529249,SAMN54529249,,2025GO-00605,Unknown,Homo sapiens,2025,USA,,,,,GCA_054416255.1,Contig,,ftp://ftp.ncbi.nlm.nih.gov/genomes/all/GCA/054/416/255/GCA_054416255.1_PDT003048758.1,Pseudomonas aeruginosa
54528387,SAMN54528387,,,Rectum,Homo sapiens,2025,USA,,,,,GCA_054414535.1,Contig,,ftp://ftp.ncbi.nlm.nih.gov/genomes/all/GCA/054/414/535/GCA_054414535.1_PDT003048624.1,Pseudomonas aeruginosa
54502648,SAMN54502648,,PS5,Tissue Biopsy Culture,Homo sapiens,2024-11-27,Turkey: Ankara,,,,,,,,,Pseudomonas aeruginosa
54502647,SAMN54502647,,PS4,Blood Culture,Homo sapiens,2024-11-26,Turkey: Ankara,,,,,,,,,Pseudomonas aeruginosa
54502646,SAMN54502646,,PS3,Deep Tracheal Aspirate Culture,Homo sapiens,2024-11-26,Turkey: Ankara,,,,,,,,,Pseudomonas aeruginosa
54502645,SAMN54502645,,PS2,Quantitative Cultures of Respiratory Secretions,Homo sapiens,2024-11-14,Turkey: Ankara,,,,,,,,,Pseudomonas aeruginosa
54502644,SAMN54502644,,PS1,Deep Tracheal Aspirate Culture,Homo sapiens,2024-11-26,Turkey: Ankara,,,,,,,,,Pseudomonas aeruginosa
37960601,SAMN37960601,,KK6,soil,,1993,USA: Texas,,,,,GCA_033345415.2,Complete Genome,,ftp://ftp.ncbi.nlm.nih.gov/genomes/all/GCA/033/345/415/GCA_033345415.2_ASM3334541v2,Pseudomonas aeruginosa
54494255,SAMN54494255,,,Tracheal Aspirate/Wash,Homo sapiens,2025-12-11,USA,,,,,GCA_054395525.1,Contig,,ftp://ftp.ncbi.nlm.nih.gov/genomes/all/GCA/054/395/525/GCA_054395525.1_PDT003047749.1,Pseudomonas aeruginosa
54494254,SAMN54494254,,,bronchoalveolar lavage,Homo sapiens,2025-12-17,USA,,,,,GCA_054395505.1,Contig,,ftp://ftp.ncbi.nlm.nih.gov/genomes/all/GCA/054/395/505/GCA_054395505.1_PDT003047750.1,Pseudomonas aeruginosa
54492382,SAMN54492382,,jcl-3,,,2022-06-30,China: Huaian,,,,,,,,,Pseudomonas aeruginosa
51798779,SAMN51798779,,cystic fibrosis clinical isolate 081,,Homo sapiens,2023-09-15,USA,,,,,,,,,Pseudomonas aeruginosa
51798778,SAMN51798778,,cystic fibrosis clinical isolate 047,,Homo sapiens,2023-09-15,USA,,,,,,,,,Pseudomonas aeruginosa
51798777,SAMN51798777,,cystic fibrosis clinical isolate 033,,Homo sapiens,2023-09-15,USA,,,,,,,,,Pseudomonas aeruginosa
51798776,SAMN51798776,,cystic fibrosis clinical isolate 002,,Homo sapiens,2023-09-15,USA,,,,,,,,,Pseudomonas aeruginosa
54491289,SAMEA120908212,,13520,,,,,,,,,,,,,Pseudomonas aeruginosa
54491015,SAMEA120908201,,24TCP,,,,,,,,,,,,,Pseudomonas aeruginosa
54490807,SAMEA120908206,,24TCP,,,,,,,,,,,,,Pseudomonas aeruginosa
54487857,SAMEA120908195,,13534,,,,,,,,,,,,,Pseudomonas aeruginosa
54487578,SAMEA120908198,,13534,,,,,,,,,,,,,Pseudomonas aeruginosa
54486098,SAMEA120908203,,24TCP,,,,,,,,,,,,,Pseudomonas aeruginosa
54485617,SAMEA120908210,,13520,,,,,,,,,,,,,Pseudomonas aeruginosa
54483932,SAMEA120908202,,24TCP,,,,,,,,,,,,,Pseudomonas aeruginosa
54483841,SAMEA120908196,,13534,,,,,,,,,,,,,Pseudomonas aeruginosa
54483195,SAMEA120908200,,13534,,,,,,,,,,,,,Pseudomonas aeruginosa
54483123,SAMEA120908208,,13520,,,,,,,,,,,,,Pseudomonas aeruginosa
54481664,SAMEA120908199,,13534,,,,,,,,,,,,,Pseudomonas aeruginosa
54481438,SAMEA120908205,,24TCP,,,,,,,,,,,,,Pseudomonas aeruginosa
54479988,SAMEA120908204,,24TCP,,,,,,,,,,,,,Pseudomonas aeruginosa
54479063,SAMEA120908209,,13520,,,,,,,,,,,,,Pseudomonas aeruginosa
54478644,SAMEA120908197,,13534,,,,,,,,,,,,,Pseudomonas aeruginosa
54478276,SAMEA120908211,,13520,,,,,,,,,,,,,Pseudomonas aeruginosa
54477581,SAMEA120908207,,13520,,,,,,,,,,,,,Pseudomonas aeruginosa
54471550,SAMN54471550,,missing,BAL,Homo sapiens,2025,USA,,,,,,,,,Pseudomonas aeruginosa
54471548,SAMN54471548,,missing,urine,Homo sapiens,2025,USA,,,,,,,,,Pseudomonas aeruginosa
54456506,SAMN54456506,,,rectum swab,Homo sapiens,2025-03,Slovenia,,,,,GCA_054369345.1,Contig,,ftp://ftp.ncbi.nlm.nih.gov/genomes/all/GCA/054/369/345/GCA_054369345.1_PDT003045280.1,Pseudomonas aeruginosa
54456501,SAMN54456501,,,rectum swab,Homo sapiens,2025-03,Slovenia,,,,,GCA_054369295.1,Contig,,ftp://ftp.ncbi.nlm.nih.gov/genomes/all/GCA/054/369/295/GCA_054369295.1_PDT003045286.1,Pseudomonas aeruginosa
54456496,SAMN54456496,,,tracheal aspirate,Homo sapiens,2025-03,Slovenia,,,,,GCA_054369315.1,Contig,,ftp://ftp.ncbi.nlm.nih.gov/genomes/all/GCA/054/369/315/GCA_054369315.1_PDT003045291.1,Pseudomonas aeruginosa
54456492,SAMN54456492,,,rectum swab,Homo sapiens,2025-03,Slovenia,,,,,GCA_054369245.1,Contig,,ftp://ftp.ncbi.nlm.nih.gov/genomes/all/GCA/054/369/245/GCA_054369245.1_PDT003045299.1,Pseudomonas aeruginosa
54456489,SAMN54456489,,,rectum swab,Homo sapiens,2025-03,Slovenia,,,,,GCA_054369205.1,Contig,,ftp://ftp.ncbi.nlm.nih.gov/genomes/all/GCA/054/369/205/GCA_054369205.1_PDT003045302.1,Pseudomonas aeruginosa
54456486,SAMN54456486,,,rectum swab,Homo sapiens,2025-03,Slovenia,,,,,GCA_054369185.1,Contig,,ftp://ftp.ncbi.nlm.nih.gov/genomes/all/GCA/054/369/185/GCA_054369185.1_PDT003045305.1,Pseudomonas aeruginosa
54456481,SAMN54456481,,,rectum swab,Homo sapiens,2025-03,Slovenia,,,,,GCA_054369145.1,Contig,,ftp://ftp.ncbi.nlm.nih.gov/genomes/all/GCA/054/369/145/GCA_054369145.1_PDT003045311.1,Pseudomonas aeruginosa
54456473,SAMN54456473,,,rectum swab,Homo sapiens,2025-03,Slovenia,,,,,GCA_054369165.1,Contig,,ftp://ftp.ncbi.nlm.nih.gov/genomes/all/GCA/054/369/165/GCA_054369165.1_PDT003045320.1,Pseudomonas aeruginosa
54456472,SAMN54456472,,,rectum swab,Homo sapiens,2025-03,Slovenia,,,,,GCA_054369105.1,Contig,,ftp://ftp.ncbi.nlm.nih.gov/genomes/all/GCA/054/369/105/GCA_054369105.1_PDT003045321.1,Pseudomonas aeruginosa
54456465,SAMN54456465,,,sputum,Homo sapiens,2025-02,Slovenia,,,,,GCA_054369125.1,Contig,,ftp://ftp.ncbi.nlm.nih.gov/genomes/all/GCA/054/369/125/GCA_054369125.1_PDT003045328.1,Pseudomonas aeruginosa
54456464,SAMN54456464,,,urine,Homo sapiens,2025-02,Slovenia,,,,,GCA_054369265.1,Contig,,ftp://ftp.ncbi.nlm.nih.gov/genomes/all/GCA/054/369/265/GCA_054369265.1_PDT003045292.1,Pseudomonas aeruginosa
54456463,SAMN54456463,,,rectum swab,Homo sapiens,2025-02,Slovenia,,,,,GCA_054369225.1,Contig,,ftp://ftp.ncbi.nlm.nih.gov/genomes/all/GCA/054/369/225/GCA_054369225.1_PDT003045293.1,Pseudomonas aeruginosa
54456460,SAMN54456460,,,rectum swab,Homo sapiens,2025-02,Slovenia,,,,,GCA_054369365.1,Contig,,ftp://ftp.ncbi.nlm.nih.gov/genomes/all/GCA/054/369/365/GCA_054369365.1_PDT003045282.1,Pseudomonas aeruginosa
47177160,SAMN47177160,,MLSE01,seawater,,2022,Bangladesh,,,,,GCF_048514535.1,Scaffold,ftp://ftp.ncbi.nlm.nih.gov/genomes/all/GCF/048/514/535/GCF_048514535.1_ASM4851453v1,ftp://ftp.ncbi.nlm.nih.gov/genomes/all/GCA/048/514/535/GCA_048514535.1_ASM4851453v1,Pseudomonas aeruginosa
54450609,SAMN54450609,,not applicable,,Homo sapiens,2025,USA,,,,,GCA_054352715.1,Contig,,ftp://ftp.ncbi.nlm.nih.gov/genomes/all/GCA/054/352/715/GCA_054352715.1_PDT003045204.1,Pseudomonas aeruginosa
54450608,SAMN54450608,,not applicable,,Homo sapiens,2025,USA,,,,,GCA_054352595.1,Contig,,ftp://ftp.ncbi.nlm.nih.gov/genomes/all/GCA/054/352/595/GCA_054352595.1_PDT003045205.1,Pseudomonas aeruginosa
54448257,SAMN54448257,,2025GN-00351,sputum,Homo sapiens,2025,USA,,,,,GCA_054349535.1,Contig,,ftp://ftp.ncbi.nlm.nih.gov/genomes/all/GCA/054/349/535/GCA_054349535.1_PDT003044865.1,Pseudomonas aeruginosa
54448171,SAMN54448171,,,clinical,Homo sapiens,2025-12-30,USA: Wyoming,,,,,,,,,Pseudomonas aeruginosa
54448169,SAMN54448169,,,clinical,Homo sapiens,2025-12-24,USA: Wyoming,,,,,GCA_054349555.1,Contig,,ftp://ftp.ncbi.nlm.nih.gov/genomes/all/GCA/054/349/555/GCA_054349555.1_PDT003044797.1,Pseudomonas aeruginosa
54443526,SAMN54443526,,2026HL-01004,chest,Homo sapiens,2025,USA,,,,,,,,,Pseudomonas aeruginosa
54443337,SAMN54443337,,,wound,Homo sapiens,2026,USA,,,,,GCA_054346015.1,Contig,,ftp://ftp.ncbi.nlm.nih.gov/genomes/all/GCA/054/346/015/GCA_054346015.1_PDT003044528.1,Pseudomonas aeruginosa
53884069,SAMN53884069,,PA-555,,Homo sapiens,2023,"India: Tamil Nadu, Vellore",,,,,,,,,Pseudomonas aeruginosa
40889934,SAMN40889934,,19733,blood,Homo sapiens,2023-06-29,"China: Jiangsu, Nanjing",,,,,GCF_054299635.1,Scaffold,ftp://ftp.ncbi.nlm.nih.gov/genomes/all/GCF/054/299/635/GCF_054299635.1_ASM5429963v1,ftp://ftp.ncbi.nlm.nih.gov/genomes/all/GCA/054/299/635/GCA_054299635.1_ASM5429963v1,Pseudomonas aeruginosa
40889933,SAMN40889933,,19686,blood,Homo sapiens,2023-06-23,"China: Jiangsu, Nanjing",,,,,GCF_054299655.1,Scaffold,ftp://ftp.ncbi.nlm.nih.gov/genomes/all/GCF/054/299/655/GCF_054299655.1_ASM5429965v1,ftp://ftp.ncbi.nlm.nih.gov/genomes/all/GCA/054/299/655/GCA_054299655.1_ASM5429965v1,Pseudomonas aeruginosa
40889932,SAMN40889932,,19199,blood,Homo sapiens,2023-04-02,"China: Jiangsu, Nanjing",,,,,GCF_054299675.1,Scaffold,ftp://ftp.ncbi.nlm.nih.gov/genomes/all/GCF/054/299/675/GCF_054299675.1_ASM5429967v1,ftp://ftp.ncbi.nlm.nih.gov/genomes/all/GCA/054/299/675/GCA_054299675.1_ASM5429967v1,Pseudomonas aeruginosa
40889931,SAMN40889931,,18985,blood,Homo sapiens,2023-02-19,"China: Jiangsu, Nanjing",,,,,GCF_054299695.1,Scaffold,ftp://ftp.ncbi.nlm.nih.gov/genomes/all/GCF/054/299/695/GCF_054299695.1_ASM5429969v1,ftp://ftp.ncbi.nlm.nih.gov/genomes/all/GCA/054/299/695/GCA_054299695.1_ASM5429969v1,Pseudomonas aeruginosa
40889930,SAMN40889930,,18612,blood,Homo sapiens,2022-11-28,"China: Jiangsu, Nanjing",,,,,GCF_054299715.1,Scaffold,ftp://ftp.ncbi.nlm.nih.gov/genomes/all/GCF/054/299/715/GCF_054299715.1_ASM5429971v1,ftp://ftp.ncbi.nlm.nih.gov/genomes/all/GCA/054/299/715/GCA_054299715.1_ASM5429971v1,Pseudomonas aeruginosa
40889929,SAMN40889929,,17809,blood,Homo sapiens,2022-07-13,"China: Jiangsu, Nanjing",,,,,GCF_054299735.1,Scaffold,ftp://ftp.ncbi.nlm.nih.gov/genomes/all/GCF/054/299/735/GCF_054299735.1_ASM5429973v1,ftp://ftp.ncbi.nlm.nih.gov/genomes/all/GCA/054/299/735/GCA_054299735.1_ASM5429973v1,Pseudomonas aeruginosa
40889928,SAMN40889928,,17774,blood,Homo sapiens,2022-07-04,"China: Jiangsu, Nanjing",,,,,GCF_054299755.1,Scaffold,ftp://ftp.ncbi.nlm.nih.gov/genomes/all/GCF/054/299/755/GCF_054299755.1_ASM5429975v1,ftp://ftp.ncbi.nlm.nih.gov/genomes/all/GCA/054/299/755/GCA_054299755.1_ASM5429975v1,Pseudomonas aeruginosa
40889927,SAMN40889927,,17767,blood,Homo sapiens,2022-06-30,"China: Jiangsu, Nanjing",,,,,GCF_054299775.1,Scaffold,ftp://ftp.ncbi.nlm.nih.gov/genomes/all/GCF/054/299/775/GCF_054299775.1_ASM5429977v1,ftp://ftp.ncbi.nlm.nih.gov/genomes/all/GCA/054/299/775/GCA_054299775.1_ASM5429977v1,Pseudomonas aeruginosa
40889926,SAMN40889926,,17448,blood,Homo sapiens,2022-05-02,"China: Jiangsu, Nanjing",,,,,GCF_054299795.1,Scaffold,ftp://ftp.ncbi.nlm.nih.gov/genomes/all/GCF/054/299/795/GCF_054299795.1_ASM5429979v1,ftp://ftp.ncbi.nlm.nih.gov/genomes/all/GCA/054/299/795/GCA_054299795.1_ASM5429979v1,Pseudomonas aeruginosa
40889925,SAMN40889925,,16359,blood,Homo sapiens,2021-09-07,"China: Jiangsu, Nanjing",,,,,GCF_054299815.1,Scaffold,ftp://ftp.ncbi.nlm.nih.gov/genomes/all/GCF/054/299/815/GCF_054299815.1_ASM5429981v1,ftp://ftp.ncbi.nlm.nih.gov/genomes/all/GCA/054/299/815/GCA_054299815.1_ASM5429981v1,Pseudomonas aeruginosa
40889924,SAMN40889924,,16194,blood,Homo sapiens,2021-08-06,"China: Jiangsu, Nanjing",,,,,GCF_054299835.1,Scaffold,ftp://ftp.ncbi.nlm.nih.gov/genomes/all/GCF/054/299/835/GCF_054299835.1_ASM5429983v1,ftp://ftp.ncbi.nlm.nih.gov/genomes/all/GCA/054/299/835/GCA_054299835.1_ASM5429983v1,Pseudomonas aeruginosa
40889923,SAMN40889923,,16093,blood,Homo sapiens,2021-07-06,"China: Jiangsu, Nanjing",,,,,GCF_054299855.1,Scaffold,ftp://ftp.ncbi.nlm.nih.gov/genomes/all/GCF/054/299/855/GCF_054299855.1_ASM5429985v1,ftp://ftp.ncbi.nlm.nih.gov/genomes/all/GCA/054/299/855/GCA_054299855.1_ASM5429985v1,Pseudomonas aeruginosa
40889922,SAMN40889922,,15508,blood,Homo sapiens,2021-04-12,"China: Jiangsu, Nanjing",,,,,GCF_054299875.1,Scaffold,ftp://ftp.ncbi.nlm.nih.gov/genomes/all/GCF/054/299/875/GCF_054299875.1_ASM5429987v1,ftp://ftp.ncbi.nlm.nih.gov/genomes/all/GCA/054/299/875/GCA_054299875.1_ASM5429987v1,Pseudomonas aeruginosa
40889921,SAMN40889921,,15232,blood,Homo sapiens,2021-02-27,"China: Jiangsu, Nanjing",,,,,GCF_054299895.1,Scaffold,ftp://ftp.ncbi.nlm.nih.gov/genomes/all/GCF/054/299/895/GCF_054299895.1_ASM5429989v1,ftp://ftp.ncbi.nlm.nih.gov/genomes/all/GCA/054/299/895/GCA_054299895.1_ASM5429989v1,Pseudomonas aeruginosa
40889920,SAMN40889920,,15145,blood,Homo sapiens,2021-02-09,"China: Jiangsu, Nanjing",,,,,GCF_054299915.1,Scaffold,ftp://ftp.ncbi.nlm.nih.gov/genomes/all/GCF/054/299/915/GCF_054299915.1_ASM5429991v1,ftp://ftp.ncbi.nlm.nih.gov/genomes/all/GCA/054/299/915/GCA_054299915.1_ASM5429991v1,Pseudomonas aeruginosa
40889919,SAMN40889919,,14760,blood,Homo sapiens,2020-12-14,"China: Jiangsu, Nanjing",,,,,GCF_054299935.1,Scaffold,ftp://ftp.ncbi.nlm.nih.gov/genomes/all/GCF/054/299/935/GCF_054299935.1_ASM5429993v1,ftp://ftp.ncbi.nlm.nih.gov/genomes/all/GCA/054/299/935/GCA_054299935.1_ASM5429993v1,Pseudomonas aeruginosa
40889918,SAMN40889918,,14700,blood,Homo sapiens,2020-12-05,"China: Jiangsu, Nanjing",,,,,GCF_054299975.1,Scaffold,ftp://ftp.ncbi.nlm.nih.gov/genomes/all/GCF/054/299/975/GCF_054299975.1_ASM5429997v1,ftp://ftp.ncbi.nlm.nih.gov/genomes/all/GCA/054/299/975/GCA_054299975.1_ASM5429997v1,Pseudomonas aeruginosa
40889917,SAMN40889917,,14564,blood,Homo sapiens,2020-11-13,"China: Jiangsu, Nanjing",,,,,GCF_054299955.1,Scaffold,ftp://ftp.ncbi.nlm.nih.gov/genomes/all/GCF/054/299/955/GCF_054299955.1_ASM5429995v1,ftp://ftp.ncbi.nlm.nih.gov/genomes/all/GCA/054/299/955/GCA_054299955.1_ASM5429995v1,Pseudomonas aeruginosa
40889916,SAMN40889916,,14400,blood,Homo sapiens,2020-10-22,"China: Jiangsu, Nanjing",,,,,GCF_054299995.1,Scaffold,ftp://ftp.ncbi.nlm.nih.gov/genomes/all/GCF/054/299/995/GCF_054299995.1_ASM5429999v1,ftp://ftp.ncbi.nlm.nih.gov/genomes/all/GCA/054/299/995/GCA_054299995.1_ASM5429999v1,Pseudomonas aeruginosa
40889915,SAMN40889915,,13910,blood,Homo sapiens,2020-08-18,"China: Jiangsu, Nanjing",,,,,GCF_054300015.1,Scaffold,ftp://ftp.ncbi.nlm.nih.gov/genomes/all/GCF/054/300/015/GCF_054300015.1_ASM5430001v1,ftp://ftp.ncbi.nlm.nih.gov/genomes/all/GCA/054/300/015/GCA_054300015.1_ASM5430001v1,Pseudomonas aeruginosa
40889914,SAMN40889914,,13576,blood,Homo sapiens,2020-06-26,"China: Jiangsu, Nanjing",,,,,GCA_054300035.1,Scaffold,,ftp://ftp.ncbi.nlm.nih.gov/genomes/all/GCA/054/300/035/GCA_054300035.1_ASM5430003v1,Pseudomonas aeruginosa
40889913,SAMN40889913,,13101,blood,Homo sapiens,2020-03-07,"China: Jiangsu, Nanjing",,,,,GCF_054300075.1,Scaffold,ftp://ftp.ncbi.nlm.nih.gov/genomes/all/GCF/054/300/075/GCF_054300075.1_ASM5430007v1,ftp://ftp.ncbi.nlm.nih.gov/genomes/all/GCA/054/300/075/GCA_054300075.1_ASM5430007v1,Pseudomonas aeruginosa
40889912,SAMN40889912,,12253,blood,Homo sapiens,2019-10-21,"China: Jiangsu, Nanjing",,,,,GCF_054300055.1,Scaffold,ftp://ftp.ncbi.nlm.nih.gov/genomes/all/GCF/054/300/055/GCF_054300055.1_ASM5430005v1,ftp://ftp.ncbi.nlm.nih.gov/genomes/all/GCA/054/300/055/GCA_054300055.1_ASM5430005v1,Pseudomonas aeruginosa
40889911,SAMN40889911,,12218,blood,Homo sapiens,2019-10-16,"China: Jiangsu, Nanjing",,,,,GCF_054300095.1,Scaffold,ftp://ftp.ncbi.nlm.nih.gov/genomes/all/GCF/054/300/095/GCF_054300095.1_ASM5430009v1,ftp://ftp.ncbi.nlm.nih.gov/genomes/all/GCA/054/300/095/GCA_054300095.1_ASM5430009v1,Pseudomonas aeruginosa
40889910,SAMN40889910,,11749,blood,Homo sapiens,2019-08-08,"China: Jiangsu, Nanjing",,,,,GCF_054300115.1,Scaffold,ftp://ftp.ncbi.nlm.nih.gov/genomes/all/GCF/054/300/115/GCF_054300115.1_ASM5430011v1,ftp://ftp.ncbi.nlm.nih.gov/genomes/all/GCA/054/300/115/GCA_054300115.1_ASM5430011v1,Pseudomonas aeruginosa
40889909,SAMN40889909,,11638,blood,Homo sapiens,2019-07-22,"China: Jiangsu, Nanjing",,,,,GCF_054300135.1,Scaffold,ftp://ftp.ncbi.nlm.nih.gov/genomes/all/GCF/054/300/135/GCF_054300135.1_ASM5430013v1,ftp://ftp.ncbi.nlm.nih.gov/genomes/all/GCA/054/300/135/GCA_054300135.1_ASM5430013v1,Pseudomonas aeruginosa
40889908,SAMN40889908,,11381,blood,Homo sapiens,2019-06-10,"China: Jiangsu, Nanjing",,,,,GCF_054300155.1,Scaffold,ftp://ftp.ncbi.nlm.nih.gov/genomes/all/GCF/054/300/155/GCF_054300155.1_ASM5430015v1,ftp://ftp.ncbi.nlm.nih.gov/genomes/all/GCA/054/300/155/GCA_054300155.1_ASM5430015v1,Pseudomonas aeruginosa
40889907,SAMN40889907,,10291,blood,Homo sapiens,2019-01-04,"China: Jiangsu, Nanjing",,,,,GCF_054300175.1,Scaffold,ftp://ftp.ncbi.nlm.nih.gov/genomes/all/GCF/054/300/175/GCF_054300175.1_ASM5430017v1,ftp://ftp.ncbi.nlm.nih.gov/genomes/all/GCA/054/300/175/GCA_054300175.1_ASM5430017v1,Pseudomonas aeruginosa
40889906,SAMN40889906,,10041,blood,Homo sapiens,2018-11-26,"China: Jiangsu, Nanjing",,,,,GCF_054300195.1,Scaffold,ftp://ftp.ncbi.nlm.nih.gov/genomes/all/GCF/054/300/195/GCF_054300195.1_ASM5430019v1,ftp://ftp.ncbi.nlm.nih.gov/genomes/all/GCA/054/300/195/GCA_054300195.1_ASM5430019v1,Pseudomonas aeruginosa
40889905,SAMN40889905,,9615,blood,Homo sapiens,2018-09-30,"China: Jiangsu, Nanjing",,,,,GCF_054300215.1,Scaffold,ftp://ftp.ncbi.nlm.nih.gov/genomes/all/GCF/054/300/215/GCF_054300215.1_ASM5430021v1,ftp://ftp.ncbi.nlm.nih.gov/genomes/all/GCA/054/300/215/GCA_054300215.1_ASM5430021v1,Pseudomonas aeruginosa
40889904,SAMN40889904,,9524,blood,Homo sapiens,2018-09-18,"China: Jiangsu, Nanjing",,,,,GCF_054300235.1,Scaffold,ftp://ftp.ncbi.nlm.nih.gov/genomes/all/GCF/054/300/235/GCF_054300235.1_ASM5430023v1,ftp://ftp.ncbi.nlm.nih.gov/genomes/all/GCA/054/300/235/GCA_054300235.1_ASM5430023v1,Pseudomonas aeruginosa
40889903,SAMN40889903,,9137,blood,Homo sapiens,2018-07-25,"China: Jiangsu, Nanjing",,,,,GCF_054300255.1,Scaffold,ftp://ftp.ncbi.nlm.nih.gov/genomes/all/GCF/054/300/255/GCF_054300255.1_ASM5430025v1,ftp://ftp.ncbi.nlm.nih.gov/genomes/all/GCA/054/300/255/GCA_054300255.1_ASM5430025v1,Pseudomonas aeruginosa
40889902,SAMN40889902,,9002,blood,Homo sapiens,2018-07-07,"China: Jiangsu, Nanjing",,,,,GCF_054300275.1,Scaffold,ftp://ftp.ncbi.nlm.nih.gov/genomes/all/GCF/054/300/275/GCF_054300275.1_ASM5430027v1,ftp://ftp.ncbi.nlm.nih.gov/genomes/all/GCA/054/300/275/GCA_054300275.1_ASM5430027v1,Pseudomonas aeruginosa
40889901,SAMN40889901,,8681,blood,Homo sapiens,2018-05-25,"China: Jiangsu, Nanjing",,,,,GCF_054300295.1,Scaffold,ftp://ftp.ncbi.nlm.nih.gov/genomes/all/GCF/054/300/295/GCF_054300295.1_ASM5430029v1,ftp://ftp.ncbi.nlm.nih.gov/genomes/all/GCA/054/300/295/GCA_054300295.1_ASM5430029v1,Pseudomonas aeruginosa
40889900,SAMN40889900,,7409,blood,Homo sapiens,2017-09-27,"China: Jiangsu, Nanjing",,,,,GCF_054300315.1,Scaffold,ftp://ftp.ncbi.nlm.nih.gov/genomes/all/GCF/054/300/315/GCF_054300315.1_ASM5430031v1,ftp://ftp.ncbi.nlm.nih.gov/genomes/all/GCA/054/300/315/GCA_054300315.1_ASM5430031v1,Pseudomonas aeruginosa
40889899,SAMN40889899,,7339,blood,Homo sapiens,2017-09-14,"China: Jiangsu, Nanjing",,,,,GCF_054300335.1,Scaffold,ftp://ftp.ncbi.nlm.nih.gov/genomes/all/GCF/054/300/335/GCF_054300335.1_ASM5430033v1,ftp://ftp.ncbi.nlm.nih.gov/genomes/all/GCA/054/300/335/GCA_054300335.1_ASM5430033v1,Pseudomonas aeruginosa
40889898,SAMN40889898,,7318,blood,Homo sapiens,2017-09-08,"China: Jiangsu, Nanjing",,,,,GCF_054300355.1,Scaffold,ftp://ftp.ncbi.nlm.nih.gov/genomes/all/GCF/054/300/355/GCF_054300355.1_ASM5430035v1,ftp://ftp.ncbi.nlm.nih.gov/genomes/all/GCA/054/300/355/GCA_054300355.1_ASM5430035v1,Pseudomonas aeruginosa
40889897,SAMN40889897,,7166,blood,Homo sapiens,2017-08-08,"China: Jiangsu, Nanjing",,,,,GCF_054300375.1,Scaffold,ftp://ftp.ncbi.nlm.nih.gov/genomes/all/GCF/054/300/375/GCF_054300375.1_ASM5430037v1,ftp://ftp.ncbi.nlm.nih.gov/genomes/all/GCA/054/300/375/GCA_054300375.1_ASM5430037v1,Pseudomonas aeruginosa
40889896,SAMN40889896,,7106,blood,Homo sapiens,2017-07-26,"China: Jiangsu, Nanjing",,,,,GCF_054300395.1,Scaffold,ftp://ftp.ncbi.nlm.nih.gov/genomes/all/GCF/054/300/395/GCF_054300395.1_ASM5430039v1,ftp://ftp.ncbi.nlm.nih.gov/genomes/all/GCA/054/300/395/GCA_054300395.1_ASM5430039v1,Pseudomonas aeruginosa
40889895,SAMN40889895,,6868,blood,Homo sapiens,2017-05-21,"China: Jiangsu, Nanjing",,,,,GCF_054300415.1,Scaffold,ftp://ftp.ncbi.nlm.nih.gov/genomes/all/GCF/054/300/415/GCF_054300415.1_ASM5430041v1,ftp://ftp.ncbi.nlm.nih.gov/genomes/all/GCA/054/300/415/GCA_054300415.1_ASM5430041v1,Pseudomonas aeruginosa
40889894,SAMN40889894,,6650,blood,Homo sapiens,2017-03-28,"China: Jiangsu, Nanjing",,,,,GCA_054300435.1,Scaffold,,ftp://ftp.ncbi.nlm.nih.gov/genomes/all/GCA/054/300/435/GCA_054300435.1_ASM5430043v1,Pseudomonas aeruginosa
40889893,SAMN40889893,,6012,blood,Homo sapiens,2016-10-12,"China: Jiangsu, Nanjing",,,,,GCF_054300455.1,Scaffold,ftp://ftp.ncbi.nlm.nih.gov/genomes/all/GCF/054/300/455/GCF_054300455.1_ASM5430045v1,ftp://ftp.ncbi.nlm.nih.gov/genomes/all/GCA/054/300/455/GCA_054300455.1_ASM5430045v1,Pseudomonas aeruginosa
40889892,SAMN40889892,,5563,blood,Homo sapiens,2016-07-03,"China: Jiangsu, Nanjing",,,,,GCF_054300475.1,Scaffold,ftp://ftp.ncbi.nlm.nih.gov/genomes/all/GCF/054/300/475/GCF_054300475.1_ASM5430047v1,ftp://ftp.ncbi.nlm.nih.gov/genomes/all/GCA/054/300/475/GCA_054300475.1_ASM5430047v1,Pseudomonas aeruginosa
40889891,SAMN40889891,,5454,blood,Homo sapiens,2016-05-17,"China: Jiangsu, Nanjing",,,,,GCF_054300515.1,Scaffold,ftp://ftp.ncbi.nlm.nih.gov/genomes/all/GCF/054/300/515/GCF_054300515.1_ASM5430051v1,ftp://ftp.ncbi.nlm.nih.gov/genomes/all/GCA/054/300/515/GCA_054300515.1_ASM5430051v1,Pseudomonas aeruginosa
40889890,SAMN40889890,,5241,blood,Homo sapiens,2016-03-16,"China: Jiangsu, Nanjing",,,,,GCF_054300495.1,Scaffold,ftp://ftp.ncbi.nlm.nih.gov/genomes/all/GCF/054/300/495/GCF_054300495.1_ASM5430049v1,ftp://ftp.ncbi.nlm.nih.gov/genomes/all/GCA/054/300/495/GCA_054300495.1_ASM5430049v1,Pseudomonas aeruginosa
40889889,SAMN40889889,,4996,blood,Homo sapiens,2016-01-04,"China: Jiangsu, Nanjing",,,,,GCF_054300535.1,Scaffold,ftp://ftp.ncbi.nlm.nih.gov/genomes/all/GCF/054/300/535/GCF_054300535.1_ASM5430053v1,ftp://ftp.ncbi.nlm.nih.gov/genomes/all/GCA/054/300/535/GCA_054300535.1_ASM5430053v1,Pseudomonas aeruginosa
40889888,SAMN40889888,,4591,blood,Homo sapiens,2015-10-09,"China: Jiangsu, Nanjing",,,,,GCF_054300555.1,Scaffold,ftp://ftp.ncbi.nlm.nih.gov/genomes/all/GCF/054/300/555/GCF_054300555.1_ASM5430055v1,ftp://ftp.ncbi.nlm.nih.gov/genomes/all/GCA/054/300/555/GCA_054300555.1_ASM5430055v1,Pseudomonas aeruginosa
40889887,SAMN40889887,,4087,blood,Homo sapiens,2015-07-02,"China: Jiangsu, Nanjing",,,,,GCF_054301115.1,Scaffold,ftp://ftp.ncbi.nlm.nih.gov/genomes/all/GCF/054/301/115/GCF_054301115.1_ASM5430111v1,ftp://ftp.ncbi.nlm.nih.gov/genomes/all/GCA/054/301/115/GCA_054301115.1_ASM5430111v1,Pseudomonas aeruginosa
40889886,SAMN40889886,,3567,blood,Homo sapiens,2015-02-16,"China: Jiangsu, Nanjing",,,,,GCF_054300575.1,Scaffold,ftp://ftp.ncbi.nlm.nih.gov/genomes/all/GCF/054/300/575/GCF_054300575.1_ASM5430057v1,ftp://ftp.ncbi.nlm.nih.gov/genomes/all/GCA/054/300/575/GCA_054300575.1_ASM5430057v1,Pseudomonas aeruginosa
40889885,SAMN40889885,,3206,blood,Homo sapiens,2014-10-07,"China: Jiangsu, Nanjing",,,,,GCF_054301135.1,Scaffold,ftp://ftp.ncbi.nlm.nih.gov/genomes/all/GCF/054/301/135/GCF_054301135.1_ASM5430113v1,ftp://ftp.ncbi.nlm.nih.gov/genomes/all/GCA/054/301/135/GCA_054301135.1_ASM5430113v1,Pseudomonas aeruginosa
40889884,SAMN40889884,,3077,blood,Homo sapiens,2014-08-18,"China: Jiangsu, Nanjing",,,,,GCF_054301155.1,Scaffold,ftp://ftp.ncbi.nlm.nih.gov/genomes/all/GCF/054/301/155/GCF_054301155.1_ASM5430115v1,ftp://ftp.ncbi.nlm.nih.gov/genomes/all/GCA/054/301/155/GCA_054301155.1_ASM5430115v1,Pseudomonas aeruginosa
40889883,SAMN40889883,,2745,blood,Homo sapiens,2014-05-19,"China: Jiangsu, Nanjing",,,,,GCF_054301175.1,Scaffold,ftp://ftp.ncbi.nlm.nih.gov/genomes/all/GCF/054/301/175/GCF_054301175.1_ASM5430117v1,ftp://ftp.ncbi.nlm.nih.gov/genomes/all/GCA/054/301/175/GCA_054301175.1_ASM5430117v1,Pseudomonas aeruginosa
10793678,SAMN10793678,,,,,,,,,,,,,,,Pseudomonas aeruginosa
10793677,SAMN10793677,,,,,,,,,,,,,,,Pseudomonas aeruginosa
10793676,SAMN10793676,,,,,,,,,,,,,,,Pseudomonas aeruginosa
10793675,SAMN10793675,,,,,,,,,,,,,,,Pseudomonas aeruginosa
10793674,SAMN10793674,,,,,,,,,,,,,,,Pseudomonas aeruginosa
54414983,SAMN54414983,,2026HL-00978,kidney,Homo sapiens,2025,USA,,,,,GCA_054266595.1,Contig,,ftp://ftp.ncbi.nlm.nih.gov/genomes/all/GCA/054/266/595/GCA_054266595.1_PDT003043135.1,Pseudomonas aeruginosa
54430929,SAMEA120863003,,,,,,,,,,,,,,,Pseudomonas aeruginosa
54430921,SAMEA120862907,,,,,,,,,,,,,,,Pseudomonas aeruginosa
54430758,SAMEA120862923,,,,,,,,,,,,,,,Pseudomonas aeruginosa
54430564,SAMEA120862926,,,,,,,,,,,,,,,Pseudomonas aeruginosa
54430373,SAMEA120862896,,,,,,,,,,,,,,,Pseudomonas aeruginosa
54430297,SAMEA120862904,,,,,,,,,,,,,,,Pseudomonas aeruginosa
54430217,SAMEA120862931,,,,,,,,,,,,,,,Pseudomonas aeruginosa
54429900,SAMEA120862919,,,,,,,,,,,,,,,Pseudomonas aeruginosa
54429737,SAMEA120862893,,,,,,,,,,,,,,,Pseudomonas aeruginosa
54429439,SAMEA120862925,,,,,,,,,,,,,,,Pseudomonas aeruginosa
54429265,SAMEA120862898,,,,,,,,,,,,,,,Pseudomonas aeruginosa
54429177,SAMEA120862918,,,,,,,,,,,,,,,Pseudomonas aeruginosa
54429124,SAMEA120862906,,,,,,,,,,,,,,,Pseudomonas aeruginosa
54428437,SAMEA120862932,,,,,,,,,,,,,,,Pseudomonas aeruginosa
54428300,SAMEA120862917,,,,,,,,,,,,,,,Pseudomonas aeruginosa
54427986,SAMEA120862924,,,,,,,,,,,,,,,Pseudomonas aeruginosa
54427799,SAMEA120862911,,,,,,,,,,,,,,,Pseudomonas aeruginosa
54427604,SAMEA120862920,,,,,,,,,,,,,,,Pseudomonas aeruginosa
54427557,SAMEA120862900,,,,,,,,,,,,,,,Pseudomonas aeruginosa
54427332,SAMEA120862929,,,,,,,,,,,,,,,Pseudomonas aeruginosa
54427026,SAMEA120862903,,,,,,,,,,,,,,,Pseudomonas aeruginosa
54426989,SAMEA120862930,,,,,,,,,,,,,,,Pseudomonas aeruginosa
54426740,SAMEA120862922,,,,,,,,,,,,,,,Pseudomonas aeruginosa
54426683,SAMEA120862901,,,,,,,,,,,,,,,Pseudomonas aeruginosa
54426558,SAMEA120862909,,,,,,,,,,,,,,,Pseudomonas aeruginosa
54426520,SAMEA120862902,,,,,,,,,,,,,,,Pseudomonas aeruginosa
54426478,SAMEA120863005,,,,,,,,,,,,,,,Pseudomonas aeruginosa
54426219,SAMEA120862910,,,,,,,,,,,,,,,Pseudomonas aeruginosa
54426203,SAMEA120862921,,,,,,,,,,,,,,,Pseudomonas aeruginosa
54426103,SAMEA120862913,,,,,,,,,,,,,,,Pseudomonas aeruginosa
54426018,SAMEA120862915,,,,,,,,,,,,,,,Pseudomonas aeruginosa
54425763,SAMEA120862912,,,,,,,,,,,,,,,Pseudomonas aeruginosa
54425671,SAMEA120862905,,,,,,,,,,,,,,,Pseudomonas aeruginosa
54425479,SAMEA120862927,,,,,,,,,,,,,,,Pseudomonas aeruginosa
54425226,SAMEA120862899,,,,,,,,,,,,,,,Pseudomonas aeruginosa
54425129,SAMEA120862894,,,,,,,,,,,,,,,Pseudomonas aeruginosa
54424835,SAMEA120862908,,,,,,,,,,,,,,,Pseudomonas aeruginosa
54424446,SAMEA120862928,,,,,,,,,,,,,,,Pseudomonas aeruginosa
54424190,SAMEA120862916,,,,,,,,,,,,,,,Pseudomonas aeruginosa
54424106,SAMEA120862897,,,,,,,,,,,,,,,Pseudomonas aeruginosa
54423792,SAMEA120862914,,,,,,,,,,,,,,,Pseudomonas aeruginosa
54389621,SAMN54389621,,,Wound swab,Homo sapiens,2025-09-20,Iraq,,,,,,,,,Pseudomonas aeruginosa
52399028,SAMN52399028,,UCBPP-PA14,burn wound,Homo sapiens,not applicable,not applicable,,,,,,,,,Pseudomonas aeruginosa
52399027,SAMN52399027,,UCBPP-PA14,burn wound,Homo sapiens,not applicable,not applicable,,,,,,,,,Pseudomonas aeruginosa
52399026,SAMN52399026,,UCBPP-PA14,burn wound,Homo sapiens,not applicable,not applicable,,,,,,,,,Pseudomonas aeruginosa
52399025,SAMN52399025,,UCBPP-PA14,burn wound,Homo sapiens,not applicable,not applicable,,,,,,,,,Pseudomonas aeruginosa
52399024,SAMN52399024,,UCBPP-PA14,burn wound,Homo sapiens,not applicable,not applicable,,,,,,,,,Pseudomonas aeruginosa
52399023,SAMN52399023,,UCBPP-PA14,burn wound,Homo sapiens,not applicable,not applicable,,,,,,,,,Pseudomonas aeruginosa
52399022,SAMN52399022,,UCBPP-PA14,burn wound,Homo sapiens,not applicable,not applicable,,,,,,,,,Pseudomonas aeruginosa
52399021,SAMN52399021,,UCBPP-PA14,burn wound,Homo sapiens,not applicable,not applicable,,,,,,,,,Pseudomonas aeruginosa
48025158,SAMN48025158,,,soil,,2024-11-13,China,,,,,,,,,Pseudomonas aeruginosa
45903079,SAMN45903079,,PM136,Wound Pus,Homo sapiens,2023-06-30,Ethiopia: Yekatit 12 Hospital Medical collage,,,,,,,,,Pseudomonas aeruginosa
45903078,SAMN45903078,,PM133,Wound Pus,Homo sapiens,2023-06-30,Ethiopia: Yekatit 12 Hospital Medical collage,,,,,,,,,Pseudomonas aeruginosa
45903077,SAMN45903077,,PM120,blood,Homo sapiens,2023-06-30,Ethiopia: Tikur Anbessa Specialized Hospital,,,,,,,,,Pseudomonas aeruginosa
45903076,SAMN45903076,,PM115,blood,Homo sapiens,2023-06-30,Ethiopia: Tikur Anbessa Specialized Hospital,,,,,,,,,Pseudomonas aeruginosa
45903075,SAMN45903075,,PM114,urine,Homo sapiens,2023-06-30,Ethiopia: Tikur Anbessa Specialized Hospital,,,,,,,,,Pseudomonas aeruginosa
45903074,SAMN45903074,,PM111,urine,Homo sapiens,2023-06-30,Ethiopia: Tikur Anbessa Specialized Hospital,,,,,,,,,Pseudomonas aeruginosa
45903073,SAMN45903073,,PM108,urine,Homo sapiens,2023-06-30,Ethiopia: Tikur Anbessa Specialized Hospital,,,,,,,,,Pseudomonas aeruginosa
54876027,SAMN54876027,,FSIS22619863,chicken carcass,,2026,USA:NY,,,,,,,,,Salmonella enterica
54876026,SAMN54876026,,FSIS22619864,chicken carcass,,2026,USA:MI,,,,,,,,,Salmonella enterica
54876025,SAMN54876025,,FSIS22619858,raw intact chicken,,2026,USA:PA,,,,,,,,,Salmonella enterica
54876024,SAMN54876024,,FSIS22619855,animal-cattle-dairy cow,,2026,USA:ID,,,,,,,,,Salmonella enterica
54876023,SAMN54876023,,FSIS22619856,raw intact chicken,,2026,USA:NY,,,,,,,,,Salmonella enterica
54876022,SAMN54876022,,FSIS22619859,comminuted chicken,,2026,USA:CA,,,,,,,,,Salmonella enterica
54876021,SAMN54876021,,FSIS22619851,raw intact chicken,,2026,USA:SC,,,,,,,,,Salmonella enterica
54876020,SAMN54876020,,FSIS22619850,raw intact chicken,,2026,USA:AR,,,,,,,,,Salmonella enterica
54876019,SAMN54876019,,FSIS22619848,comminuted chicken,,2026,USA:SC,,,,,,,,,Salmonella enterica
54876018,SAMN54876018,,FSIS22619847,comminuted chicken,,2026,USA:KS,,,,,,,,,Salmonella enterica
54876017,SAMN54876017,,FSIS22619845,raw intact chicken,,2026,USA:NC,,,,,,,,,Salmonella enterica
54876016,SAMN54876016,,FSIS22619844,Comminuted Turkey,,2026,USA:IN,,,,,,,,,Salmonella enterica
54875973,SAMN54875973,,FSIS22619841,Nonintact Chicken,,2026,USA:MI,,,,,,,,,Salmonella enterica
54875972,SAMN54875972,,FSIS22619842,raw intact chicken,,2026,USA:NY,,,,,,,,,Salmonella enterica
54875960,SAMN54875960,,FSIS22619839,raw intact chicken,,2026,USA:CA,,,,,,,,,Salmonella enterica
54875959,SAMN54875959,,FSIS22619838,"Product-Raw-Ground, Comminuted or Otherwise Nonintact-Pork",,2026,USA:IL,,,,,,,,,Salmonella enterica
54875864,SAMN54875864,,FSIS22619814,comminuted chicken,,2026,USA:NC,,,,,,,,,Salmonella enterica
54875780,SAMN54875780,,FSIS22619812,raw intact chicken,,2026,USA:VA,,,,,,,,,Salmonella enterica
54875779,SAMN54875779,,FSIS22619808,"Product-Raw-Ground, Comminuted or Otherwise Nonintact-Pork",,2026,USA:MO,,,,,,,,,Salmonella enterica
54875778,SAMN54875778,,FSIS22619809,raw intact chicken,,2026,USA:NY,,,,,,,,,Salmonella enterica
54875777,SAMN54875777,,FSIS22619811,chicken - young chicken carcass rinse (post-chill),,2026,USA:NY,,,,,,,,,Salmonella enterica
54875747,SAMN54875747,,FSIS22619805,animal-cattle-dairy cow,,2026,USA:ID,,,,,,,,,Salmonella enterica
54875746,SAMN54875746,,FSIS22619806,animal-cattle-steer,,2026,USA:MI,,,,,,,,,Salmonella enterica
54875676,SAMN54875676,,FSIS22619860,comminuted beef,,2026,USA:NE,,,,,,,,,Salmonella enterica
54875675,SAMN54875675,,FSIS22619857,Nonintact Chicken,,2026,USA:MI,,,,,,,,,Salmonella enterica
54875674,SAMN54875674,,FSIS22619853,comminuted chicken,,2026,USA:NE,,,,,,,,,Salmonella enterica
54875672,SAMN54875672,,FSIS22619846,raw intact chicken,,2026,USA:CA,,,,,,,,,Salmonella enterica
54875671,SAMN54875671,,FSIS22619843,comminuted chicken,,2026,USA:KS,,,,,,,,,Salmonella enterica
54875670,SAMN54875670,,FSIS22619840,raw intact chicken,,2026,USA:AR,,,,,,,,,Salmonella enterica
54875665,SAMN54875665,,FSIS22619813,comminuted chicken,,2026,USA:DE,,,,,,,,,Salmonella enterica
54875664,SAMN54875664,,FSIS22619810,Nonintact Chicken,,2026,USA:MS,,,,,,,,,Salmonella enterica
54875663,SAMN54875663,,FSIS22619807,"Product-Raw-Ground, Comminuted or Otherwise Nonintact-Pork",,2026,USA:CA,,,,,,,,,Salmonella enterica
54875662,SAMN54875662,,FSIS22619803,Comminuted Turkey,,2026,USA:UT,,,,,,,,,Salmonella enterica
54875655,SAMN54875655,,FSIS22619862,raw intact chicken,,2026,USA:CA,,,,,,,,,Salmonella enterica
54875462,SAMN54875462,,FSIS22619854,comminuted chicken,,2026,USA:WA,,,,,,,,,Salmonella enterica
54875255,SAMN54875255,,PNUSAS562001,missing,,2026,USA,,,,,,,,,Salmonella enterica
54875253,SAMN54875253,,PNUSAS562003,missing,,2026,USA,,,,,,,,,Salmonella enterica
54875252,SAMN54875252,,PNUSAS562002,missing,,2026,USA,,,,,,,,,Salmonella enterica
54875026,SAMN54875026,,FSIS12642697,comminuted beef,,2026,USA:TX,,,,,,,,,Salmonella enterica
54875025,SAMN54875025,,FSIS12642696,comminuted beef,,2026,USA:TX,,,,,,,,,Salmonella enterica
54875023,SAMN54875023,,PNUSAS561999,missing,,2026,USA,,,,,,,,,Salmonella enterica
54875021,SAMN54875021,,FSIS12642695,comminuted beef,,2026,USA:TX,,,,,,,,,Salmonella enterica
54875020,SAMN54875020,,FSIS12642698,comminuted beef,,2026,USA:TX,,,,,,,,,Salmonella enterica
54875018,SAMN54875018,,PNUSAS561998,missing,,2026,USA,,,,,,,,,Salmonella enterica
54874633,SAMN54874633,,FSIS12642694,comminuted beef,,2026,USA:TX,,,,,,,,,Salmonella enterica
54874632,SAMN54874632,,FSIS12642693,comminuted beef,,2026,USA:TX,,,,,,,,,Salmonella enterica
54874630,SAMN54874630,,PNUSAS562000,missing,,2026,USA,,,,,,,,,Salmonella enterica
54874629,SAMN54874629,,PNUSAS561996,missing,,2026,USA,,,,,,,,,Salmonella enterica
54874623,SAMN54874623,,PNUSAS561997,missing,,2026,USA,,,,,,,,,Salmonella enterica
54874622,SAMN54874622,,PNUSAS561995,missing,,2025,USA,,,,,,,,,Salmonella enterica
54874487,SAMN54874487,,FSIS12642690,comminuted beef,,2026,USA:WA,,,,,,,,,Salmonella enterica
54874486,SAMN54874486,,FSIS12642688,comminuted beef,,2026,USA:WA,,,,,,,,,Salmonella enterica
54874238,SAMN54874238,,FSIS12642686,comminuted beef,,2026,USA:WA,,,,,,,,,Salmonella enterica
54874237,SAMN54874237,,FSIS12642678,raw intact chicken,,2026,USA:CA,,,,,,,,,Salmonella enterica
54874234,SAMN54874234,,FSIS12642679,raw intact chicken,,2026,USA:PR,,,,,,,,,Salmonella enterica
54874233,SAMN54874233,,FSIS12642677,comminuted chicken,,2026,USA:IL,,,,,,,,,Salmonella enterica
54874230,SAMN54874230,,FSIS12642676,comminuted chicken,,2026,USA:CO,,,,,,,,,Salmonella enterica
54874229,SAMN54874229,,FSIS12642675,chicken - young chicken carcass rinse (post-chill),,2026,USA:KY,,,,,,,,,Salmonella enterica
54874228,SAMN54874228,,FSIS12642689,comminuted beef,,2026,USA:WA,,,,,,,,,Salmonella enterica
54874227,SAMN54874227,,FSIS12642687,comminuted beef,,2026,USA:WA,,,,,,,,,Salmonella enterica
54874192,SAMN54874192,,FSIS12642685,comminuted beef,,2026,USA:WA,,,,,,,,,Salmonella enterica
54874191,SAMN54874191,,FSIS12642625,Animal-Cattle-Heifer (cecal),,2026,USA:PA,,,,,,,,,Salmonella enterica
54874190,SAMN54874190,,PNUSAS561979,missing,,2025,USA,,,,,,,,,Salmonella enterica
54874188,SAMN54874188,,FSIS12642624,Animal-Chicken-Young Chicken (cecal),,2026,USA:TX,,,,,,,,,Salmonella enterica
54874187,SAMN54874187,,FSIS12642623,Animal-Swine-Sow (cecal),,2026,USA:VA,,,,,,,,,Salmonella enterica
54874186,SAMN54874186,,PNUSAS561977,missing,,2025,USA,,,,,,,,,Salmonella enterica
54874185,SAMN54874185,,PNUSAS561980,missing,,2025,USA,,,,,,,,,Salmonella enterica
54874184,SAMN54874184,,PNUSAS561978,missing,,2025,USA,,,,,,,,,Salmonella enterica
54874183,SAMN54874183,,PNUSAS561993,missing,,2026,USA,,,,,,,,,Salmonella enterica
54874181,SAMN54874181,,PNUSAS561994,missing,,2026,USA,,,,,,,,,Salmonella enterica
54874157,SAMN54874157,,FSIS12642622,Animal-Swine-Market Swine (cecal),,2026,USA:MN,,,,,,,,,Salmonella enterica
54874156,SAMN54874156,,PNUSAS561991,missing,,2026,USA,,,,,,,,,Salmonella enterica
54874137,SAMN54874137,,PNUSAS561989,missing,,2026,USA,,,,,,,,,Salmonella enterica
54874136,SAMN54874136,,PNUSAS561988,missing,,2025,USA,,,,,,,,,Salmonella enterica
54874135,SAMN54874135,,PNUSAS561992,missing,,2026,USA,,,,,,,,,Salmonella enterica
54874134,SAMN54874134,,PNUSAS561987,missing,,2025,USA,,,,,,,,,Salmonella enterica
54874133,SAMN54874133,,PNUSAS561990,missing,,2026,USA,,,,,,,,,Salmonella enterica
54873422,SAMN54873422,,PNUSAS561976,missing,,2025,USA,,,,,,,,,Salmonella enterica
54873421,SAMN54873421,,PNUSAS561986,missing,,2026,USA,,,,,,,,,Salmonella enterica
54873420,SAMN54873420,,PNUSAS561975,missing,,2025,USA,,,,,,,,,Salmonella enterica
54873403,SAMN54873403,,FSIS12642684,comminuted beef,,2026,USA:WA,,,,,,,,,Salmonella enterica
54873402,SAMN54873402,,PNUSAS561984,missing,,2026,USA,,,,,,,,,Salmonella enterica
54873401,SAMN54873401,,PNUSAS561983,missing,,2026,USA,,,,,,,,,Salmonella enterica
54873400,SAMN54873400,,PNUSAS561985,missing,,2026,USA,,,,,,,,,Salmonella enterica
54873390,SAMN54873390,,FSIS12642683,"Product-Raw-Ground, Comminuted or Otherwise Nonintact-Pork",,2026,USA:IA,,,,,,,,,Salmonella enterica
54873389,SAMN54873389,,FSIS12642682,Product-Raw-Intact-Pork,,2026,USA:IL,,,,,,,,,Salmonella enterica
54873386,SAMN54873386,,FSIS12642681,"Product-Raw-Ground, Comminuted or Otherwise Nonintact-Pork",,2026,USA:IL,,,,,,,,,Salmonella enterica
54873385,SAMN54873385,,FSIS12642680,comminuted beef,,2026,USA:TX,,,,,,,,,Salmonella enterica
54873384,SAMN54873384,,PNUSAS561982,missing,,2026,USA,,,,,,,,,Salmonella enterica
54872886,SAMN54872886,,PNUSAS561973,missing,,2025,USA,,,,,,,,,Salmonella enterica
54872885,SAMN54872885,,PNUSAS561981,Missing,,2026,USA,,,,,,,,,Salmonella enterica
54872866,SAMN54872866,,PNUSAS561970,missing,,2026,USA,,,,,,,,,Salmonella enterica
54872865,SAMN54872865,,PNUSAS561974,missing,,2026,USA,,,,,,,,,Salmonella enterica
54872864,SAMN54872864,,PNUSAS561972,missing,,2026,USA,,,,,,,,,Salmonella enterica
54872810,SAMN54872810,,PNUSAS561968,missing,,2026,USA,,,,,,,,,Salmonella enterica
54872797,SAMN54872797,,PNUSAS561969,missing,,2026,USA,,,,,,,,,Salmonella enterica
54872796,SAMN54872796,,PNUSAS561967,missing,,2026,USA,,,,,,,,,Salmonella enterica
54872795,SAMN54872795,,PNUSAS561966,missing,,2026,USA,,,,,,,,,Salmonella enterica
54872794,SAMN54872794,,PNUSAS561971,missing,,2026,USA,,,,,,,,,Salmonella enterica
54872793,SAMN54872793,,PNUSAS561965,missing,,2026,USA,,,,,,,,,Salmonella enterica
54872792,SAMN54872792,,PNUSAS561347,wound,,2026-01-09,USA,,,,,,,,,Salmonella enterica
54872789,SAMN54872789,,PNUSAS561349,stool,,2026-01-11,USA,,,,,,,,,Salmonella enterica
54872788,SAMN54872788,,PNUSAS561956,stool,,2026-01-14,USA,,,,,,,,,Salmonella enterica
54872783,SAMN54872783,,PNUSAS561964,missing,,2026,USA,,,,,,,,,Salmonella enterica
54872782,SAMN54872782,,PNUSAS561953,missing,,2026,USA,,,,,,,,,Salmonella enterica
54872775,SAMN54872775,,PNUSAS561348,stool,,2026-01-07,USA,,,,,,,,,Salmonella enterica
54872774,SAMN54872774,,PNUSAS561963,missing,,2026,USA,,,,,,,,,Salmonella enterica
54872773,SAMN54872773,,PNUSAS561955,stool,,2026-01-14,USA,,,,,,,,,Salmonella enterica
54872772,SAMN54872772,,PNUSAS561351,stool,,2026-01-09,USA,,,,,,,,,Salmonella enterica
54872771,SAMN54872771,,PNUSAS561957,stool,,2026-01-14,USA,,,,,,,,,Salmonella enterica
54872770,SAMN54872770,,PNUSAS561350,stool,,2026-01-11,USA,,,,,,,,,Salmonella enterica
54872769,SAMN54872769,,PNUSAS561961,missing,,2026,USA,,,,,,,,,Salmonella enterica
54872760,SAMN54872760,,PNUSAS561962,missing,,2026,USA,,,,,,,,,Salmonella enterica
54872759,SAMN54872759,,PNUSAS561958,missing,,2026,USA,,,,,,,,,Salmonella enterica
54872758,SAMN54872758,,PNUSAS561951,missing,,2026,USA,,,,,,,,,Salmonella enterica
54872757,SAMN54872757,,PNUSAS561960,missing,,2026,USA,,,,,,,,,Salmonella enterica
54872694,SAMN54872694,,PNUSAS561959,missing,,2026,USA,,,,,,,,,Salmonella enterica
54872692,SAMN54872692,,PNUSAS561950,missing,,2026,USA,,,,,,,,,Salmonella enterica
54872691,SAMN54872691,,PNUSAS561949,missing,,2026,USA,,,,,,,,,Salmonella enterica
54872597,SAMN54872597,,PNUSAS561952,missing,,2026,USA,,,,,,,,,Salmonella enterica
54872577,SAMN54872577,,PNUSAS561954,missing,,2026,USA,,,,,,,,,Salmonella enterica
54872576,SAMN54872576,,PNUSAS561948,missing,,2026,USA,,,,,,,,,Salmonella enterica
54872247,SAMN54872247,,PNUSAS561942,blood,,2026,USA,,,,,,,,,Salmonella enterica
54872246,SAMN54872246,,PNUSAS561947,missing,,2026,USA,,,,,,,,,Salmonella enterica
54872243,SAMN54872243,,PNUSAS561944,stool,,2026,USA,,,,,,,,,Salmonella enterica
54872242,SAMN54872242,,PNUSAS561945,missing,,2026,USA,,,,,,,,,Salmonella enterica
54872199,SAMN54872199,,PNUSAS561946,missing,,2026,USA,,,,,,,,,Salmonella enterica
54872198,SAMN54872198,,PNUSAS561941,stool,,2026,USA,,,,,,,,,Salmonella enterica
54872196,SAMN54872196,,PNUSAS561943,stool,,2026,USA,,,,,,,,,Salmonella enterica
54872195,SAMN54872195,,PNUSAS561940,stool,,2026,USA,,,,,,,,,Salmonella enterica
54872193,SAMN54872193,,PNUSAS561939,urine,,2026,USA,,,,,,,,,Salmonella enterica
54871590,SAMN54871590,,PNUSAS561920,missing,,2025,USA,,,,,,,,,Salmonella enterica
54871405,SAMN54871405,,FSIS12642639,"Product-Raw-Ground, Comminuted or Otherwise Nonintact-Pork",,2026,USA:TN,,,,,,,,,Salmonella enterica
54871335,SAMN54871335,,FSIS12642599,"Product-Raw-Ground, Comminuted or Otherwise Nonintact-Pork",,2026,USA:GA,,,,,,,,,Salmonella enterica
54871334,SAMN54871334,,FSIS12642598,comminuted chicken,,2026,USA:NY,,,,,,,,,Salmonella enterica
54871280,SAMN54871280,,FSIS12642619,Animal-Swine-Sow (cecal),,2026,USA:AL,,,,,,,,,Salmonella enterica
54871279,SAMN54871279,,FSIS12642576,"Product-Raw-Ground, Comminuted or Otherwise Nonintact-Pork",,2026,USA:NC,,,,,,,,,Salmonella enterica
54871276,SAMN54871276,,PNUSAS561905,missing,,2025,USA,,,,,,,,,Salmonella enterica
54871216,SAMN54871216,,PNUSAS561918,missing,,2026,USA,,,,,,,,,Salmonella enterica
54871215,SAMN54871215,,PNUSAS561914,missing,,2026,USA,,,,,,,,,Salmonella enterica
54871193,SAMN54871193,,FSIS12642620,Animal-Swine-Sow (cecal),,2026,USA:KY,,,,,,,,,Salmonella enterica
54871192,SAMN54871192,,FSIS12642616,Animal-Chicken-Young Chicken (cecal),,2026,USA:GA,,,,,,,,,Salmonella enterica
54871191,SAMN54871191,,FSIS12642596,comminuted chicken,,2026,USA:FL,,,,,,,,,Salmonella enterica
54871187,SAMN54871187,,FSIS12642617,Animal-Chicken-Young Chicken (cecal),,2025,USA:VA,,,,,,,,,Salmonella enterica
54871186,SAMN54871186,,FSIS12642572,raw intact chicken,,2026,USA:KY,,,,,,,,,Salmonella enterica
54871185,SAMN54871185,,FSIS12642573,raw intact chicken,,2026,USA:GA,,,,,,,,,Salmonella enterica
54871158,SAMN54871158,,PNUSAS561906,missing,,2025,USA,,,,,,,,,Salmonella enterica
54871157,SAMN54871157,,PNUSAS561903,missing,,2026,USA,,,,,,,,,Salmonella enterica
54871156,SAMN54871156,,PNUSAS561902,missing,,2025,USA,,,,,,,,,Salmonella enterica
54871155,SAMN54871155,,PNUSAS561916,missing,,2026,USA,,,,,,,,,Salmonella enterica
54871151,SAMN54871151,,FSIS12642621,Animal-Chicken-Young Chicken (cecal),,2026,USA:GA,,,,,,,,,Salmonella enterica
54871150,SAMN54871150,,FSIS12642618,Animal-Swine-Market Swine (cecal),,2026,USA:TN,,,,,,,,,Salmonella enterica
54871149,SAMN54871149,,FSIS12642615,Animal-Chicken-Young Chicken (cecal),,2025,USA:AR,,,,,,,,,Salmonella enterica
54871148,SAMN54871148,,FSIS12642597,raw intact chicken,,2026,USA:TN,,,,,,,,,Salmonella enterica
54871147,SAMN54871147,,FSIS12642575,comminuted beef,,2026,USA:OH,,,,,,,,,Salmonella enterica
54871142,SAMN54871142,,PNUSAS561890,missing,,2025,USA,,,,,,,,,Salmonella enterica
54871141,SAMN54871141,,PNUSAS561904,missing,,2026,USA,,,,,,,,,Salmonella enterica
54871140,SAMN54871140,,PNUSAS561919,missing,,2025,USA,,,,,,,,,Salmonella enterica
54871137,SAMN54871137,,PNUSAS561917,missing,,2026,USA,,,,,,,,,Salmonella enterica
54871136,SAMN54871136,,PNUSAS561901,missing,,2026,USA,,,,,,,,,Salmonella enterica
54871135,SAMN54871135,,PNUSAS561900,missing,,2026,USA,,,,,,,,,Salmonella enterica
54871134,SAMN54871134,,PNUSAS561897,missing,,2026,USA,,,,,,,,,Salmonella enterica
54871068,SAMN54871068,,PNUSAS561898,missing,,2026,USA,,,,,,,,,Salmonella enterica
54871067,SAMN54871067,,PNUSAS561875,missing,,2025,USA,,,,,,,,,Salmonella enterica
54871062,SAMN54871062,,PNUSAS561915,missing,,2026,USA,,,,,,,,,Salmonella enterica
54871061,SAMN54871061,,PNUSAS561913,missing,,2026,USA,,,,,,,,,Salmonella enterica
54871060,SAMN54871060,,PNUSAS561912,missing,,2026,USA,,,,,,,,,Salmonella enterica
54871059,SAMN54871059,,PNUSAS561910,missing,,2026,USA,,,,,,,,,Salmonella enterica
54871023,SAMN54871023,,FSIS12642574,raw intact chicken,,2026,USA:NY,,,,,,,,,Salmonella enterica
54871022,SAMN54871022,,FSIS12642571,Comminuted Turkey,,2026,USA:VA,,,,,,,,,Salmonella enterica
54871020,SAMN54871020,,PNUSAS561911,missing,,2026,USA,,,,,,,,,Salmonella enterica
54871018,SAMN54871018,,PNUSAS561909,missing,,2026,USA,,,,,,,,,Salmonella enterica
54871015,SAMN54871015,,PNUSAS561899,missing,,2026,USA,,,,,,,,,Salmonella enterica
54871013,SAMN54871013,,PNUSAS561895,missing,,2026,USA,,,,,,,,,Salmonella enterica
54871011,SAMN54871011,,PNUSAS561883,missing,,2026,USA,,,,,,,,,Salmonella enterica
54871008,SAMN54871008,,PNUSAS561896,missing,,2026,USA,,,,,,,,,Salmonella enterica
54871007,SAMN54871007,,PNUSAS561908,missing,,2026,USA,,,,,,,,,Salmonella enterica
54871006,SAMN54871006,,PNUSAS561907,missing,,2026,USA,,,,,,,,,Salmonella enterica
54871005,SAMN54871005,,PNUSAS561876,missing,,2026,USA,,,,,,,,,Salmonella enterica
54870992,SAMN54870992,,PNUSAS561873,missing,,2026,USA,,,,,,,,,Salmonella enterica
54870990,SAMN54870990,,PNUSAS561874,missing,,2026,USA,,,,,,,,,Salmonella enterica
54870983,SAMN54870983,,PNUSAS561889,missing,,2025,USA,,,,,,,,,Salmonella enterica
54870982,SAMN54870982,,PNUSAS561894,missing,,2025,USA,,,,,,,,,Salmonella enterica
54870981,SAMN54870981,,PNUSAS561871,missing,,2026,USA,,,,,,,,,Salmonella enterica
54870971,SAMN54870971,,PNUSAS561872,missing,,2026,USA,,,,,,,,,Salmonella enterica
54870967,SAMN54870967,,PNUSAS561878,missing,,2026,USA,,,,,,,,,Salmonella enterica
54870966,SAMN54870966,,PNUSAS561892,missing,,2026,USA,,,,,,,,,Salmonella enterica
54870965,SAMN54870965,,PNUSAS561885,missing,,2025,USA,,,,,,,,,Salmonella enterica
54870886,SAMN54870886,,PNUSAS561881,missing,,2025,USA,,,,,,,,,Salmonella enterica
54870723,SAMN54870723,,PNUSAS561884,missing,,2026,USA,,,,,,,,,Salmonella enterica
54870722,SAMN54870722,,PNUSAS561882,missing,,2026,USA,,,,,,,,,Salmonella enterica
54870721,SAMN54870721,,PNUSAS561886,missing,,2025,USA,,,,,,,,,Salmonella enterica
54870720,SAMN54870720,,PNUSAS561880,missing,,2025,USA,,,,,,,,,Salmonella enterica
54870719,SAMN54870719,,PNUSAS561891,missing,,2026,USA,,,,,,,,,Salmonella enterica
54870718,SAMN54870718,,PNUSAS561893,missing,,2026,USA,,,,,,,,,Salmonella enterica
54870716,SAMN54870716,,PNUSAS561887,missing,,2026,USA,,,,,,,,,Salmonella enterica
54870715,SAMN54870715,,PNUSAS561888,missing,,2025,USA,,,,,,,,,Salmonella enterica
54870714,SAMN54870714,,PNUSAS561879,missing,,2025,USA,,,,,,,,,Salmonella enterica
54870706,SAMN54870706,,PNUSAS560813,missing,,2025,USA,,,,,,,,,Salmonella enterica
54870705,SAMN54870705,,PNUSAS561877,missing,,2025,USA,,,,,,,,,Salmonella enterica
54870548,SAMN54870548,,25MD12CL01-S,Chicken chicken liver,,2025-12,USA:MD,,,,,,,,,Salmonella enterica
54870479,SAMN54870479,,PNUSAS561846,missing,,2026,USA,,,,,,,,,Salmonella enterica
54870429,SAMN54870429,,PNUSAS561849,missing,,2025,USA,,,,,,,,,Salmonella enterica
54870427,SAMN54870427,,PNUSAS561852,missing,,2025,USA,,,,,,,,,Salmonella enterica
54870314,SAMN54870314,,PNUSAS561865,missing,,2025,USA,,,,,,,,,Salmonella enterica
54870313,SAMN54870313,,PNUSAS561855,missing,,2025,USA,,,,,,,,,Salmonella enterica
54870296,SAMN54870296,,25MD12CB02-S,Chicken chicken wings,,2025-12,USA:MD,,,,,,,,,Salmonella enterica
54870295,SAMN54870295,,PNUSAS561848,missing,,2025,USA,,,,,,,,,Salmonella enterica
54870294,SAMN54870294,,PNUSAS561850,missing,,2025,USA,,,,,,,,,Salmonella enterica
54870291,SAMN54870291,,PNUSAS561858,missing,,2025,USA,,,,,,,,,Salmonella enterica
54870290,SAMN54870290,,PNUSAS561859,missing,,2025,USA,,,,,,,,,Salmonella enterica
54870289,SAMN54870289,,PNUSAS561854,missing,,2025,USA,,,,,,,,,Salmonella enterica
54870178,SAMN54870178,,PNUSAS561845,missing,,2026,USA,,,,,,,,,Salmonella enterica
54870177,SAMN54870177,,PNUSAS561866,missing,,2025,USA,,,,,,,,,Salmonella enterica
54870047,SAMN54870047,,PNUSAS561856,missing,,2025,USA,,,,,,,,,Salmonella enterica
54870046,SAMN54870046,,PNUSAS561861,missing,,2025,USA,,,,,,,,,Salmonella enterica
54870045,SAMN54870045,,PNUSAS561867,missing,,2025,USA,,,,,,,,,Salmonella enterica
54870044,SAMN54870044,,PNUSAS561870,missing,,2025,USA,,,,,,,,,Salmonella enterica
54870023,SAMN54870023,,PNUSAS561868,missing,,2025,USA,,,,,,,,,Salmonella enterica
54870022,SAMN54870022,,PNUSAS561869,missing,,2025,USA,,,,,,,,,Salmonella enterica
54870020,SAMN54870020,,PNUSAS561851,missing,,2025,USA,,,,,,,,,Salmonella enterica
54870019,SAMN54870019,,PNUSAS561853,missing,,2025,USA,,,,,,,,,Salmonella enterica
54870018,SAMN54870018,,PNUSAS561857,missing,,2026,USA,,,,,,,,,Salmonella enterica
54870017,SAMN54870017,,PNUSAS561860,missing,,2025,USA,,,,,,,,,Salmonella enterica
54870016,SAMN54870016,,PNUSAS561863,missing,,2025,USA,,,,,,,,,Salmonella enterica
54870015,SAMN54870015,,PNUSAS561862,missing,,2025,USA,,,,,,,,,Salmonella enterica
54870014,SAMN54870014,,PNUSAS561864,missing,,2025,USA,,,,,,,,,Salmonella enterica
54869964,SAMN54869964,,PNUSAS561847,missing,,2025,USA,,,,,,,,,Salmonella enterica
54869959,SAMN54869959,,PNUSAS560814,missing,,2025,USA,,,,,,,,,Salmonella enterica
54869958,SAMN54869958,,PNUSAS560815,missing,,2025,USA,,,,,,,,,Salmonella enterica
54869899,SAMN54869899,,PNUSAS560812,missing,,2025,USA,,,,,,,,,Salmonella enterica
54869898,SAMN54869898,,PNUSAS560811,missing,,2025,USA,,,,,,,,,Salmonella enterica
54869897,SAMN54869897,,PNUSAS561838,missing,,2026,USA,,,,,,,,,Salmonella enterica
54869896,SAMN54869896,,PNUSAS561837,missing,,2026,USA,,,,,,,,,Salmonella enterica
54868750,SAMN54868750,,PNUSAS561839,missing,,2026,USA,,,,,,,,,Salmonella enterica
54868725,SAMN54868725,,PNUSAS561840,missing,,2026,USA,,,,,,,,,Salmonella enterica
54859489,SAMN54859489,,PNUSAS561841,missing,,2026,USA,,,,,,,,,Salmonella enterica
54859481,SAMN54859481,,PNUSAS561842,missing,,2026,USA,,,,,,,,,Salmonella enterica
54837203,SAMN54837203,,PNUSAS560809,missing,,2025,USA,,,,,,,,,Salmonella enterica
54837193,SAMN54837193,,PNUSAS560808,missing,,2025,USA,,,,,,,,,Salmonella enterica
54825796,SAMN54825796,,PNUSAS560807,missing,,2025,USA,,,,,,,,,Salmonella enterica
54825783,SAMN54825783,,PNUSAS560810,missing,,2025,USA,,,,,,,,,Salmonella enterica
54825773,SAMN54825773,,PNUSAS560806,missing,,2025,USA,,,,,,,,,Salmonella enterica
54815286,SAMN54815286,,PNUSAS560804,missing,,2025,USA,,,,,,,,,Salmonella enterica
54815195,SAMN54815195,,PNUSAS560805,missing,,2025,USA,,,,,,,,,Salmonella enterica
54812552,SAMN54812552,,PNUSAS560802,missing,,2025,USA,,,,,,,,,Salmonella enterica
54812428,SAMN54812428,,PNUSAS560803,missing,,2025,USA,,,,,,,,,Salmonella enterica
54797870,SAMEA120966095,,,,,,,,,,,,,,,Salmonella enterica
54794407,SAMEA120969151,,,,,,,,,,,,,,,Salmonella enterica
54794208,SAMEA120969046,,,,,,,,,,,,,,,Salmonella enterica
54790319,SAMEA120969149,,,,,,,,,,,,,,,Salmonella enterica
54789990,SAMEA120969042,,,,,,,,,,,,,,,Salmonella enterica
54789207,SAMEA120969045,,,,,,,,,,,,,,,Salmonella enterica
54787917,SAMEA120968721,,,,,,,,,,,,,,,Salmonella enterica
54786125,SAMEA120969144,,,,,,,,,,,,,,,Salmonella enterica
54784398,SAMEA120966093,,,,,,,,,,,,,,,Salmonella enterica
54784228,SAMEA120969158,,,,,,,,,,,,,,,Salmonella enterica
54784190,SAMEA120969153,,,,,,,,,,,,,,,Salmonella enterica
54783922,SAMEA120969148,,,,,,,,,,,,,,,Salmonella enterica
54781541,SAMEA120968720,,,,,,,,,,,,,,,Salmonella enterica
54780232,SAMEA120969155,,,,,,,,,,,,,,,Salmonella enterica
54778956,SAMEA120969146,,,,,,,,,,,,,,,Salmonella enterica
54778411,SAMEA120969044,,,,,,,,,,,,,,,Salmonella enterica
54771430,SAMN54771430,,01894069,human,Homo sapiens,2026-01,United Kingdom: United Kingdom,,,,,,,,,Salmonella enterica
54771429,SAMN54771429,,01895066,human,Homo sapiens,2026-01,United Kingdom: United Kingdom,,,,,,,,,Salmonella enterica
54771428,SAMN54771428,,01895274,human,Homo sapiens,2026-01,United Kingdom: United Kingdom,,,,,,,,,Salmonella enterica
54771427,SAMN54771427,,01895064,human,Homo sapiens,2026-01,United Kingdom: United Kingdom,,,,,,,,,Salmonella enterica
38657035,SAMN38657035,,SJTUF15550,Chicken meat,chicken,2022-01-13,China: Shanghai,,,,,,,,,Salmonella enterica
54806869,SAMN54806869,,FDA1313936-S001-001,ground melon seeds,,2025-10-09,USA:MD,,,,,GCA_054666255.1,Contig,,,Salmonella enterica
54806866,SAMN54806866,,FDA1319310-C001-005,bean seeds (seem bichi),,2025-12-09,USA,,,,,GCA_054666355.1,Contig,,,Salmonella enterica
54804163,SAMN54804163,,PNUSAS561834,Stool specimen,,2025-10-23,USA,,,,,,,,,Salmonella enterica
54804158,SAMN54804158,,PNUSAS561825,missing,,2025,USA,,,,,,,,,Salmonella enterica
54804156,SAMN54804156,,PNUSAS561823,missing,,2025,USA,,,,,,,,,Salmonella enterica
54804153,SAMN54804153,,PNUSAS561826,missing,,2025,USA,,,,,,,,,Salmonella enterica
54804152,SAMN54804152,,PNUSAS561824,missing,,2025,USA,,,,,,,,,Salmonella enterica
54804144,SAMN54804144,,PNUSAS561835,Stool specimen,,2025-11-15,USA,,,,,,,,,Salmonella enterica
54804134,SAMN54804134,,PNUSAS561808,missing,,2026,USA,,,,,,,,,Salmonella enterica
54804084,SAMN54804084,,PNUSAS561821,missing,,2025,USA,,,,,,,,,Salmonella enterica
54804083,SAMN54804083,,PNUSAS561820,missing,,2026,USA,,,,,,,,,Salmonella enterica
54804081,SAMN54804081,,PNUSAS561822,missing,,2025,USA,,,,,,,,,Salmonella enterica
54804079,SAMN54804079,,PNUSAS561836,Stool specimen,,2025-11-10,USA,,,,,,,,,Salmonella enterica
54804078,SAMN54804078,,PNUSAS561819,missing,,2026,USA,,,,,,,,,Salmonella enterica
54804076,SAMN54804076,,PNUSAS561809,missing,,2026,USA,,,,,,,,,Salmonella enterica
54804075,SAMN54804075,,PNUSAS561807,missing,,2026,USA,,,,,,,,,Salmonella enterica
54804074,SAMN54804074,,PNUSAS561806,missing,,2026,USA,,,,,,,,,Salmonella enterica
54804072,SAMN54804072,,PNUSAS561534,missing,,2026,USA,,,,,,,,,Salmonella enterica
54803929,SAMN54803929,,PNUSAS561805,missing,,2026,USA,,,,,,,,,Salmonella enterica
54803928,SAMN54803928,,PNUSAS561832,Stool specimen,,2025-11-25,USA,,,,,,,,,Salmonella enterica
54803927,SAMN54803927,,PNUSAS561827,stool,,2026,USA,,,,,,,,,Salmonella enterica
54803926,SAMN54803926,,PNUSAS561816,missing,,2026,USA,,,,,,,,,Salmonella enterica
54803925,SAMN54803925,,PNUSAS561833,Stool specimen,,2025-11-18,USA,,,,,,,,,Salmonella enterica
54803924,SAMN54803924,,PNUSAS561829,blood,,2026,USA,,,,,,,,,Salmonella enterica
54803923,SAMN54803923,,PNUSAS561831,Stool specimen,,2025-11-13,USA,,,,,,,,,Salmonella enterica
54803921,SAMN54803921,,PNUSAS561830,stool,,2026,USA,,,,,,,,,Salmonella enterica
54803920,SAMN54803920,,PNUSAS561828,stool,,2026,USA,,,,,,,,,Salmonella enterica
54803917,SAMN54803917,,PNUSAS561818,missing,,2026,USA,,,,,,,,,Salmonella enterica
54803916,SAMN54803916,,PNUSAS561817,missing,,2026,USA,,,,,,,,,Salmonella enterica
54803808,SAMN54803808,,PNUSAS561815,missing,,2026,USA,,,,,,,,,Salmonella enterica
54803770,SAMN54803770,,PNUSAS561804,missing,,2026,USA,,,,,,,,,Salmonella enterica
54803769,SAMN54803769,,PNUSAS561814,missing,,2026,USA,,,,,,,,,Salmonella enterica
54803768,SAMN54803768,,PNUSAS561813,missing,,2026,USA,,,,,,,,,Salmonella enterica
54803767,SAMN54803767,,PNUSAS561812,missing,,2026,USA,,,,,,,,,Salmonella enterica
54803761,SAMN54803761,,PNUSAS561803,missing,,2026,USA,,,,,,,,,Salmonella enterica
54803760,SAMN54803760,,PNUSAS561811,missing,,2026,USA,,,,,,,,,Salmonella enterica
54803759,SAMN54803759,,PNUSAS561799,missing,,2026,USA,,,,,,,,,Salmonella enterica
54803758,SAMN54803758,,PNUSAS561798,missing,,2026,USA,,,,,,,,,Salmonella enterica
54803757,SAMN54803757,,PNUSAS561801,missing,,2026,USA,,,,,,,,,Salmonella enterica
54803756,SAMN54803756,,PNUSAS561802,missing,,2026,USA,,,,,,,,,Salmonella enterica
54803753,SAMN54803753,,PNUSAS561797,missing,,2026,USA,,,,,,,,,Salmonella enterica
54803752,SAMN54803752,,PNUSAS561810,missing,,2026,USA,,,,,,,,,Salmonella enterica
54803745,SAMN54803745,,PNUSAS561533,missing,,2026,USA,,,,,,,,,Salmonella enterica
54803744,SAMN54803744,,PNUSAS561532,missing,,2026,USA,,,,,,,,,Salmonella enterica
54803682,SAMN54803682,,PNUSAS561527,missing,,2026,USA,,,,,,,,,Salmonella enterica
54803656,SAMN54803656,,PNUSAS561800,missing,,2026,USA,,,,,,,,,Salmonella enterica
54803650,SAMN54803650,,PNUSAS561531,missing,,2025,USA,,,,,,,,,Salmonella enterica
54803644,SAMN54803644,,PNUSAS561530,missing,,2026,USA,,,,,,,,,Salmonella enterica
54803643,SAMN54803643,,PNUSAS561524,missing,,2025,USA,,,,,,,,,Salmonella enterica
54803642,SAMN54803642,,PNUSAS561538,missing,,2026,USA,,,,,,,,,Salmonella enterica
54803641,SAMN54803641,,PNUSAS561785,missing,,2026,USA,,,,,,,,,Salmonella enterica
54803519,SAMN54803519,,PNUSAS561539,missing,,2026,USA,,,,,,,,,Salmonella enterica
54803518,SAMN54803518,,PNUSAS561536,missing,,2026,USA,,,,,,,,,Salmonella enterica
54803517,SAMN54803517,,PNUSAS561537,missing,,2026,USA,,,,,,,,,Salmonella enterica
54803516,SAMN54803516,,PNUSAS561535,missing,,2026,USA,,,,,,,,,Salmonella enterica
54803513,SAMN54803513,,PNUSAS561526,missing,,2026,USA,,,,,,,,,Salmonella enterica
54803511,SAMN54803511,,PNUSAS561523,missing,,2026,USA,,,,,,,,,Salmonella enterica
54803510,SAMN54803510,,PNUSAS561786,missing,,2026,USA,,,,,,,,,Salmonella enterica
54803506,SAMN54803506,,PNUSAS561788,missing,,2026,USA,,,,,,,,,Salmonella enterica
54803505,SAMN54803505,,PNUSAS561793,missing,,2026,USA,,,,,,,,,Salmonella enterica
54803488,SAMN54803488,,PNUSAS561529,missing,,2025,USA,,,,,,,,,Salmonella enterica
54803487,SAMN54803487,,PNUSAS561528,missing,,2026,USA,,,,,,,,,Salmonella enterica
54803486,SAMN54803486,,PNUSAS561525,missing,,2026,USA,,,,,,,,,Salmonella enterica
54803485,SAMN54803485,,PNUSAS561522,missing,,2025,USA,,,,,,,,,Salmonella enterica
54803484,SAMN54803484,,PNUSAS561787,missing,,2026,USA,,,,,,,,,Salmonella enterica
54803483,SAMN54803483,,PNUSAS561791,missing,,2026,USA,,,,,,,,,Salmonella enterica
54803417,SAMN54803417,,PNUSAS561783,missing,,2026,USA,,,,,,,,,Salmonella enterica
54803416,SAMN54803416,,PNUSAS561780,missing,,2026,USA,,,,,,,,,Salmonella enterica
54803412,SAMN54803412,,PNUSAS561784,missing,,2026,USA,,,,,,,,,Salmonella enterica
54803411,SAMN54803411,,PNUSAS561792,missing,,2026,USA,,,,,,,,,Salmonella enterica
54803395,SAMN54803395,,PNUSAS561789,missing,,2026,USA,,,,,,,,,Salmonella enterica
54803394,SAMN54803394,,PNUSAS561782,missing,,2026,USA,,,,,,,,,Salmonella enterica
54803375,SAMN54803375,,PNUSAS561790,missing,,2026,USA,,,,,,,,,Salmonella enterica
54803374,SAMN54803374,,PNUSAS561794,missing,,2026,USA,,,,,,,,,Salmonella enterica
54803310,SAMN54803310,,PNUSAS561796,missing,,2026,USA,,,,,,,,,Salmonella enterica
54803287,SAMN54803287,,PNUSAS561781,missing,,2026,USA,,,,,,,,,Salmonella enterica
54803280,SAMN54803280,,PNUSAS561795,missing,,2026,USA,,,,,,,,,Salmonella enterica
54802955,SAMN54802955,,PNUSAS561705,missing,,2025,USA,,,,,,,,,Salmonella enterica
54802954,SAMN54802954,,PNUSAS561706,missing,,2025,USA,,,,,,,,,Salmonella enterica
54802953,SAMN54802953,,PNUSAS561734,missing,,2025,USA,,,,,,,,,Salmonella enterica
54802952,SAMN54802952,,PNUSAS561735,missing,,2025,USA,,,,,,,,,Salmonella enterica
54802951,SAMN54802951,,PNUSAS561741,missing,,2025,USA,,,,,,,,,Salmonella enterica
54802950,SAMN54802950,,PNUSAS561723,missing,,2025,USA,,,,,,,,,Salmonella enterica
54802949,SAMN54802949,,PNUSAS561758,missing,,2025,USA,,,,,,,,,Salmonella enterica
54802948,SAMN54802948,,PNUSAS561708,missing,,2025,USA,,,,,,,,,Salmonella enterica
54802941,SAMN54802941,,PNUSAS561742,missing,,2025,USA,,,,,,,,,Salmonella enterica
54802940,SAMN54802940,,PNUSAS561768,missing,,2026,USA,,,,,,,,,Salmonella enterica
54802938,SAMN54802938,,PNUSAS561769,missing,,2026,USA,,,,,,,,,Salmonella enterica
54802936,SAMN54802936,,PNUSAS561757,missing,,2025,USA,,,,,,,,,Salmonella enterica
54802935,SAMN54802935,,PNUSAS561726,missing,,2025,USA,,,,,,,,,Salmonella enterica
54802934,SAMN54802934,,PNUSAS561703,missing,,2025,USA,,,,,,,,,Salmonella enterica
54802933,SAMN54802933,,PNUSAS561710,missing,,2025,USA,,,,,,,,,Salmonella enterica
54802932,SAMN54802932,,PNUSAS561738,missing,,2025,USA,,,,,,,,,Salmonella enterica
54802931,SAMN54802931,,PNUSAS561709,missing,,2025,USA,,,,,,,,,Salmonella enterica
54802930,SAMN54802930,,PNUSAS561740,missing,,2025,USA,,,,,,,,,Salmonella enterica
54802884,SAMN54802884,,PNUSAS561702,missing,,2025,USA,,,,,,,,,Salmonella enterica
54802882,SAMN54802882,,PNUSAS561731,missing,,2025,USA,,,,,,,,,Salmonella enterica
54802881,SAMN54802881,,PNUSAS561732,missing,,2025,USA,,,,,,,,,Salmonella enterica
54802880,SAMN54802880,,PNUSAS561704,missing,,2025,USA,,,,,,,,,Salmonella enterica
54802879,SAMN54802879,,PNUSAS561712,missing,,2025,USA,,,,,,,,,Salmonella enterica
54802878,SAMN54802878,,PNUSAS561765,missing,,2025,USA,,,,,,,,,Salmonella enterica
54802877,SAMN54802877,,PNUSAS561767,missing,,2026,USA,,,,,,,,,Salmonella enterica
54802876,SAMN54802876,,PNUSAS561727,missing,,2025,USA,,,,,,,,,Salmonella enterica
54802875,SAMN54802875,,PNUSAS561729,missing,,2025,USA,,,,,,,,,Salmonella enterica
54802874,SAMN54802874,,PNUSAS561736,missing,,2025,USA,,,,,,,,,Salmonella enterica
54802873,SAMN54802873,,PNUSAS561707,missing,,2025,USA,,,,,,,,,Salmonella enterica
54802872,SAMN54802872,,PNUSAS561737,missing,,2025,USA,,,,,,,,,Salmonella enterica
54802871,SAMN54802871,,PNUSAS561739,missing,,2025,USA,,,,,,,,,Salmonella enterica
54802870,SAMN54802870,,PNUSAS561711,missing,,2025,USA,,,,,,,,,Salmonella enterica
54802821,SAMN54802821,,PNUSAS561762,missing,,2025,USA,,,,,,,,,Salmonella enterica
54802820,SAMN54802820,,PNUSAS561730,missing,,2025,USA,,,,,,,,,Salmonella enterica
54802819,SAMN54802819,,PNUSAS561733,missing,,2025,USA,,,,,,,,,Salmonella enterica
54802816,SAMN54802816,,PNUSAS561725,missing,,2025,USA,,,,,,,,,Salmonella enterica
54802815,SAMN54802815,,PNUSAS561760,missing,,2025,USA,,,,,,,,,Salmonella enterica
54802814,SAMN54802814,,PNUSAS561724,missing,,2025,USA,,,,,,,,,Salmonella enterica
54802813,SAMN54802813,,PNUSAS561759,missing,,2025,USA,,,,,,,,,Salmonella enterica
54802811,SAMN54802811,,PNUSAS561700,missing,,2025,USA,,,,,,,,,Salmonella enterica
54802810,SAMN54802810,,PNUSAS561689,missing,,2025,USA,,,,,,,,,Salmonella enterica
54802809,SAMN54802809,,PNUSAS561695,missing,,2025,USA,,,,,,,,,Salmonella enterica
54802808,SAMN54802808,,PNUSAS561722,missing,,2025,USA,,,,,,,,,Salmonella enterica
54802807,SAMN54802807,,PNUSAS561698,missing,,2025,USA,,,,,,,,,Salmonella enterica
54802806,SAMN54802806,,PNUSAS561755,missing,,2025,USA,,,,,,,,,Salmonella enterica
54802804,SAMN54802804,,PNUSAS561697,missing,,2025,USA,,,,,,,,,Salmonella enterica
54802803,SAMN54802803,,PNUSAS561699,missing,,2025,USA,,,,,,,,,Salmonella enterica
54802802,SAMN54802802,,PNUSAS561728,missing,,2025,USA,,,,,,,,,Salmonella enterica
54802801,SAMN54802801,,PNUSAS561701,missing,,2025,USA,,,,,,,,,Salmonella enterica
54802799,SAMN54802799,,PNUSAS561715,missing,,2025,USA,,,,,,,,,Salmonella enterica
54802798,SAMN54802798,,PNUSAS561749,missing,,2025,USA,,,,,,,,,Salmonella enterica
54802797,SAMN54802797,,PNUSAS561716,missing,,2025,USA,,,,,,,,,Salmonella enterica
54802796,SAMN54802796,,PNUSAS561753,missing,,2025,USA,,,,,,,,,Salmonella enterica
54802795,SAMN54802795,,PNUSAS561745,missing,,2025,USA,,,,,,,,,Salmonella enterica
54802794,SAMN54802794,,PNUSAS561746,missing,,2026,USA,,,,,,,,,Salmonella enterica
54802793,SAMN54802793,,PNUSAS561721,missing,,2025,USA,,,,,,,,,Salmonella enterica
54802792,SAMN54802792,,PNUSAS561752,missing,,2025,USA,,,,,,,,,Salmonella enterica
54802791,SAMN54802791,,PNUSAS561754,missing,,2025,USA,,,,,,,,,Salmonella enterica
54802790,SAMN54802790,,PNUSAS561761,missing,,2025,USA,,,,,,,,,Salmonella enterica
54802789,SAMN54802789,,PNUSAS561756,missing,,2025,USA,,,,,,,,,Salmonella enterica
54802788,SAMN54802788,,PNUSAS561766,missing,,2026,USA,,,,,,,,,Salmonella enterica
54802786,SAMN54802786,,PNUSAS561694,missing,,2025,USA,,,,,,,,,Salmonella enterica
54802785,SAMN54802785,,PNUSAS561763,missing,,2025,USA,,,,,,,,,Salmonella enterica
54802784,SAMN54802784,,PNUSAS561764,missing,,2025,USA,,,,,,,,,Salmonella enterica
54802642,SAMN54802642,,PNUSAS561691,missing,,2025,USA,,,,,,,,,Salmonella enterica
54802641,SAMN54802641,,PNUSAS561744,missing,,2026,USA,,,,,,,,,Salmonella enterica
54802640,SAMN54802640,,PNUSAS561717,missing,,2025,USA,,,,,,,,,Salmonella enterica
54802639,SAMN54802639,,PNUSAS561690,missing,,2025,USA,,,,,,,,,Salmonella enterica
54802638,SAMN54802638,,PNUSAS561693,missing,,2025,USA,,,,,,,,,Salmonella enterica
54802637,SAMN54802637,,PNUSAS561743,missing,,2026,USA,,,,,,,,,Salmonella enterica
54802636,SAMN54802636,,PNUSAS561692,missing,,2025,USA,,,,,,,,,Salmonella enterica
54802635,SAMN54802635,,PNUSAS561718,missing,,2025,USA,,,,,,,,,Salmonella enterica
54802634,SAMN54802634,,PNUSAS561696,missing,,2025,USA,,,,,,,,,Salmonella enterica
54802622,SAMN54802622,,PNUSAS561719,missing,,2025,USA,,,,,,,,,Salmonella enterica
54802621,SAMN54802621,,PNUSAS561720,missing,,2025,USA,,,,,,,,,Salmonella enterica
54802580,SAMN54802580,,PNUSAS561750,missing,,2025,USA,,,,,,,,,Salmonella enterica
54802579,SAMN54802579,,PNUSAS561751,missing,,2025,USA,,,,,,,,,Salmonella enterica
54802476,SAMN54802476,,PNUSAS561747,missing,,2025,USA,,,,,,,,,Salmonella enterica
54802475,SAMN54802475,,PNUSAS561748,missing,,2025,USA,,,,,,,,,Salmonella enterica
54802199,SAMN54802199,,PNUSAS561688,missing,,2025,USA,,,,,,,,,Salmonella enterica
54802182,SAMN54802182,,PNUSAS561714,missing,,2025,USA,,,,,,,,,Salmonella enterica
54802181,SAMN54802181,,PNUSAS561713,missing,,2025,USA,,,,,,,,,Salmonella enterica
54802180,SAMN54802180,,PNUSAS561675,missing,,2026-01-01,USA,,,,,,,,,Salmonella enterica
54802178,SAMN54802178,,PNUSAS561676,missing,,2025-12-29,USA,,,,,,,,,Salmonella enterica
54802177,SAMN54802177,,PNUSAS561687,missing,,2025,USA,,,,,,,,,Salmonella enterica
54802143,SAMN54802143,,PNUSAS561680,missing,,2025,USA,,,,,,,,,Salmonella enterica
54802142,SAMN54802142,,PNUSAS561682,missing,,2025,USA,,,,,,,,,Salmonella enterica
54802141,SAMN54802141,,PNUSAS561681,missing,,2025,USA,,,,,,,,,Salmonella enterica
54802140,SAMN54802140,,PNUSAS561683,missing,,2025,USA,,,,,,,,,Salmonella enterica
54802139,SAMN54802139,,PNUSAS561684,missing,,2025,USA,,,,,,,,,Salmonella enterica
54802138,SAMN54802138,,PNUSAS561685,missing,,2025,USA,,,,,,,,,Salmonella enterica
54802137,SAMN54802137,,PNUSAS561686,missing,,2025,USA,,,,,,,,,Salmonella enterica
54802095,SAMN54802095,,PNUSAS561658,missing,,2026,USA,,,,,,,,,Salmonella enterica
54802094,SAMN54802094,,PNUSAS561672,missing,,2026-01-03,USA,,,,,,,,,Salmonella enterica
54802093,SAMN54802093,,LAC-S.-DOC-CL-6,chicken slaughter houses,,2024-03,Brazil,,,,,GCA_054651815.1,Contig,,ftp://ftp.ncbi.nlm.nih.gov/genomes/all/GCA/054/651/815/GCA_054651815.1_PDT003063907.1,Salmonella enterica
54802062,SAMN54802062,,LAC-S.-DOC-CL-10,chicken slaughter houses,,2024-03,Brazil,,,,,GCA_054652075.1,Contig,,ftp://ftp.ncbi.nlm.nih.gov/genomes/all/GCA/054/652/075/GCA_054652075.1_PDT003063902.1,Salmonella enterica
54802061,SAMN54802061,,LAC-S.-DOC-CL-7,chicken slaughter houses,,2024-03,Brazil,,,,,GCA_054651875.1,Contig,,ftp://ftp.ncbi.nlm.nih.gov/genomes/all/GCA/054/651/875/GCA_054651875.1_PDT003063899.1,Salmonella enterica
54802060,SAMN54802060,,LAC-S.-DOC-CL-11,chicken slaughter houses,,2024-03,Brazil,,,,,GCA_054652095.1,Contig,,ftp://ftp.ncbi.nlm.nih.gov/genomes/all/GCA/054/652/095/GCA_054652095.1_PDT003063900.1,Salmonella enterica
54802059,SAMN54802059,,PNUSAS561669,missing,,2026-01-04,USA,,,,,,,,,Salmonella enterica
54802057,SAMN54802057,,LAC-S.-DOC-CL-1,chicken slaughter houses,,2024-03,Brazil,,,,,GCA_054652115.1,Contig,,ftp://ftp.ncbi.nlm.nih.gov/genomes/all/GCA/054/652/115/GCA_054652115.1_PDT003063897.1,Salmonella enterica
54802056,SAMN54802056,,PNUSAS561678,missing,,2025,USA,,,,,,,,,Salmonella enterica
54802054,SAMN54802054,,PNUSAS561677,missing,,2025,USA,,,,,,,,,Salmonella enterica
54802012,SAMN54802012,,PNUSAS561670,missing,,2025-12-26,USA,,,,,,,,,Salmonella enterica
54802011,SAMN54802011,,PNUSAS561671,missing,,2026-01-02,USA,,,,,,,,,Salmonella enterica
54802010,SAMN54802010,,PNUSAS561674,missing,,2025-12-26,USA,,,,,,,,,Salmonella enterica
54802009,SAMN54802009,,PNUSAS561673,missing,,2025-12-23,USA,,,,,,,,,Salmonella enterica
54802008,SAMN54802008,,PNUSAS561679,missing,,2025,USA,,,,,,,,,Salmonella enterica
54802007,SAMN54802007,,LAC-S.-DOC-CL-5,chicken slaughter houses,,2024-03,Brazil,,,,,GCA_054651845.1,Contig,,ftp://ftp.ncbi.nlm.nih.gov/genomes/all/GCA/054/651/845/GCA_054651845.1_PDT003063887.1,Salmonella enterica
54802006,SAMN54802006,,LAC-S.-DOC-CL-2,chicken slaughter houses,,2024-03,Brazil,,,,,GCA_054652215.1,Contig,,ftp://ftp.ncbi.nlm.nih.gov/genomes/all/GCA/054/652/215/GCA_054652215.1_PDT003063888.1,Salmonella enterica
54802005,SAMN54802005,,LAC-S.-DOC-CL-8,chicken slaughter houses,,2024-03,Brazil,,,,,GCA_054651835.1,Contig,,ftp://ftp.ncbi.nlm.nih.gov/genomes/all/GCA/054/651/835/GCA_054651835.1_PDT003063886.1,Salmonella enterica
54802004,SAMN54802004,,PNUSAS561649,missing,,2025,USA,,,,,,,,,Salmonella enterica
54802003,SAMN54802003,,PNUSAS561667,missing,,2026-01-02,USA,,,,,,,,,Salmonella enterica
54802002,SAMN54802002,,LAC-S.-DOC-CL-9,chicken slaughter houses,,2024-03,Brazil,,,,,GCA_054651495.1,Contig,,ftp://ftp.ncbi.nlm.nih.gov/genomes/all/GCA/054/651/495/GCA_054651495.1_PDT003063882.1,Salmonella enterica
54802001,SAMN54802001,,LAC-S.-DOC-CL-4,chicken slaughter houses,,2024-03,Brazil,,,,,GCA_054651915.1,Contig,,ftp://ftp.ncbi.nlm.nih.gov/genomes/all/GCA/054/651/915/GCA_054651915.1_PDT003063885.1,Salmonella enterica
54801971,SAMN54801971,,PNUSAS561656,missing,,2026,USA,,,,,,,,,Salmonella enterica
54801970,SAMN54801970,,LAC-S.-DOC-CL-12,chicken slaughter houses,,2024-03,Brazil,,,,,GCA_054651555.1,Contig,,ftp://ftp.ncbi.nlm.nih.gov/genomes/all/GCA/054/651/555/GCA_054651555.1_PDT003063877.1,Salmonella enterica
54801969,SAMN54801969,,PNUSAS561650,missing,,2026,USA,,,,,,,,,Salmonella enterica
54801968,SAMN54801968,,PNUSAS561657,missing,,2026,USA,,,,,,,,,Salmonella enterica
54801967,SAMN54801967,,LAC-S.-DOC-CL-3,chicken slaughter houses,,2024-03,Brazil,,,,,GCA_054651515.1,Contig,,ftp://ftp.ncbi.nlm.nih.gov/genomes/all/GCA/054/651/515/GCA_054651515.1_PDT003063878.1,Salmonella enterica
54801955,SAMN54801955,,PNUSAS561660,missing,,2025,USA,,,,,,,,,Salmonella enterica
54801953,SAMN54801953,,PNUSAS561644,missing,,2025,USA,,,,,,,,,Salmonella enterica
54801952,SAMN54801952,,PNUSAS561655,missing,,2026,USA,,,,,,,,,Salmonella enterica
54801951,SAMN54801951,,PNUSAS561648,missing,,2025,USA,,,,,,,,,Salmonella enterica
54801950,SAMN54801950,,PNUSAS561661,missing,,2025,USA,,,,,,,,,Salmonella enterica
54801941,SAMN54801941,,PNUSAS561653,missing,,2025,USA,,,,,,,,,Salmonella enterica
54801940,SAMN54801940,,PNUSAS561662,missing,,2025-12-29,USA,,,,,,,,,Salmonella enterica
54801939,SAMN54801939,,PNUSAS561664,missing,,2025-12-29,USA,,,,,,,,,Salmonella enterica
54801793,SAMN54801793,,PNUSAS561666,missing,,2025-12-25,USA,,,,,,,,,Salmonella enterica
54801792,SAMN54801792,,PNUSAS561668,missing,,2025-12-22,USA,,,,,,,,,Salmonella enterica
54801721,SAMN54801721,,PNUSAS561659,missing,,2025,USA,,,,,,,,,Salmonella enterica
54801720,SAMN54801720,,PNUSAS561654,missing,,2026,USA,,,,,,,,,Salmonella enterica
54801718,SAMN54801718,,PNUSAS561663,missing,,2025-12-31,USA,,,,,,,,,Salmonella enterica
54801717,SAMN54801717,,PNUSAS561665,missing,,2026-01-04,USA,,,,,,,,,Salmonella enterica
54801704,SAMN54801704,,PNUSAS561651,missing,,2025,USA,,,,,,,,,Salmonella enterica
54801703,SAMN54801703,,PNUSAS561652,missing,,2025,USA,,,,,,,,,Salmonella enterica
54801426,SAMN54801426,,PNUSAS561645,missing,,2025,USA,,,,,,,,,Salmonella enterica
54801425,SAMN54801425,,PNUSAS561643,missing,,2025,USA,,,,,,,,,Salmonella enterica
54801424,SAMN54801424,,PNUSAS561646,missing,,2025,USA,,,,,,,,,Salmonella enterica
54801423,SAMN54801423,,PNUSAS561647,missing,,2025,USA,,,,,,,,,Salmonella enterica
54801393,SAMN54801393,,PNUSAS561642,missing,,2025,USA,,,,,,,,,Salmonella enterica
54801391,SAMN54801391,,PNUSAS561631,missing,,2025,USA,,,,,,,,,Salmonella enterica
54801244,SAMN54801244,,PNUSAS561607,missing,,2025,USA,,,,,,,,,Salmonella enterica
54801243,SAMN54801243,,PNUSAS561621,missing,,2026,USA,,,,,,,,,Salmonella enterica
54801181,SAMN54801181,,PNUSAS561599,missing,,2026,USA,,,,,,,,,Salmonella enterica
54801180,SAMN54801180,,PNUSAS561624,missing,,2026,USA,,,,,,,,,Salmonella enterica
54801179,SAMN54801179,,PNUSAS561600,missing,,2026,USA,,,,,,,,,Salmonella enterica
54801178,SAMN54801178,,PNUSAS561609,missing,,2025,USA,,,,,,,,,Salmonella enterica
54801142,SAMN54801142,,PNUSAS561602,missing,,2026,USA,,,,,,,,,Salmonella enterica
54801141,SAMN54801141,,PNUSAS561639,missing,,2026,USA,,,,,,,,,Salmonella enterica
54800899,SAMN54800899,,PNUSAS561622,missing,,2026,USA,,,,,,,,,Salmonella enterica
54800898,SAMN54800898,,PNUSAS561637,missing,,2026,USA,,,,,,,,,Salmonella enterica
54800785,SAMN54800785,,PNUSAS561616,missing,,2025,USA,,,,,,,,,Salmonella enterica
54800784,SAMN54800784,,PNUSAS561632,missing,,2025,USA,,,,,,,,,Salmonella enterica
54800783,SAMN54800783,,PNUSAS561598,missing,,2026,USA,,,,,,,,,Salmonella enterica
54800782,SAMN54800782,,PNUSAS561638,missing,,2026,USA,,,,,,,,,Salmonella enterica
54875861,SAMN54875861,,,mobile device,,2020-04,Germany: Frankfurt am Main,,,,,,,,,Staphylococcus aureus
54875860,SAMN54875860,,,mobile device,,2019-07,Germany: Frankfurt am Main,,,,,,,,,Staphylococcus aureus
54875859,SAMN54875859,,,mobile device,,2019-06,Germany: Frankfurt am Main,,,,,,,,,Staphylococcus aureus
54875858,SAMN54875858,,,mobile device,,2019-06,Germany: Frankfurt am Main,,,,,,,,,Staphylococcus aureus
54875857,SAMN54875857,,,mobile device,,2019-06,Germany: Frankfurt am Main,,,,,,,,,Staphylococcus aureus
54875856,SAMN54875856,,,mobile device,,2019-05,Germany: Frankfurt am Main,,,,,,,,,Staphylococcus aureus
54875855,SAMN54875855,,,mobile device,,2019-05,Germany: Frankfurt am Main,,,,,,,,,Staphylococcus aureus
54875854,SAMN54875854,,,mobile device,,2019-05,Germany: Frankfurt am Main,,,,,,,,,Staphylococcus aureus
54875853,SAMN54875853,,,mobile device,,2019-05,Germany: Frankfurt am Main,,,,,,,,,Staphylococcus aureus
54762636,SAMEA120959364,,,nasal swab,,,,,,,,,,,,Staphylococcus aureus
54762357,SAMEA120959363,,,nasal swab,,,,,,,,,,,,Staphylococcus aureus
54762181,SAMEA120959365,,,nasal swab,,,,,,,,,,,,Staphylococcus aureus
54761842,SAMEA120959362,,,nasal swab,,,,,,,,,,,,Staphylococcus aureus
54760843,SAMEA120959361,,,nasal swab,,,,,,,,,,,,Staphylococcus aureus
54760743,SAMEA120959366,,,nasal swab,,,,,,,,,,,,Staphylococcus aureus
54748471,SAMEA116304291,,,,,,,,,,,,,,,Staphylococcus aureus
54748030,SAMEA116304417,,,,,,,,,,,,,,,Staphylococcus aureus
54747230,SAMEA116304362,,,,,,,,,,,,,,,Staphylococcus aureus
54746741,SAMEA116304296,,,,,,,,,,,,,,,Staphylococcus aureus
54746526,SAMEA116304084,,,,,,,,,,,,,,,Staphylococcus aureus
54745921,SAMEA116304299,,,,,,,,,,,,,,,Staphylococcus aureus
54745815,SAMEA116304628,,,,,,,,,,,,,,,Staphylococcus aureus
54745701,SAMEA116304239,,,,,,,,,,,,,,,Staphylococcus aureus
54745491,SAMEA116304392,,,,,,,,,,,,,,,Staphylococcus aureus
54744684,SAMEA116304525,,,,,,,,,,,,,,,Staphylococcus aureus
54744520,SAMEA116304411,,,,,,,,,,,,,,,Staphylococcus aureus
54103789,SAMN54103789,,not provided,sputum,Homo sapiens,2023-11,Kazakhstan: Karaganda,,,,,,,,,Staphylococcus aureus
54103788,SAMN54103788,,not provided,sputum,Homo sapiens,2023-10,Kazakhstan: Karaganda,,,,,,,,,Staphylococcus aureus
54103787,SAMN54103787,,not provided,sputum,Homo sapiens,2023-09,Kazakhstan: Karaganda,,,,,,,,,Staphylococcus aureus
54103786,SAMN54103786,,not provided,sputum,Homo sapiens,2023-03,Kazakhstan: Karaganda,,,,,,,,,Staphylococcus aureus
54103785,SAMN54103785,,not provided,sputum,Homo sapiens,2022-12,Kazakhstan: Karaganda,,,,,,,,,Staphylococcus aureus
54103784,SAMN54103784,,not provided,sputum,Homo sapiens,2022-11,Kazakhstan: Karaganda,,,,,,,,,Staphylococcus aureus
54103783,SAMN54103783,,not provided,sputum,Homo sapiens,2022-11,Kazakhstan: Karaganda,,,,,,,,,Staphylococcus aureus
54613047,SAMN54613047,,Sa43LFONT,milk,,2024,South Africa: Dr Kenneth Kaunda District Municipality,,,,,,,,,Staphylococcus aureus
54613046,SAMN54613046,,Sa3RFONT,milk,,2024,South Africa: Dr Kenneth Kaunda District Municipality,,,,,,,,,Staphylococcus aureus
54613045,SAMN54613045,,Sa50RH,milk,,2024,South Africa: Dr Kenneth Kaunda District Municipality,,,,,,,,,Staphylococcus aureus
54613044,SAMN54613044,,Sa45RF2,milk,,2024,South Africa: Dr Kenneth Kaunda District Municipality,,,,,,,,,Staphylococcus aureus
54613043,SAMN54613043,,Sa25LH1,milk,,2024,South Africa: Dr Kenneth Kaunda District Municipality,,,,,,,,,Staphylococcus aureus
54727120,SAMN54727120,,IMRA191,wound,Homo sapiens,2021-01-08,Malaysia: Selangor,,,,,,,,,Staphylococcus aureus
54693082,SAMEA120862935,,,,,,,,,,,,,,,Staphylococcus aureus
54712450,SAMN54712450,,ST152,wheelchair handle,not applicable,2020-01-16,Tanzania: Mwanza,,,,,,,,,Staphylococcus aureus
54712436,SAMN54712436,,ST8,rectal swab,Homo sapiens,2020-04-06,Tanzania: Mwanza,,,,,,,,,Staphylococcus aureus
54692311,SAMN54692311,,UMB1068,,Homo sapiens,,,,,,,,,,,Staphylococcus aureus
54685747,SAMN54685747,,not applicable,Tumour,Homo sapiens,2021-10-12,Australia: Adelaide,,,,,,,,,Staphylococcus aureus
54685742,SAMN54685742,,not applicable,Tumour,Homo sapiens,2021-10-12,Australia: Adelaide,,,,,,,,,Staphylococcus aureus
54685719,SAMN54685719,,not applicable,Oral swab,Homo sapiens,2021-08-10,Australia: Adelaide,,,,,,,,,Staphylococcus aureus
54685712,SAMN54685712,,not applicable,Tumour,Homo sapiens,2021-08-10,Australia: Adelaide,,,,,,,,,Staphylococcus aureus
54685711,SAMN54685711,,not applicable,Oral swab,Homo sapiens,2021-08-10,Australia: Adelaide,,,,,,,,,Staphylococcus aureus
54615923,SAMN54615923,,Sa48RNI,milk,,2024,South Africa: Dr Kenneth Kaunda District,,,,,,,,,Staphylococcus aureus
54615922,SAMN54615922,,Sa44LF2,milk,,2024,South Africa: Dr Kenneth Kaunda District,,,,,,,,,Staphylococcus aureus
54614330,SAMN54614330,,Sa48RNI,milk,,2024,South Africa: Dr Kenneth Kaunda District,,,,,,,,,Staphylococcus aureus
54614329,SAMN54614329,,Sa44LH,milk,,2024,South Africa: Dr Kenneth Kaunda District,,,,,,,,,Staphylococcus aureus
54614328,SAMN54614328,,Sa44LF2,milk,,2024,South Africa: Dr Kenneth Kaunda District,,,,,,,,,Staphylococcus aureus
54605021,SAMN54605021,,UMB11740,,Homo sapiens,,,,,,,,,,,Staphylococcus aureus
54608384,SAMEA116304641,,,,,,,,,,,,,,,Staphylococcus aureus
54596230,SAMN54596230,,TP8090-D6,Dairy milk,Bos taurus,2025,Canada: Sainte-Anne-de-Bellevue,,,,,GCA_054634315.1,Contig,,ftp://ftp.ncbi.nlm.nih.gov/genomes/all/GCA/054/634/315/GCA_054634315.1_ASM5463431v1,Staphylococcus aureus
54596229,SAMN54596229,,TP8090-B6,Dairy milk,Bos taurus,2025,Canada: Sainte-Anne-de-Bellevue,,,,,GCA_054634335.1,Contig,,ftp://ftp.ncbi.nlm.nih.gov/genomes/all/GCA/054/634/335/GCA_054634335.1_ASM5463433v1,Staphylococcus aureus
54596202,SAMN54596202,,725Q1-9926Q4-E5,Dairy milk,Bos taurus,2025,Canada: Sainte-Anne-de-Bellevue,,,,,GCA_054634875.1,Contig,,ftp://ftp.ncbi.nlm.nih.gov/genomes/all/GCA/054/634/875/GCA_054634875.1_ASM5463487v1,Staphylococcus aureus
54586967,SAMN54586967,,not applicable,nares,Homo sapiens,2025-12-29,USA,,,,,GCA_054486805.1,Contig,,ftp://ftp.ncbi.nlm.nih.gov/genomes/all/GCA/054/486/805/GCA_054486805.1_PDT003053260.1,Staphylococcus aureus
54586966,SAMN54586966,,not applicable,nares,Homo sapiens,2025-12-29,USA,,,,,GCA_054486825.1,Contig,,ftp://ftp.ncbi.nlm.nih.gov/genomes/all/GCA/054/486/825/GCA_054486825.1_PDT003053261.1,Staphylococcus aureus
54578590,SAMN54578590,,IMRB214,urine,Homo sapiens,2020-02-17,Malaysia: Selangor,,,,,,,,,Staphylococcus aureus
54566320,SAMN54566320,,1140/12,nasal swab,Homo sapiens,2009-01-29,Luxembourg: Luxembourg,,,,,,,,,Staphylococcus aureus
54566307,SAMN54566307,,2363/09,blood,Homo sapiens,2009-04-30,Poland: Gorlice,,,,,,,,,Staphylococcus aureus
54566303,SAMN54566303,,2711/09,blood,Homo sapiens,2009-05-08,Poland: Warszawa,,,,,,,,,Staphylococcus aureus
54566291,SAMN54566291,,10432/11,blood,Homo sapiens,2011-05-14,Poland: Lublin,,,,,,,,,Staphylococcus aureus
54566289,SAMN54566289,,3956/13,blood,Homo sapiens,2013-09-05,Poland: Inowroclaw,,,,,,,,,Staphylococcus aureus
54546442,SAMN54546442,,2027/06,blood,Homo sapiens,2006-07-07,Poland: Wolomin,,,,,,,,,Staphylococcus aureus
54531393,SAMN54531393,,missing,not collected,not collected,2023-07-01,China: Changsha,,,,,,,,,Staphylococcus aureus
54531392,SAMN54531392,,missing,not collected,not collected,2023-07-01,China: Changsha,,,,,,,,,Staphylococcus aureus
54531391,SAMN54531391,,missing,not collected,not collected,2023-07-01,China: Changsha,,,,,,,,,Staphylococcus aureus
54531390,SAMN54531390,,missing,not collected,not collected,2023-07-01,China: Changsha,,,,,,,,,Staphylococcus aureus
54531389,SAMN54531389,,missing,not collected,not collected,2023-07-01,China: Changsha,,,,,,,,,Staphylococcus aureus
54531388,SAMN54531388,,missing,not collected,not collected,2023-07-01,China: Changsha,,,,,,,,,Staphylococcus aureus
54509352,SAMN54509352,,,missing,missing,missing,USA,,,,,GCA_054408605.1,Contig,,ftp://ftp.ncbi.nlm.nih.gov/genomes/all/GCA/054/408/605/GCA_054408605.1_PDT003048056.1,Staphylococcus aureus
53838643,SAMN53838643,,ME01D3112,blood,Homo sapiens,2024-12-05,China:Hunan,,,,,,,,,Staphylococcus aureus
53838642,SAMN53838642,,TNE5789,bronchoalveolar lavage fluid,Homo sapiens,2024-12-05,China:Hunan,,,,,,,,,Staphylococcus aureus
54492852,SAMN54492852,,DSM 110565,laboratory culture,not provided,2023-12-06,not provided,,,,,,,,,Staphylococcus aureus
54440322,SAMN54440322,,02,bronchoalveolar lavage fluid,Homo sapiens,2023-07-04,China:Hefei,,,,,GCF_054462195.1,Scaffold,ftp://ftp.ncbi.nlm.nih.gov/genomes/all/GCF/054/462/195/GCF_054462195.1_ASM5446219v1,ftp://ftp.ncbi.nlm.nih.gov/genomes/all/GCA/054/462/195/GCA_054462195.1_ASM5446219v1,Staphylococcus aureus
54439218,SAMN54439218,,GZ261,,Homo sapiens,2023,"China: Shenzhen, Guangdong",,,,,,,,,Staphylococcus aureus
54179245,SAMN54179245,,marc.niicuss.904,surveillance swabs,Homo sapiens,2024-02-21,"USA: Philadelphia, PA",,,,,,,,,Staphylococcus aureus
54179244,SAMN54179244,,marc.niicuss.903,surveillance swabs,Homo sapiens,2024-02-21,"USA: Philadelphia, PA",,,,,,,,,Staphylococcus aureus
54179243,SAMN54179243,,marc.niicuss.902,surveillance swabs,Homo sapiens,2024-02-21,"USA: Philadelphia, PA",,,,,,,,,Staphylococcus aureus
54179242,SAMN54179242,,marc.niicuss.901,surveillance swabs,Homo sapiens,2024-02-21,"USA: Philadelphia, PA",,,,,,,,,Staphylococcus aureus
54179241,SAMN54179241,,marc.niicuss.900,surveillance swabs,Homo sapiens,2024-02-21,"USA: Philadelphia, PA",,,,,,,,,Staphylococcus aureus
54179240,SAMN54179240,,marc.niicuss.899,surveillance swabs,Homo sapiens,2024-02-21,"USA: Philadelphia, PA",,,,,,,,,Staphylococcus aureus
54179239,SAMN54179239,,marc.niicuss.898,surveillance swabs,Homo sapiens,2024-02-21,"USA: Philadelphia, PA",,,,,,,,,Staphylococcus aureus
54179238,SAMN54179238,,marc.niicuss.897,surveillance swabs,Homo sapiens,2024-02-21,"USA: Philadelphia, PA",,,,,,,,,Staphylococcus aureus
54179237,SAMN54179237,,marc.niicuss.896,surveillance swabs,Homo sapiens,2024-02-21,"USA: Philadelphia, PA",,,,,,,,,Staphylococcus aureus
54179236,SAMN54179236,,marc.niicuss.895,surveillance swabs,Homo sapiens,2024-02-21,"USA: Philadelphia, PA",,,,,,,,,Staphylococcus aureus
54179235,SAMN54179235,,marc.niicuss.894,surveillance swabs,Homo sapiens,2024-02-19,"USA: Philadelphia, PA",,,,,,,,,Staphylococcus aureus
54179234,SAMN54179234,,marc.niicuss.893,surveillance swabs,Homo sapiens,2024-02-19,"USA: Philadelphia, PA",,,,,,,,,Staphylococcus aureus
54179233,SAMN54179233,,marc.niicuss.892,surveillance swabs,Homo sapiens,2024-02-19,"USA: Philadelphia, PA",,,,,,,,,Staphylococcus aureus
54179232,SAMN54179232,,marc.niicuss.891,surveillance swabs,Homo sapiens,2024-02-19,"USA: Philadelphia, PA",,,,,,,,,Staphylococcus aureus
54179231,SAMN54179231,,marc.niicuss.890,surveillance swabs,Homo sapiens,2024-02-20,"USA: Philadelphia, PA",,,,,,,,,Staphylococcus aureus
54179230,SAMN54179230,,marc.niicuss.889,surveillance swabs,Homo sapiens,2024-02-20,"USA: Philadelphia, PA",,,,,,,,,Staphylococcus aureus
54179229,SAMN54179229,,marc.niicuss.888,surveillance swabs,Homo sapiens,2024-02-19,"USA: Philadelphia, PA",,,,,,,,,Staphylococcus aureus
54179228,SAMN54179228,,marc.niicuss.887,surveillance swabs,Homo sapiens,2024-02-19,"USA: Philadelphia, PA",,,,,,,,,Staphylococcus aureus
54179227,SAMN54179227,,marc.niicuss.886,surveillance swabs,Homo sapiens,2024-02-19,"USA: Philadelphia, PA",,,,,,,,,Staphylococcus aureus
54179226,SAMN54179226,,marc.niicuss.885,surveillance swabs,Homo sapiens,2024-02-19,"USA: Philadelphia, PA",,,,,,,,,Staphylococcus aureus
54179225,SAMN54179225,,marc.niicuss.884,surveillance swabs,Homo sapiens,2024-02-20,"USA: Philadelphia, PA",,,,,,,,,Staphylococcus aureus
54179224,SAMN54179224,,marc.niicuss.883,surveillance swabs,Homo sapiens,2024-02-20,"USA: Philadelphia, PA",,,,,,,,,Staphylococcus aureus
54179223,SAMN54179223,,marc.niicuss.882,surveillance swabs,Homo sapiens,2024-02-20,"USA: Philadelphia, PA",,,,,,,,,Staphylococcus aureus
54179222,SAMN54179222,,marc.niicuss.881,surveillance swabs,Homo sapiens,2024-02-20,"USA: Philadelphia, PA",,,,,,,,,Staphylococcus aureus
54179221,SAMN54179221,,marc.niicuss.880,surveillance swabs,Homo sapiens,2024-02-20,"USA: Philadelphia, PA",,,,,,,,,Staphylococcus aureus
54179220,SAMN54179220,,marc.niicuss.879,surveillance swabs,Homo sapiens,2024-02-20,"USA: Philadelphia, PA",,,,,,,,,Staphylococcus aureus
54179219,SAMN54179219,,marc.niicuss.878,surveillance swabs,Homo sapiens,2024-02-20,"USA: Philadelphia, PA",,,,,,,,,Staphylococcus aureus
54179218,SAMN54179218,,marc.niicuss.877,surveillance swabs,Homo sapiens,2024-02-19,"USA: Philadelphia, PA",,,,,,,,,Staphylococcus aureus
54179217,SAMN54179217,,marc.niicuss.876,surveillance swabs,Homo sapiens,2024-02-20,"USA: Philadelphia, PA",,,,,,,,,Staphylococcus aureus
54179216,SAMN54179216,,marc.niicuss.875,surveillance swabs,Homo sapiens,2024-02-20,"USA: Philadelphia, PA",,,,,,,,,Staphylococcus aureus
54179215,SAMN54179215,,marc.niicuss.874,surveillance swabs,Homo sapiens,2024-01-17,"USA: Philadelphia, PA",,,,,,,,,Staphylococcus aureus
54179214,SAMN54179214,,marc.niicuss.873,surveillance swabs,Homo sapiens,2024-01-17,"USA: Philadelphia, PA",,,,,,,,,Staphylococcus aureus
54179213,SAMN54179213,,marc.niicuss.872,surveillance swabs,Homo sapiens,2024-01-16,"USA: Philadelphia, PA",,,,,,,,,Staphylococcus aureus
54179212,SAMN54179212,,marc.niicuss.871,surveillance swabs,Homo sapiens,2024-01-16,"USA: Philadelphia, PA",,,,,,,,,Staphylococcus aureus
54179211,SAMN54179211,,marc.niicuss.870,surveillance swabs,Homo sapiens,2024-01-16,"USA: Philadelphia, PA",,,,,,,,,Staphylococcus aureus
54179210,SAMN54179210,,marc.niicuss.869,surveillance swabs,Homo sapiens,2024-01-16,"USA: Philadelphia, PA",,,,,,,,,Staphylococcus aureus
54179209,SAMN54179209,,marc.niicuss.868,surveillance swabs,Homo sapiens,2024-01-17,"USA: Philadelphia, PA",,,,,,,,,Staphylococcus aureus
54179208,SAMN54179208,,marc.niicuss.867,surveillance swabs,Homo sapiens,2024-01-18,"USA: Philadelphia, PA",,,,,,,,,Staphylococcus aureus
54179207,SAMN54179207,,marc.niicuss.866,surveillance swabs,Homo sapiens,2024-01-18,"USA: Philadelphia, PA",,,,,,,,,Staphylococcus aureus
54179206,SAMN54179206,,marc.niicuss.865,surveillance swabs,Homo sapiens,2023-12-20,"USA: Philadelphia, PA",,,,,,,,,Staphylococcus aureus
54179205,SAMN54179205,,marc.niicuss.864,surveillance swabs,Homo sapiens,2024-01-17,"USA: Philadelphia, PA",,,,,,,,,Staphylococcus aureus
54179204,SAMN54179204,,marc.niicuss.863,surveillance swabs,Homo sapiens,2024-01-17,"USA: Philadelphia, PA",,,,,,,,,Staphylococcus aureus
54179203,SAMN54179203,,marc.niicuss.862,surveillance swabs,Homo sapiens,2024-01-16,"USA: Philadelphia, PA",,,,,,,,,Staphylococcus aureus
54179202,SAMN54179202,,marc.niicuss.861,surveillance swabs,Homo sapiens,2024-01-16,"USA: Philadelphia, PA",,,,,,,,,Staphylococcus aureus
54179201,SAMN54179201,,marc.niicuss.860,surveillance swabs,Homo sapiens,2024-01-17,"USA: Philadelphia, PA",,,,,,,,,Staphylococcus aureus
54179200,SAMN54179200,,marc.niicuss.859,surveillance swabs,Homo sapiens,2024-01-17,"USA: Philadelphia, PA",,,,,,,,,Staphylococcus aureus
54179199,SAMN54179199,,marc.niicuss.858,surveillance swabs,Homo sapiens,2023-12-19,"USA: Philadelphia, PA",,,,,,,,,Staphylococcus aureus
54179198,SAMN54179198,,marc.niicuss.857,surveillance swabs,Homo sapiens,2024-01-17,"USA: Philadelphia, PA",,,,,,,,,Staphylococcus aureus
54179197,SAMN54179197,,marc.niicuss.856,surveillance swabs,Homo sapiens,2024-01-17,"USA: Philadelphia, PA",,,,,,,,,Staphylococcus aureus
54179196,SAMN54179196,,marc.niicuss.855,surveillance swabs,Homo sapiens,2024-01-17,"USA: Philadelphia, PA",,,,,,,,,Staphylococcus aureus
54179195,SAMN54179195,,marc.niicuss.854,surveillance swabs,Homo sapiens,2024-01-17,"USA: Philadelphia, PA",,,,,,,,,Staphylococcus aureus
54179194,SAMN54179194,,marc.niicuss.853,surveillance swabs,Homo sapiens,2024-01-17,"USA: Philadelphia, PA",,,,,,,,,Staphylococcus aureus
54179193,SAMN54179193,,marc.niicuss.852,surveillance swabs,Homo sapiens,2024-01-18,"USA: Philadelphia, PA",,,,,,,,,Staphylococcus aureus
54179192,SAMN54179192,,marc.niicuss.851,surveillance swabs,Homo sapiens,2024-01-18,"USA: Philadelphia, PA",,,,,,,,,Staphylococcus aureus
54179191,SAMN54179191,,marc.niicuss.850,surveillance swabs,Homo sapiens,2023-11-22,"USA: Philadelphia, PA",,,,,,,,,Staphylococcus aureus
54179190,SAMN54179190,,marc.niicuss.849,surveillance swabs,Homo sapiens,2023-11-22,"USA: Philadelphia, PA",,,,,,,,,Staphylococcus aureus
54179189,SAMN54179189,,marc.niicuss.848,surveillance swabs,Homo sapiens,2023-11-22,"USA: Philadelphia, PA",,,,,,,,,Staphylococcus aureus
54179188,SAMN54179188,,marc.niicuss.847,surveillance swabs,Homo sapiens,2023-11-21,"USA: Philadelphia, PA",,,,,,,,,Staphylococcus aureus
54179187,SAMN54179187,,marc.niicuss.846,surveillance swabs,Homo sapiens,2023-11-21,"USA: Philadelphia, PA",,,,,,,,,Staphylococcus aureus
54179186,SAMN54179186,,marc.niicuss.845,surveillance swabs,Homo sapiens,2023-11-21,"USA: Philadelphia, PA",,,,,,,,,Staphylococcus aureus
54179185,SAMN54179185,,marc.niicuss.844,surveillance swabs,Homo sapiens,2023-11-21,"USA: Philadelphia, PA",,,,,,,,,Staphylococcus aureus
54179184,SAMN54179184,,marc.niicuss.843,surveillance swabs,Homo sapiens,2023-11-22,"USA: Philadelphia, PA",,,,,,,,,Staphylococcus aureus
54179183,SAMN54179183,,marc.niicuss.842,surveillance swabs,Homo sapiens,2023-11-21,"USA: Philadelphia, PA",,,,,,,,,Staphylococcus aureus
54179182,SAMN54179182,,marc.niicuss.841,surveillance swabs,Homo sapiens,2023-11-21,"USA: Philadelphia, PA",,,,,,,,,Staphylococcus aureus
54179181,SAMN54179181,,marc.niicuss.840,surveillance swabs,Homo sapiens,2023-11-21,"USA: Philadelphia, PA",,,,,,,,,Staphylococcus aureus
54179180,SAMN54179180,,marc.niicuss.839,surveillance swabs,Homo sapiens,2023-11-21,"USA: Philadelphia, PA",,,,,,,,,Staphylococcus aureus
54179179,SAMN54179179,,marc.niicuss.838,surveillance swabs,Homo sapiens,2023-11-21,"USA: Philadelphia, PA",,,,,,,,,Staphylococcus aureus
54179178,SAMN54179178,,marc.niicuss.837,surveillance swabs,Homo sapiens,2023-11-21,"USA: Philadelphia, PA",,,,,,,,,Staphylococcus aureus
54179177,SAMN54179177,,marc.niicuss.836,surveillance swabs,Homo sapiens,2023-11-21,"USA: Philadelphia, PA",,,,,,,,,Staphylococcus aureus
54179176,SAMN54179176,,marc.niicuss.835,surveillance swabs,Homo sapiens,2023-11-22,"USA: Philadelphia, PA",,,,,,,,,Staphylococcus aureus
54179175,SAMN54179175,,marc.niicuss.834,surveillance swabs,Homo sapiens,2023-11-22,"USA: Philadelphia, PA",,,,,,,,,Staphylococcus aureus
54179174,SAMN54179174,,marc.niicuss.833,surveillance swabs,Homo sapiens,2023-11-22,"USA: Philadelphia, PA",,,,,,,,,Staphylococcus aureus
54179173,SAMN54179173,,marc.niicuss.832,surveillance swabs,Homo sapiens,2023-11-21,"USA: Philadelphia, PA",,,,,,,,,Staphylococcus aureus
54179172,SAMN54179172,,marc.niicuss.831,surveillance swabs,Homo sapiens,2023-11-22,"USA: Philadelphia, PA",,,,,,,,,Staphylococcus aureus
54179171,SAMN54179171,,marc.niicuss.830,surveillance swabs,Homo sapiens,2023-11-22,"USA: Philadelphia, PA",,,,,,,,,Staphylococcus aureus
54179170,SAMN54179170,,marc.niicuss.829,surveillance swabs,Homo sapiens,2023-11-22,"USA: Philadelphia, PA",,,,,,,,,Staphylococcus aureus
54179169,SAMN54179169,,marc.niicuss.828,surveillance swabs,Homo sapiens,2023-11-21,"USA: Philadelphia, PA",,,,,,,,,Staphylococcus aureus
54179168,SAMN54179168,,marc.niicuss.827,surveillance swabs,Homo sapiens,2023-11-21,"USA: Philadelphia, PA",,,,,,,,,Staphylococcus aureus
54179167,SAMN54179167,,marc.niicuss.826,surveillance swabs,Homo sapiens,2023-11-21,"USA: Philadelphia, PA",,,,,,,,,Staphylococcus aureus
54179166,SAMN54179166,,marc.niicuss.825,surveillance swabs,Homo sapiens,2023-11-21,"USA: Philadelphia, PA",,,,,,,,,Staphylococcus aureus
54179165,SAMN54179165,,marc.niicuss.824,surveillance swabs,Homo sapiens,2023-11-21,"USA: Philadelphia, PA",,,,,,,,,Staphylococcus aureus
54179164,SAMN54179164,,marc.niicuss.823,surveillance swabs,Homo sapiens,2023-11-22,"USA: Philadelphia, PA",,,,,,,,,Staphylococcus aureus
54179163,SAMN54179163,,marc.niicuss.822,surveillance swabs,Homo sapiens,2023-11-22,"USA: Philadelphia, PA",,,,,,,,,Staphylococcus aureus
54179162,SAMN54179162,,marc.niicuss.821,surveillance swabs,Homo sapiens,2023-11-20,"USA: Philadelphia, PA",,,,,,,,,Staphylococcus aureus
54179161,SAMN54179161,,marc.niicuss.820,surveillance swabs,Homo sapiens,2023-11-20,"USA: Philadelphia, PA",,,,,,,,,Staphylococcus aureus
54179160,SAMN54179160,,marc.niicuss.819,surveillance swabs,Homo sapiens,2023-11-20,"USA: Philadelphia, PA",,,,,,,,,Staphylococcus aureus
54179159,SAMN54179159,,marc.niicuss.818,surveillance swabs,Homo sapiens,2023-11-20,"USA: Philadelphia, PA",,,,,,,,,Staphylococcus aureus
54179158,SAMN54179158,,marc.niicuss.817,surveillance swabs,Homo sapiens,2023-11-20,"USA: Philadelphia, PA",,,,,,,,,Staphylococcus aureus
54179157,SAMN54179157,,marc.niicuss.816,surveillance swabs,Homo sapiens,2023-10-17,"USA: Philadelphia, PA",,,,,,,,,Staphylococcus aureus
54179156,SAMN54179156,,marc.niicuss.815,surveillance swabs,Homo sapiens,2023-10-17,"USA: Philadelphia, PA",,,,,,,,,Staphylococcus aureus
54179155,SAMN54179155,,marc.niicuss.814,surveillance swabs,Homo sapiens,2023-10-16,"USA: Philadelphia, PA",,,,,,,,,Staphylococcus aureus
54179154,SAMN54179154,,marc.niicuss.813,surveillance swabs,Homo sapiens,2023-10-17,"USA: Philadelphia, PA",,,,,,,,,Staphylococcus aureus
54179153,SAMN54179153,,marc.niicuss.812,surveillance swabs,Homo sapiens,2023-10-17,"USA: Philadelphia, PA",,,,,,,,,Staphylococcus aureus
54179152,SAMN54179152,,marc.niicuss.811,surveillance swabs,Homo sapiens,2023-10-16,"USA: Philadelphia, PA",,,,,,,,,Staphylococcus aureus
54179151,SAMN54179151,,marc.niicuss.810,surveillance swabs,Homo sapiens,2023-10-16,"USA: Philadelphia, PA",,,,,,,,,Staphylococcus aureus
54179150,SAMN54179150,,marc.niicuss.809,surveillance swabs,Homo sapiens,2023-10-17,"USA: Philadelphia, PA",,,,,,,,,Staphylococcus aureus
54179149,SAMN54179149,,marc.niicuss.808,surveillance swabs,Homo sapiens,2023-10-16,"USA: Philadelphia, PA",,,,,,,,,Staphylococcus aureus
54179114,SAMN54179114,,marc.niicuss.807,surveillance swabs,Homo sapiens,2023-10-18,"USA: Philadelphia, PA",,,,,,,,,Staphylococcus aureus
54179113,SAMN54179113,,marc.niicuss.806,surveillance swabs,Homo sapiens,2023-10-18,"USA: Philadelphia, PA",,,,,,,,,Staphylococcus aureus
54179112,SAMN54179112,,marc.niicuss.805,surveillance swabs,Homo sapiens,2023-10-18,"USA: Philadelphia, PA",,,,,,,,,Staphylococcus aureus
54179111,SAMN54179111,,marc.niicuss.804,surveillance swabs,Homo sapiens,2023-10-18,"USA: Philadelphia, PA",,,,,,,,,Staphylococcus aureus
54179110,SAMN54179110,,marc.niicuss.803,surveillance swabs,Homo sapiens,2023-10-18,"USA: Philadelphia, PA",,,,,,,,,Staphylococcus aureus
54179109,SAMN54179109,,marc.niicuss.802,surveillance swabs,Homo sapiens,2023-10-18,"USA: Philadelphia, PA",,,,,,,,,Staphylococcus aureus
54179108,SAMN54179108,,marc.niicuss.801,surveillance swabs,Homo sapiens,2023-10-17,"USA: Philadelphia, PA",,,,,,,,,Staphylococcus aureus
54179107,SAMN54179107,,marc.niicuss.800,surveillance swabs,Homo sapiens,2023-10-17,"USA: Philadelphia, PA",,,,,,,,,Staphylococcus aureus
54179106,SAMN54179106,,marc.niicuss.799,surveillance swabs,Homo sapiens,2023-10-17,"USA: Philadelphia, PA",,,,,,,,,Staphylococcus aureus
54179105,SAMN54179105,,marc.niicuss.798,surveillance swabs,Homo sapiens,2023-10-18,"USA: Philadelphia, PA",,,,,,,,,Staphylococcus aureus
54179104,SAMN54179104,,marc.niicuss.797,surveillance swabs,Homo sapiens,2023-10-18,"USA: Philadelphia, PA",,,,,,,,,Staphylococcus aureus
54179103,SAMN54179103,,marc.niicuss.796,surveillance swabs,Homo sapiens,2023-10-18,"USA: Philadelphia, PA",,,,,,,,,Staphylococcus aureus
54179102,SAMN54179102,,marc.niicuss.795,surveillance swabs,Homo sapiens,2023-10-18,"USA: Philadelphia, PA",,,,,,,,,Staphylococcus aureus
54179101,SAMN54179101,,marc.niicuss.794,surveillance swabs,Homo sapiens,2023-10-18,"USA: Philadelphia, PA",,,,,,,,,Staphylococcus aureus
54179100,SAMN54179100,,marc.niicuss.793,surveillance swabs,Homo sapiens,2023-10-18,"USA: Philadelphia, PA",,,,,,,,,Staphylococcus aureus
54179099,SAMN54179099,,marc.niicuss.792,surveillance swabs,Homo sapiens,2023-10-18,"USA: Philadelphia, PA",,,,,,,,,Staphylococcus aureus
54179098,SAMN54179098,,marc.niicuss.702,surveillance swabs,Homo sapiens,2023-06-28,"USA: Philadelphia, PA",,,,,,,,,Staphylococcus aureus
54179097,SAMN54179097,,marc.niicuss.701,surveillance swabs,Homo sapiens,2023-06-28,"USA: Philadelphia, PA",,,,,,,,,Staphylococcus aureus
54179096,SAMN54179096,,marc.niicuss.700,surveillance swabs,Homo sapiens,2023-06-28,"USA: Philadelphia, PA",,,,,,,,,Staphylococcus aureus
54179095,SAMN54179095,,marc.niicuss.699,surveillance swabs,Homo sapiens,2023-06-28,"USA: Philadelphia, PA",,,,,,,,,Staphylococcus aureus
54179094,SAMN54179094,,marc.niicuss.698,surveillance swabs,Homo sapiens,2023-06-28,"USA: Philadelphia, PA",,,,,,,,,Staphylococcus aureus
54179093,SAMN54179093,,marc.niicuss.697,surveillance swabs,Homo sapiens,2023-06-28,"USA: Philadelphia, PA",,,,,,,,,Staphylococcus aureus
54179092,SAMN54179092,,marc.niicuss.696,surveillance swabs,Homo sapiens,2023-06-28,"USA: Philadelphia, PA",,,,,,,,,Staphylococcus aureus
54179091,SAMN54179091,,marc.niicuss.695,surveillance swabs,Homo sapiens,2023-06-28,"USA: Philadelphia, PA",,,,,,,,,Staphylococcus aureus
54179090,SAMN54179090,,marc.niicuss.694,surveillance swabs,Homo sapiens,2023-06-28,"USA: Philadelphia, PA",,,,,,,,,Staphylococcus aureus
54179089,SAMN54179089,,marc.niicuss.693,surveillance swabs,Homo sapiens,2023-06-28,"USA: Philadelphia, PA",,,,,,,,,Staphylococcus aureus
54179088,SAMN54179088,,marc.niicuss.692,surveillance swabs,Homo sapiens,2023-06-28,"USA: Philadelphia, PA",,,,,,,,,Staphylococcus aureus
54179087,SAMN54179087,,marc.niicuss.691,surveillance swabs,Homo sapiens,2023-06-28,"USA: Philadelphia, PA",,,,,,,,,Staphylococcus aureus
54179086,SAMN54179086,,marc.niicuss.690,surveillance swabs,Homo sapiens,2023-06-28,"USA: Philadelphia, PA",,,,,,,,,Staphylococcus aureus
54179085,SAMN54179085,,marc.niicuss.689,surveillance swabs,Homo sapiens,2023-06-28,"USA: Philadelphia, PA",,,,,,,,,Staphylococcus aureus
54179084,SAMN54179084,,marc.niicuss.688,surveillance swabs,Homo sapiens,2023-06-28,"USA: Philadelphia, PA",,,,,,,,,Staphylococcus aureus
54179083,SAMN54179083,,marc.niicuss.687,surveillance swabs,Homo sapiens,2023-06-28,"USA: Philadelphia, PA",,,,,,,,,Staphylococcus aureus
54179082,SAMN54179082,,marc.niicuss.686,surveillance swabs,Homo sapiens,2023-06-28,"USA: Philadelphia, PA",,,,,,,,,Staphylococcus aureus
54179081,SAMN54179081,,marc.niicuss.685,surveillance swabs,Homo sapiens,2023-06-28,"USA: Philadelphia, PA",,,,,,,,,Staphylococcus aureus
54179080,SAMN54179080,,marc.niicuss.684,surveillance swabs,Homo sapiens,2023-06-28,"USA: Philadelphia, PA",,,,,,,,,Staphylococcus aureus
54179079,SAMN54179079,,marc.niicuss.683,surveillance swabs,Homo sapiens,2023-06-28,"USA: Philadelphia, PA",,,,,,,,,Staphylococcus aureus
54179078,SAMN54179078,,marc.niicuss.682,surveillance swabs,Homo sapiens,2023-06-28,"USA: Philadelphia, PA",,,,,,,,,Staphylococcus aureus
54179077,SAMN54179077,,marc.niicuss.681,surveillance swabs,Homo sapiens,2023-06-28,"USA: Philadelphia, PA",,,,,,,,,Staphylococcus aureus
54179076,SAMN54179076,,marc.niicuss.680,surveillance swabs,Homo sapiens,2023-06-28,"USA: Philadelphia, PA",,,,,,,,,Staphylococcus aureus
54179075,SAMN54179075,,marc.niicuss.679,surveillance swabs,Homo sapiens,2023-06-26,"USA: Philadelphia, PA",,,,,,,,,Staphylococcus aureus
54179074,SAMN54179074,,marc.niicuss.678,surveillance swabs,Homo sapiens,2023-06-28,"USA: Philadelphia, PA",,,,,,,,,Staphylococcus aureus
54179073,SAMN54179073,,marc.niicuss.677,surveillance swabs,Homo sapiens,2023-06-28,"USA: Philadelphia, PA",,,,,,,,,Staphylococcus aureus
54179072,SAMN54179072,,marc.niicuss.676,surveillance swabs,Homo sapiens,2023-06-26,"USA: Philadelphia, PA",,,,,,,,,Staphylococcus aureus
54179071,SAMN54179071,,marc.niicuss.675,surveillance swabs,Homo sapiens,2023-06-26,"USA: Philadelphia, PA",,,,,,,,,Staphylococcus aureus
54179070,SAMN54179070,,marc.niicuss.674,surveillance swabs,Homo sapiens,2023-06-26,"USA: Philadelphia, PA",,,,,,,,,Staphylococcus aureus
54179069,SAMN54179069,,marc.niicuss.673,surveillance swabs,Homo sapiens,2023-06-26,"USA: Philadelphia, PA",,,,,,,,,Staphylococcus aureus
54179068,SAMN54179068,,marc.niicuss.672,surveillance swabs,Homo sapiens,2023-06-26,"USA: Philadelphia, PA",,,,,,,,,Staphylococcus aureus
54179067,SAMN54179067,,marc.niicuss.671,surveillance swabs,Homo sapiens,2023-06-26,"USA: Philadelphia, PA",,,,,,,,,Staphylococcus aureus
54179066,SAMN54179066,,marc.niicuss.670,surveillance swabs,Homo sapiens,2023-06-26,"USA: Philadelphia, PA",,,,,,,,,Staphylococcus aureus
54179065,SAMN54179065,,marc.niicuss.669,surveillance swabs,Homo sapiens,2023-06-27,"USA: Philadelphia, PA",,,,,,,,,Staphylococcus aureus
54179064,SAMN54179064,,marc.niicuss.668,surveillance swabs,Homo sapiens,2023-06-27,"USA: Philadelphia, PA",,,,,,,,,Staphylococcus aureus
54179063,SAMN54179063,,marc.niicuss.667,surveillance swabs,Homo sapiens,2023-06-27,"USA: Philadelphia, PA",,,,,,,,,Staphylococcus aureus
54179062,SAMN54179062,,marc.niicuss.666,surveillance swabs,Homo sapiens,2023-06-26,"USA: Philadelphia, PA",,,,,,,,,Staphylococcus aureus
54179061,SAMN54179061,,marc.niicuss.665,surveillance swabs,Homo sapiens,2023-06-27,"USA: Philadelphia, PA",,,,,,,,,Staphylococcus aureus
54179060,SAMN54179060,,marc.niicuss.664,surveillance swabs,Homo sapiens,2023-06-27,"USA: Philadelphia, PA",,,,,,,,,Staphylococcus aureus
54179059,SAMN54179059,,marc.niicuss.663,surveillance swabs,Homo sapiens,2023-06-27,"USA: Philadelphia, PA",,,,,,,,,Staphylococcus aureus
54179058,SAMN54179058,,marc.niicuss.662,surveillance swabs,Homo sapiens,2023-06-27,"USA: Philadelphia, PA",,,,,,,,,Staphylococcus aureus
54179057,SAMN54179057,,marc.niicuss.661,surveillance swabs,Homo sapiens,2023-06-27,"USA: Philadelphia, PA",,,,,,,,,Staphylococcus aureus
54179056,SAMN54179056,,marc.niicuss.660,surveillance swabs,Homo sapiens,2023-06-26,"USA: Philadelphia, PA",,,,,,,,,Staphylococcus aureus
54179055,SAMN54179055,,marc.niicuss.659,surveillance swabs,Homo sapiens,2023-06-26,"USA: Philadelphia, PA",,,,,,,,,Staphylococcus aureus
54179054,SAMN54179054,,marc.niicuss.658,surveillance swabs,Homo sapiens,2023-06-26,"USA: Philadelphia, PA",,,,,,,,,Staphylococcus aureus
54179053,SAMN54179053,,marc.niicuss.657,surveillance swabs,Homo sapiens,2023-06-27,"USA: Philadelphia, PA",,,,,,,,,Staphylococcus aureus
54179052,SAMN54179052,,marc.niicuss.656,surveillance swabs,Homo sapiens,2023-06-27,"USA: Philadelphia, PA",,,,,,,,,Staphylococcus aureus
54179051,SAMN54179051,,marc.niicuss.655,surveillance swabs,Homo sapiens,2023-06-27,"USA: Philadelphia, PA",,,,,,,,,Staphylococcus aureus
54179050,SAMN54179050,,marc.niicuss.654,surveillance swabs,Homo sapiens,2023-06-27,"USA: Philadelphia, PA",,,,,,,,,Staphylococcus aureus
54179049,SAMN54179049,,marc.niicuss.653,surveillance swabs,Homo sapiens,2023-06-27,"USA: Philadelphia, PA",,,,,,,,,Staphylococcus aureus
54179048,SAMN54179048,,marc.niicuss.652,surveillance swabs,Homo sapiens,2023-06-27,"USA: Philadelphia, PA",,,,,,,,,Staphylococcus aureus
54179047,SAMN54179047,,marc.niicuss.651,surveillance swabs,Homo sapiens,2023-06-27,"USA: Philadelphia, PA",,,,,,,,,Staphylococcus aureus
54179046,SAMN54179046,,marc.niicuss.650,surveillance swabs,Homo sapiens,2023-06-27,"USA: Philadelphia, PA",,,,,,,,,Staphylococcus aureus
54179045,SAMN54179045,,marc.niicuss.649,surveillance swabs,Homo sapiens,2023-06-27,"USA: Philadelphia, PA",,,,,,,,,Staphylococcus aureus
54179044,SAMN54179044,,marc.niicuss.648,surveillance swabs,Homo sapiens,2023-06-27,"USA: Philadelphia, PA",,,,,,,,,Staphylococcus aureus
54179043,SAMN54179043,,marc.niicuss.647,surveillance swabs,Homo sapiens,2023-06-27,"USA: Philadelphia, PA",,,,,,,,,Staphylococcus aureus
54179042,SAMN54179042,,marc.niicuss.646,surveillance swabs,Homo sapiens,2023-06-27,"USA: Philadelphia, PA",,,,,,,,,Staphylococcus aureus
54179041,SAMN54179041,,marc.niicuss.645,surveillance swabs,Homo sapiens,2023-06-27,"USA: Philadelphia, PA",,,,,,,,,Staphylococcus aureus
54179040,SAMN54179040,,marc.niicuss.644,surveillance swabs,Homo sapiens,2023-06-27,"USA: Philadelphia, PA",,,,,,,,,Staphylococcus aureus
54179039,SAMN54179039,,marc.niicuss.643,surveillance swabs,Homo sapiens,2023-06-27,"USA: Philadelphia, PA",,,,,,,,,Staphylococcus aureus
54179038,SAMN54179038,,marc.niicuss.642,surveillance swabs,Homo sapiens,2023-06-27,"USA: Philadelphia, PA",,,,,,,,,Staphylococcus aureus
54179037,SAMN54179037,,marc.niicuss.641,surveillance swabs,Homo sapiens,2023-06-27,"USA: Philadelphia, PA",,,,,,,,,Staphylococcus aureus
54179036,SAMN54179036,,marc.niicuss.640,surveillance swabs,Homo sapiens,2023-06-27,"USA: Philadelphia, PA",,,,,,,,,Staphylococcus aureus
54179035,SAMN54179035,,marc.niicuss.639,surveillance swabs,Homo sapiens,2023-06-27,"USA: Philadelphia, PA",,,,,,,,,Staphylococcus aureus
54179034,SAMN54179034,,marc.niicuss.638,surveillance swabs,Homo sapiens,2023-06-27,"USA: Philadelphia, PA",,,,,,,,,Staphylococcus aureus
54179033,SAMN54179033,,marc.niicuss.637,surveillance swabs,Homo sapiens,2023-05-17,"USA: Philadelphia, PA",,,,,,,,,Staphylococcus aureus
54179032,SAMN54179032,,marc.niicuss.636,surveillance swabs,Homo sapiens,2023-05-17,"USA: Philadelphia, PA",,,,,,,,,Staphylococcus aureus
54179031,SAMN54179031,,marc.niicuss.635,surveillance swabs,Homo sapiens,2023-05-17,"USA: Philadelphia, PA",,,,,,,,,Staphylococcus aureus
54179030,SAMN54179030,,marc.niicuss.634,surveillance swabs,Homo sapiens,2023-05-17,"USA: Philadelphia, PA",,,,,,,,,Staphylococcus aureus
54179029,SAMN54179029,,marc.niicuss.633,surveillance swabs,Homo sapiens,2023-05-17,"USA: Philadelphia, PA",,,,,,,,,Staphylococcus aureus
54179028,SAMN54179028,,marc.niicuss.632,surveillance swabs,Homo sapiens,2023-05-17,"USA: Philadelphia, PA",,,,,,,,,Staphylococcus aureus
54179027,SAMN54179027,,marc.niicuss.631,surveillance swabs,Homo sapiens,2023-05-17,"USA: Philadelphia, PA",,,,,,,,,Staphylococcus aureus
54179026,SAMN54179026,,marc.niicuss.630,surveillance swabs,Homo sapiens,2023-05-19,"USA: Philadelphia, PA",,,,,,,,,Staphylococcus aureus
54179025,SAMN54179025,,marc.niicuss.629,surveillance swabs,Homo sapiens,2023-05-17,"USA: Philadelphia, PA",,,,,,,,,Staphylococcus aureus
54179024,SAMN54179024,,marc.niicuss.628,surveillance swabs,Homo sapiens,2023-05-17,"USA: Philadelphia, PA",,,,,,,,,Staphylococcus aureus
54179023,SAMN54179023,,marc.niicuss.627,surveillance swabs,Homo sapiens,2023-05-17,"USA: Philadelphia, PA",,,,,,,,,Staphylococcus aureus
54179022,SAMN54179022,,marc.niicuss.626,surveillance swabs,Homo sapiens,2023-05-16,"USA: Philadelphia, PA",,,,,,,,,Staphylococcus aureus
54179021,SAMN54179021,,marc.niicuss.625,surveillance swabs,Homo sapiens,2023-05-17,"USA: Philadelphia, PA",,,,,,,,,Staphylococcus aureus
54179020,SAMN54179020,,marc.niicuss.624,surveillance swabs,Homo sapiens,2023-05-17,"USA: Philadelphia, PA",,,,,,,,,Staphylococcus aureus
54179019,SAMN54179019,,marc.niicuss.623,surveillance swabs,Homo sapiens,2023-05-17,"USA: Philadelphia, PA",,,,,,,,,Staphylococcus aureus
54179018,SAMN54179018,,marc.niicuss.622,surveillance swabs,Homo sapiens,2023-05-17,"USA: Philadelphia, PA",,,,,,,,,Staphylococcus aureus
54179017,SAMN54179017,,marc.niicuss.621,surveillance swabs,Homo sapiens,2023-05-16,"USA: Philadelphia, PA",,,,,,,,,Staphylococcus aureus
54179016,SAMN54179016,,marc.niicuss.620,surveillance swabs,Homo sapiens,2023-05-17,"USA: Philadelphia, PA",,,,,,,,,Staphylococcus aureus
54179015,SAMN54179015,,marc.niicuss.619,surveillance swabs,Homo sapiens,2023-05-17,"USA: Philadelphia, PA",,,,,,,,,Staphylococcus aureus
54179014,SAMN54179014,,marc.niicuss.618,surveillance swabs,Homo sapiens,2023-05-16,"USA: Philadelphia, PA",,,,,,,,,Staphylococcus aureus
54179013,SAMN54179013,,marc.niicuss.617,surveillance swabs,Homo sapiens,2023-05-16,"USA: Philadelphia, PA",,,,,,,,,Staphylococcus aureus
54179012,SAMN54179012,,marc.niicuss.616,surveillance swabs,Homo sapiens,2023-05-17,"USA: Philadelphia, PA",,,,,,,,,Staphylococcus aureus
54179011,SAMN54179011,,marc.niicuss.615,surveillance swabs,Homo sapiens,2023-05-17,"USA: Philadelphia, PA",,,,,,,,,Staphylococcus aureus
54179010,SAMN54179010,,marc.niicuss.614,surveillance swabs,Homo sapiens,2023-05-17,"USA: Philadelphia, PA",,,,,,,,,Staphylococcus aureus
54179009,SAMN54179009,,marc.niicuss.613,surveillance swabs,Homo sapiens,2023-05-17,"USA: Philadelphia, PA",,,,,,,,,Staphylococcus aureus
54179008,SAMN54179008,,marc.niicuss.612,surveillance swabs,Homo sapiens,2023-05-16,"USA: Philadelphia, PA",,,,,,,,,Staphylococcus aureus
54179007,SAMN54179007,,marc.niicuss.611,surveillance swabs,Homo sapiens,2023-05-17,"USA: Philadelphia, PA",,,,,,,,,Staphylococcus aureus
54179006,SAMN54179006,,marc.niicuss.610,surveillance swabs,Homo sapiens,2023-05-17,"USA: Philadelphia, PA",,,,,,,,,Staphylococcus aureus
54179005,SAMN54179005,,marc.niicuss.609,surveillance swabs,Homo sapiens,2023-05-17,"USA: Philadelphia, PA",,,,,,,,,Staphylococcus aureus
54179004,SAMN54179004,,marc.niicuss.608,surveillance swabs,Homo sapiens,2023-05-17,"USA: Philadelphia, PA",,,,,,,,,Staphylococcus aureus
54179003,SAMN54179003,,marc.niicuss.607,surveillance swabs,Homo sapiens,2023-05-17,"USA: Philadelphia, PA",,,,,,,,,Staphylococcus aureus
54179002,SAMN54179002,,marc.niicuss.606,surveillance swabs,Homo sapiens,2023-05-17,"USA: Philadelphia, PA",,,,,,,,,Staphylococcus aureus
54179001,SAMN54179001,,marc.niicuss.605,surveillance swabs,Homo sapiens,2023-05-16,"USA: Philadelphia, PA",,,,,,,,,Staphylococcus aureus
54179000,SAMN54179000,,marc.niicuss.604,surveillance swabs,Homo sapiens,2023-05-16,"USA: Philadelphia, PA",,,,,,,,,Staphylococcus aureus
54178999,SAMN54178999,,marc.niicuss.603,surveillance swabs,Homo sapiens,2023-05-16,"USA: Philadelphia, PA",,,,,,,,,Staphylococcus aureus
54178998,SAMN54178998,,marc.niicuss.602,surveillance swabs,Homo sapiens,2023-05-16,"USA: Philadelphia, PA",,,,,,,,,Staphylococcus aureus
54178997,SAMN54178997,,marc.niicuss.601,surveillance swabs,Homo sapiens,2023-05-17,"USA: Philadelphia, PA",,,,,,,,,Staphylococcus aureus
54178996,SAMN54178996,,marc.niicuss.600,surveillance swabs,Homo sapiens,2023-05-19,"USA: Philadelphia, PA",,,,,,,,,Staphylococcus aureus
54178995,SAMN54178995,,marc.niicuss.599,surveillance swabs,Homo sapiens,2023-05-16,"USA: Philadelphia, PA",,,,,,,,,Staphylococcus aureus
54178994,SAMN54178994,,marc.niicuss.598,surveillance swabs,Homo sapiens,2023-05-16,"USA: Philadelphia, PA",,,,,,,,,Staphylococcus aureus
54178993,SAMN54178993,,marc.niicuss.597,surveillance swabs,Homo sapiens,2023-05-16,"USA: Philadelphia, PA",,,,,,,,,Staphylococcus aureus
54178992,SAMN54178992,,marc.niicuss.596,surveillance swabs,Homo sapiens,2023-05-16,"USA: Philadelphia, PA",,,,,,,,,Staphylococcus aureus
54178991,SAMN54178991,,marc.niicuss.595,surveillance swabs,Homo sapiens,2023-05-16,"USA: Philadelphia, PA",,,,,,,,,Staphylococcus aureus
54178990,SAMN54178990,,marc.niicuss.594,surveillance swabs,Homo sapiens,2023-05-16,"USA: Philadelphia, PA",,,,,,,,,Staphylococcus aureus
54178989,SAMN54178989,,marc.niicuss.593,surveillance swabs,Homo sapiens,2023-05-17,"USA: Philadelphia, PA",,,,,,,,,Staphylococcus aureus
54178988,SAMN54178988,,marc.niicuss.592,surveillance swabs,Homo sapiens,2023-05-16,"USA: Philadelphia, PA",,,,,,,,,Staphylococcus aureus
54178987,SAMN54178987,,marc.niicuss.591,surveillance swabs,Homo sapiens,2023-05-15,"USA: Philadelphia, PA",,,,,,,,,Staphylococcus aureus
54178986,SAMN54178986,,marc.niicuss.590,surveillance swabs,Homo sapiens,2023-05-15,"USA: Philadelphia, PA",,,,,,,,,Staphylococcus aureus
54178985,SAMN54178985,,marc.niicuss.589,surveillance swabs,Homo sapiens,2023-05-15,"USA: Philadelphia, PA",,,,,,,,,Staphylococcus aureus
54178984,SAMN54178984,,marc.niicuss.588,surveillance swabs,Homo sapiens,2023-05-15,"USA: Philadelphia, PA",,,,,,,,,Staphylococcus aureus
54178983,SAMN54178983,,marc.niicuss.587,surveillance swabs,Homo sapiens,2023-05-15,"USA: Philadelphia, PA",,,,,,,,,Staphylococcus aureus
54178982,SAMN54178982,,marc.niicuss.586,surveillance swabs,Homo sapiens,2023-05-15,"USA: Philadelphia, PA",,,,,,,,,Staphylococcus aureus
54178981,SAMN54178981,,marc.niicuss.585,surveillance swabs,Homo sapiens,2023-05-15,"USA: Philadelphia, PA",,,,,,,,,Staphylococcus aureus
54178980,SAMN54178980,,marc.niicuss.584,surveillance swabs,Homo sapiens,2023-05-16,"USA: Philadelphia, PA",,,,,,,,,Staphylococcus aureus
54178979,SAMN54178979,,marc.niicuss.583,surveillance swabs,Homo sapiens,2023-05-15,"USA: Philadelphia, PA",,,,,,,,,Staphylococcus aureus
54178978,SAMN54178978,,marc.niicuss.582,surveillance swabs,Homo sapiens,2023-05-14,"USA: Philadelphia, PA",,,,,,,,,Staphylococcus aureus
54178977,SAMN54178977,,marc.niicuss.581,surveillance swabs,Homo sapiens,2023-05-16,"USA: Philadelphia, PA",,,,,,,,,Staphylococcus aureus
54178976,SAMN54178976,,marc.niicuss.580,surveillance swabs,Homo sapiens,2023-04-19,"USA: Philadelphia, PA",,,,,,,,,Staphylococcus aureus
54178975,SAMN54178975,,marc.niicuss.579,surveillance swabs,Homo sapiens,2023-04-19,"USA: Philadelphia, PA",,,,,,,,,Staphylococcus aureus
54178974,SAMN54178974,,marc.niicuss.578,surveillance swabs,Homo sapiens,2023-04-19,"USA: Philadelphia, PA",,,,,,,,,Staphylococcus aureus
54178973,SAMN54178973,,marc.niicuss.577,surveillance swabs,Homo sapiens,2023-04-19,"USA: Philadelphia, PA",,,,,,,,,Staphylococcus aureus
54178972,SAMN54178972,,marc.niicuss.576,surveillance swabs,Homo sapiens,2023-04-19,"USA: Philadelphia, PA",,,,,,,,,Staphylococcus aureus
54178971,SAMN54178971,,marc.niicuss.575,surveillance swabs,Homo sapiens,2023-04-19,"USA: Philadelphia, PA",,,,,,,,,Staphylococcus aureus
54178970,SAMN54178970,,marc.niicuss.574,surveillance swabs,Homo sapiens,2023-04-19,"USA: Philadelphia, PA",,,,,,,,,Staphylococcus aureus
54178969,SAMN54178969,,marc.niicuss.573,surveillance swabs,Homo sapiens,2023-04-19,"USA: Philadelphia, PA",,,,,,,,,Staphylococcus aureus
54178968,SAMN54178968,,marc.niicuss.572,surveillance swabs,Homo sapiens,2023-04-17,"USA: Philadelphia, PA",,,,,,,,,Staphylococcus aureus
54178967,SAMN54178967,,marc.niicuss.571,surveillance swabs,Homo sapiens,2023-04-19,"USA: Philadelphia, PA",,,,,,,,,Staphylococcus aureus
54178966,SAMN54178966,,marc.niicuss.570,surveillance swabs,Homo sapiens,2023-04-19,"USA: Philadelphia, PA",,,,,,,,,Staphylococcus aureus
54178965,SAMN54178965,,marc.niicuss.569,surveillance swabs,Homo sapiens,2023-04-19,"USA: Philadelphia, PA",,,,,,,,,Staphylococcus aureus
54178964,SAMN54178964,,marc.niicuss.568,surveillance swabs,Homo sapiens,2023-04-18,"USA: Philadelphia, PA",,,,,,,,,Staphylococcus aureus
54178963,SAMN54178963,,marc.niicuss.567,surveillance swabs,Homo sapiens,2023-04-18,"USA: Philadelphia, PA",,,,,,,,,Staphylococcus aureus
54178962,SAMN54178962,,marc.niicuss.566,surveillance swabs,Homo sapiens,2023-04-18,"USA: Philadelphia, PA",,,,,,,,,Staphylococcus aureus
54178961,SAMN54178961,,marc.niicuss.565,surveillance swabs,Homo sapiens,2023-04-18,"USA: Philadelphia, PA",,,,,,,,,Staphylococcus aureus
54178960,SAMN54178960,,marc.niicuss.564,surveillance swabs,Homo sapiens,2023-04-18,"USA: Philadelphia, PA",,,,,,,,,Staphylococcus aureus
54178959,SAMN54178959,,marc.niicuss.563,surveillance swabs,Homo sapiens,2023-04-18,"USA: Philadelphia, PA",,,,,,,,,Staphylococcus aureus
54178958,SAMN54178958,,marc.niicuss.562,surveillance swabs,Homo sapiens,2023-04-19,"USA: Philadelphia, PA",,,,,,,,,Staphylococcus aureus
54178957,SAMN54178957,,marc.niicuss.561,surveillance swabs,Homo sapiens,2023-04-19,"USA: Philadelphia, PA",,,,,,,,,Staphylococcus aureus
54178956,SAMN54178956,,marc.niicuss.560,surveillance swabs,Homo sapiens,2023-04-18,"USA: Philadelphia, PA",,,,,,,,,Staphylococcus aureus
54178955,SAMN54178955,,marc.niicuss.559,surveillance swabs,Homo sapiens,2023-04-18,"USA: Philadelphia, PA",,,,,,,,,Staphylococcus aureus
54178954,SAMN54178954,,marc.niicuss.558,surveillance swabs,Homo sapiens,2023-04-18,"USA: Philadelphia, PA",,,,,,,,,Staphylococcus aureus
54178953,SAMN54178953,,marc.niicuss.557,surveillance swabs,Homo sapiens,2023-04-17,"USA: Philadelphia, PA",,,,,,,,,Staphylococcus aureus
54178952,SAMN54178952,,marc.niicuss.556,surveillance swabs,Homo sapiens,2023-04-19,"USA: Philadelphia, PA",,,,,,,,,Staphylococcus aureus
54178951,SAMN54178951,,marc.niicuss.555,surveillance swabs,Homo sapiens,2023-04-19,"USA: Philadelphia, PA",,,,,,,,,Staphylococcus aureus
54178950,SAMN54178950,,marc.niicuss.554,surveillance swabs,Homo sapiens,2023-04-19,"USA: Philadelphia, PA",,,,,,,,,Staphylococcus aureus
54178949,SAMN54178949,,marc.niicuss.553,surveillance swabs,Homo sapiens,2023-04-17,"USA: Philadelphia, PA",,,,,,,,,Staphylococcus aureus
54178948,SAMN54178948,,marc.niicuss.552,surveillance swabs,Homo sapiens,2023-04-17,"USA: Philadelphia, PA",,,,,,,,,Staphylococcus aureus
54178947,SAMN54178947,,marc.niicuss.551,surveillance swabs,Homo sapiens,2023-04-18,"USA: Philadelphia, PA",,,,,,,,,Staphylococcus aureus
54178946,SAMN54178946,,marc.niicuss.550,surveillance swabs,Homo sapiens,2023-04-18,"USA: Philadelphia, PA",,,,,,,,,Staphylococcus aureus
54178945,SAMN54178945,,marc.niicuss.549,surveillance swabs,Homo sapiens,2023-04-16,"USA: Philadelphia, PA",,,,,,,,,Staphylococcus aureus
54178944,SAMN54178944,,marc.niicuss.548,surveillance swabs,Homo sapiens,2023-04-18,"USA: Philadelphia, PA",,,,,,,,,Staphylococcus aureus
54178943,SAMN54178943,,marc.niicuss.547,surveillance swabs,Homo sapiens,2023-04-18,"USA: Philadelphia, PA",,,,,,,,,Staphylococcus aureus
54178942,SAMN54178942,,marc.niicuss.546,surveillance swabs,Homo sapiens,2023-04-19,"USA: Philadelphia, PA",,,,,,,,,Staphylococcus aureus
54178941,SAMN54178941,,marc.niicuss.545,surveillance swabs,Homo sapiens,2023-04-19,"USA: Philadelphia, PA",,,,,,,,,Staphylococcus aureus
54178940,SAMN54178940,,marc.niicuss.544,surveillance swabs,Homo sapiens,2023-04-19,"USA: Philadelphia, PA",,,,,,,,,Staphylococcus aureus
54178939,SAMN54178939,,marc.niicuss.543,surveillance swabs,Homo sapiens,2023-04-19,"USA: Philadelphia, PA",,,,,,,,,Staphylococcus aureus
54178938,SAMN54178938,,marc.niicuss.542,surveillance swabs,Homo sapiens,2023-04-19,"USA: Philadelphia, PA",,,,,,,,,Staphylococcus aureus
54178937,SAMN54178937,,marc.niicuss.541,surveillance swabs,Homo sapiens,2023-04-19,"USA: Philadelphia, PA",,,,,,,,,Staphylococcus aureus
54178936,SAMN54178936,,marc.niicuss.540,surveillance swabs,Homo sapiens,2023-04-18,"USA: Philadelphia, PA",,,,,,,,,Staphylococcus aureus
54178935,SAMN54178935,,marc.niicuss.539,surveillance swabs,Homo sapiens,2023-04-18,"USA: Philadelphia, PA",,,,,,,,,Staphylococcus aureus
54178934,SAMN54178934,,marc.niicuss.538,surveillance swabs,Homo sapiens,2023-04-19,"USA: Philadelphia, PA",,,,,,,,,Staphylococcus aureus
54178933,SAMN54178933,,marc.niicuss.537,surveillance swabs,Homo sapiens,2023-04-19,"USA: Philadelphia, PA",,,,,,,,,Staphylococcus aureus
54178932,SAMN54178932,,marc.niicuss.536,surveillance swabs,Homo sapiens,2023-04-17,"USA: Philadelphia, PA",,,,,,,,,Staphylococcus aureus
54178931,SAMN54178931,,marc.niicuss.535,surveillance swabs,Homo sapiens,2023-04-17,"USA: Philadelphia, PA",,,,,,,,,Staphylococcus aureus
54178930,SAMN54178930,,marc.niicuss.534,surveillance swabs,Homo sapiens,2023-04-17,"USA: Philadelphia, PA",,,,,,,,,Staphylococcus aureus
54178929,SAMN54178929,,marc.niicuss.533,surveillance swabs,Homo sapiens,2023-04-17,"USA: Philadelphia, PA",,,,,,,,,Staphylococcus aureus
54178928,SAMN54178928,,marc.niicuss.532,surveillance swabs,Homo sapiens,2023-04-17,"USA: Philadelphia, PA",,,,,,,,,Staphylococcus aureus
54178927,SAMN54178927,,marc.niicuss.531,surveillance swabs,Homo sapiens,2023-04-17,"USA: Philadelphia, PA",,,,,,,,,Staphylococcus aureus
54178926,SAMN54178926,,marc.niicuss.530,surveillance swabs,Homo sapiens,2023-04-17,"USA: Philadelphia, PA",,,,,,,,,Staphylococcus aureus
54178925,SAMN54178925,,marc.niicuss.529,surveillance swabs,Homo sapiens,2023-03-16,"USA: Philadelphia, PA",,,,,,,,,Staphylococcus aureus
54178924,SAMN54178924,,marc.niicuss.528,surveillance swabs,Homo sapiens,2023-03-15,"USA: Philadelphia, PA",,,,,,,,,Staphylococcus aureus
54178923,SAMN54178923,,marc.niicuss.527,surveillance swabs,Homo sapiens,2023-03-15,"USA: Philadelphia, PA",,,,,,,,,Staphylococcus aureus
54178922,SAMN54178922,,marc.niicuss.526,surveillance swabs,Homo sapiens,2023-03-15,"USA: Philadelphia, PA",,,,,,,,,Staphylococcus aureus
54178921,SAMN54178921,,marc.niicuss.525,surveillance swabs,Homo sapiens,2023-03-16,"USA: Philadelphia, PA",,,,,,,,,Staphylococcus aureus
54178920,SAMN54178920,,marc.niicuss.524,surveillance swabs,Homo sapiens,2023-03-15,"USA: Philadelphia, PA",,,,,,,,,Staphylococcus aureus
54178919,SAMN54178919,,marc.niicuss.523,surveillance swabs,Homo sapiens,2023-03-15,"USA: Philadelphia, PA",,,,,,,,,Staphylococcus aureus
54178918,SAMN54178918,,marc.niicuss.522,surveillance swabs,Homo sapiens,2023-03-15,"USA: Philadelphia, PA",,,,,,,,,Staphylococcus aureus
54178917,SAMN54178917,,marc.niicuss.521,surveillance swabs,Homo sapiens,2023-03-15,"USA: Philadelphia, PA",,,,,,,,,Staphylococcus aureus
54178916,SAMN54178916,,marc.niicuss.520,surveillance swabs,Homo sapiens,2023-03-15,"USA: Philadelphia, PA",,,,,,,,,Staphylococcus aureus
54178915,SAMN54178915,,marc.niicuss.519,surveillance swabs,Homo sapiens,2023-03-14,"USA: Philadelphia, PA",,,,,,,,,Staphylococcus aureus
54178914,SAMN54178914,,marc.niicuss.518,surveillance swabs,Homo sapiens,2023-03-15,"USA: Philadelphia, PA",,,,,,,,,Staphylococcus aureus
54178913,SAMN54178913,,marc.niicuss.517,surveillance swabs,Homo sapiens,2023-03-15,"USA: Philadelphia, PA",,,,,,,,,Staphylococcus aureus
54178912,SAMN54178912,,marc.niicuss.516,surveillance swabs,Homo sapiens,2023-03-15,"USA: Philadelphia, PA",,,,,,,,,Staphylococcus aureus
54178911,SAMN54178911,,marc.niicuss.515,surveillance swabs,Homo sapiens,2023-03-15,"USA: Philadelphia, PA",,,,,,,,,Staphylococcus aureus
54178910,SAMN54178910,,marc.niicuss.514,surveillance swabs,Homo sapiens,2023-03-15,"USA: Philadelphia, PA",,,,,,,,,Staphylococcus aureus
54178909,SAMN54178909,,marc.niicuss.513,surveillance swabs,Homo sapiens,2023-03-15,"USA: Philadelphia, PA",,,,,,,,,Staphylococcus aureus
54178908,SAMN54178908,,marc.niicuss.512,surveillance swabs,Homo sapiens,2023-03-15,"USA: Philadelphia, PA",,,,,,,,,Staphylococcus aureus
54178907,SAMN54178907,,marc.niicuss.511,surveillance swabs,Homo sapiens,2023-03-15,"USA: Philadelphia, PA",,,,,,,,,Staphylococcus aureus
54178906,SAMN54178906,,marc.niicuss.510,surveillance swabs,Homo sapiens,2023-03-15,"USA: Philadelphia, PA",,,,,,,,,Staphylococcus aureus
54178905,SAMN54178905,,marc.niicuss.509,surveillance swabs,Homo sapiens,2023-03-14,"USA: Philadelphia, PA",,,,,,,,,Staphylococcus aureus
54178904,SAMN54178904,,marc.niicuss.508,surveillance swabs,Homo sapiens,2023-03-14,"USA: Philadelphia, PA",,,,,,,,,Staphylococcus aureus
54178903,SAMN54178903,,marc.niicuss.507,surveillance swabs,Homo sapiens,2023-03-14,"USA: Philadelphia, PA",,,,,,,,,Staphylococcus aureus
54178902,SAMN54178902,,marc.niicuss.506,surveillance swabs,Homo sapiens,2023-03-15,"USA: Philadelphia, PA",,,,,,,,,Staphylococcus aureus
54178901,SAMN54178901,,marc.niicuss.505,surveillance swabs,Homo sapiens,2023-03-15,"USA: Philadelphia, PA",,,,,,,,,Staphylococcus aureus
54178900,SAMN54178900,,marc.niicuss.504,surveillance swabs,Homo sapiens,2023-03-15,"USA: Philadelphia, PA",,,,,,,,,Staphylococcus aureus
54178899,SAMN54178899,,marc.niicuss.503,surveillance swabs,Homo sapiens,2023-03-14,"USA: Philadelphia, PA",,,,,,,,,Staphylococcus aureus
54178898,SAMN54178898,,marc.niicuss.502,surveillance swabs,Homo sapiens,2023-03-14,"USA: Philadelphia, PA",,,,,,,,,Staphylococcus aureus
54178897,SAMN54178897,,marc.niicuss.501,surveillance swabs,Homo sapiens,2023-03-13,"USA: Philadelphia, PA",,,,,,,,,Staphylococcus aureus
54178896,SAMN54178896,,marc.niicuss.500,surveillance swabs,Homo sapiens,2023-03-13,"USA: Philadelphia, PA",,,,,,,,,Staphylococcus aureus
54178895,SAMN54178895,,marc.niicuss.499,surveillance swabs,Homo sapiens,2023-03-13,"USA: Philadelphia, PA",,,,,,,,,Staphylococcus aureus
54178894,SAMN54178894,,marc.niicuss.498,surveillance swabs,Homo sapiens,2023-03-13,"USA: Philadelphia, PA",,,,,,,,,Staphylococcus aureus
54178893,SAMN54178893,,marc.niicuss.497,surveillance swabs,Homo sapiens,2023-03-13,"USA: Philadelphia, PA",,,,,,,,,Staphylococcus aureus
54178892,SAMN54178892,,marc.niicuss.496,surveillance swabs,Homo sapiens,2023-03-14,"USA: Philadelphia, PA",,,,,,,,,Staphylococcus aureus
54178891,SAMN54178891,,marc.niicuss.495,surveillance swabs,Homo sapiens,2023-03-14,"USA: Philadelphia, PA",,,,,,,,,Staphylococcus aureus
54178890,SAMN54178890,,marc.niicuss.494,surveillance swabs,Homo sapiens,2023-03-13,"USA: Philadelphia, PA",,,,,,,,,Staphylococcus aureus
54178889,SAMN54178889,,marc.niicuss.493,surveillance swabs,Homo sapiens,2023-03-14,"USA: Philadelphia, PA",,,,,,,,,Staphylococcus aureus
54178888,SAMN54178888,,marc.niicuss.492,surveillance swabs,Homo sapiens,2023-03-14,"USA: Philadelphia, PA",,,,,,,,,Staphylococcus aureus
54178887,SAMN54178887,,marc.niicuss.491,surveillance swabs,Homo sapiens,2023-03-13,"USA: Philadelphia, PA",,,,,,,,,Staphylococcus aureus
54178886,SAMN54178886,,marc.niicuss.490,surveillance swabs,Homo sapiens,2023-03-13,"USA: Philadelphia, PA",,,,,,,,,Staphylococcus aureus
54178885,SAMN54178885,,marc.niicuss.489,surveillance swabs,Homo sapiens,2023-03-14,"USA: Philadelphia, PA",,,,,,,,,Staphylococcus aureus
54178884,SAMN54178884,,marc.niicuss.488,surveillance swabs,Homo sapiens,2023-03-14,"USA: Philadelphia, PA",,,,,,,,,Staphylococcus aureus
54178883,SAMN54178883,,marc.niicuss.487,surveillance swabs,Homo sapiens,2023-03-14,"USA: Philadelphia, PA",,,,,,,,,Staphylococcus aureus
54178882,SAMN54178882,,marc.niicuss.486,surveillance swabs,Homo sapiens,2023-03-14,"USA: Philadelphia, PA",,,,,,,,,Staphylococcus aureus
54178881,SAMN54178881,,marc.niicuss.485,surveillance swabs,Homo sapiens,2023-03-13,"USA: Philadelphia, PA",,,,,,,,,Staphylococcus aureus
54178880,SAMN54178880,,marc.niicuss.484,surveillance swabs,Homo sapiens,2023-03-13,"USA: Philadelphia, PA",,,,,,,,,Staphylococcus aureus
54178879,SAMN54178879,,marc.niicuss.483,surveillance swabs,Homo sapiens,2023-03-13,"USA: Philadelphia, PA",,,,,,,,,Staphylococcus aureus
54178878,SAMN54178878,,marc.niicuss.482,surveillance swabs,Homo sapiens,2023-03-13,"USA: Philadelphia, PA",,,,,,,,,Staphylococcus aureus
54178877,SAMN54178877,,marc.niicuss.481,surveillance swabs,Homo sapiens,2023-03-13,"USA: Philadelphia, PA",,,,,,,,,Staphylococcus aureus
54178876,SAMN54178876,,marc.niicuss.480,surveillance swabs,Homo sapiens,2023-03-13,"USA: Philadelphia, PA",,,,,,,,,Staphylococcus aureus
54178875,SAMN54178875,,marc.niicuss.479,surveillance swabs,Homo sapiens,2023-03-14,"USA: Philadelphia, PA",,,,,,,,,Staphylococcus aureus
54178874,SAMN54178874,,marc.niicuss.478,surveillance swabs,Homo sapiens,2023-03-14,"USA: Philadelphia, PA",,,,,,,,,Staphylococcus aureus
54178873,SAMN54178873,,marc.niicuss.477,surveillance swabs,Homo sapiens,2023-03-14,"USA: Philadelphia, PA",,,,,,,,,Staphylococcus aureus
54178872,SAMN54178872,,marc.niicuss.476,surveillance swabs,Homo sapiens,2023-03-13,"USA: Philadelphia, PA",,,,,,,,,Staphylococcus aureus
54178871,SAMN54178871,,marc.niicuss.475,surveillance swabs,Homo sapiens,2023-03-13,"USA: Philadelphia, PA",,,,,,,,,Staphylococcus aureus
54178870,SAMN54178870,,marc.niicuss.474,surveillance swabs,Homo sapiens,2023-03-13,"USA: Philadelphia, PA",,,,,,,,,Staphylococcus aureus
54178869,SAMN54178869,,marc.niicuss.473,surveillance swabs,Homo sapiens,2023-03-14,"USA: Philadelphia, PA",,,,,,,,,Staphylococcus aureus
54178868,SAMN54178868,,marc.niicuss.472,surveillance swabs,Homo sapiens,2023-03-14,"USA: Philadelphia, PA",,,,,,,,,Staphylococcus aureus
54178867,SAMN54178867,,marc.niicuss.471,surveillance swabs,Homo sapiens,2023-03-14,"USA: Philadelphia, PA",,,,,,,,,Staphylococcus aureus
54178866,SAMN54178866,,marc.niicuss.470,surveillance swabs,Homo sapiens,2023-02-15,"USA: Philadelphia, PA",,,,,,,,,Staphylococcus aureus
54178865,SAMN54178865,,marc.niicuss.469,surveillance swabs,Homo sapiens,2023-02-15,"USA: Philadelphia, PA",,,,,,,,,Staphylococcus aureus
54178864,SAMN54178864,,marc.niicuss.468,surveillance swabs,Homo sapiens,2023-02-15,"USA: Philadelphia, PA",,,,,,,,,Staphylococcus aureus
54178863,SAMN54178863,,marc.niicuss.467,surveillance swabs,Homo sapiens,2023-02-15,"USA: Philadelphia, PA",,,,,,,,,Staphylococcus aureus
54178862,SAMN54178862,,marc.niicuss.466,surveillance swabs,Homo sapiens,2023-02-15,"USA: Philadelphia, PA",,,,,,,,,Staphylococcus aureus
54178861,SAMN54178861,,marc.niicuss.465,surveillance swabs,Homo sapiens,2023-02-15,"USA: Philadelphia, PA",,,,,,,,,Staphylococcus aureus
54178860,SAMN54178860,,marc.niicuss.464,surveillance swabs,Homo sapiens,2023-02-13,"USA: Philadelphia, PA",,,,,,,,,Staphylococcus aureus
54178859,SAMN54178859,,marc.niicuss.463,surveillance swabs,Homo sapiens,2023-02-14,"USA: Philadelphia, PA",,,,,,,,,Staphylococcus aureus
54178858,SAMN54178858,,marc.niicuss.462,surveillance swabs,Homo sapiens,2023-02-14,"USA: Philadelphia, PA",,,,,,,,,Staphylococcus aureus
54178857,SAMN54178857,,marc.niicuss.461,surveillance swabs,Homo sapiens,2023-02-13,"USA: Philadelphia, PA",,,,,,,,,Staphylococcus aureus
54178856,SAMN54178856,,marc.niicuss.460,surveillance swabs,Homo sapiens,2023-02-13,"USA: Philadelphia, PA",,,,,,,,,Staphylococcus aureus
54178855,SAMN54178855,,marc.niicuss.459,surveillance swabs,Homo sapiens,2023-02-13,"USA: Philadelphia, PA",,,,,,,,,Staphylococcus aureus
54178854,SAMN54178854,,marc.niicuss.458,surveillance swabs,Homo sapiens,2023-02-13,"USA: Philadelphia, PA",,,,,,,,,Staphylococcus aureus
54178853,SAMN54178853,,marc.niicuss.457,surveillance swabs,Homo sapiens,2023-02-14,"USA: Philadelphia, PA",,,,,,,,,Staphylococcus aureus
54178852,SAMN54178852,,marc.niicuss.456,surveillance swabs,Homo sapiens,2023-02-15,"USA: Philadelphia, PA",,,,,,,,,Staphylococcus aureus
54178851,SAMN54178851,,marc.niicuss.455,surveillance swabs,Homo sapiens,2023-02-15,"USA: Philadelphia, PA",,,,,,,,,Staphylococcus aureus
54178850,SAMN54178850,,marc.niicuss.454,surveillance swabs,Homo sapiens,2023-02-15,"USA: Philadelphia, PA",,,,,,,,,Staphylococcus aureus
54178849,SAMN54178849,,marc.niicuss.453,surveillance swabs,Homo sapiens,2023-02-15,"USA: Philadelphia, PA",,,,,,,,,Staphylococcus aureus
54178848,SAMN54178848,,marc.niicuss.452,surveillance swabs,Homo sapiens,2023-02-15,"USA: Philadelphia, PA",,,,,,,,,Staphylococcus aureus
54178847,SAMN54178847,,marc.niicuss.451,surveillance swabs,Homo sapiens,2023-02-15,"USA: Philadelphia, PA",,,,,,,,,Staphylococcus aureus
54178846,SAMN54178846,,marc.niicuss.450,surveillance swabs,Homo sapiens,2023-02-15,"USA: Philadelphia, PA",,,,,,,,,Staphylococcus aureus
54178845,SAMN54178845,,marc.niicuss.449,surveillance swabs,Homo sapiens,2023-02-15,"USA: Philadelphia, PA",,,,,,,,,Staphylococcus aureus
54178844,SAMN54178844,,marc.niicuss.448,surveillance swabs,Homo sapiens,2023-02-14,"USA: Philadelphia, PA",,,,,,,,,Staphylococcus aureus
54178843,SAMN54178843,,marc.niicuss.447,surveillance swabs,Homo sapiens,2023-02-14,"USA: Philadelphia, PA",,,,,,,,,Staphylococcus aureus
54178842,SAMN54178842,,marc.niicuss.446,surveillance swabs,Homo sapiens,2023-02-14,"USA: Philadelphia, PA",,,,,,,,,Staphylococcus aureus
54178841,SAMN54178841,,marc.niicuss.445,surveillance swabs,Homo sapiens,2023-02-14,"USA: Philadelphia, PA",,,,,,,,,Staphylococcus aureus
54178840,SAMN54178840,,marc.niicuss.444,surveillance swabs,Homo sapiens,2023-02-14,"USA: Philadelphia, PA",,,,,,,,,Staphylococcus aureus
54178839,SAMN54178839,,marc.niicuss.443,surveillance swabs,Homo sapiens,2023-02-14,"USA: Philadelphia, PA",,,,,,,,,Staphylococcus aureus
54178838,SAMN54178838,,marc.niicuss.442,surveillance swabs,Homo sapiens,2023-02-14,"USA: Philadelphia, PA",,,,,,,,,Staphylococcus aureus
54178837,SAMN54178837,,marc.niicuss.441,surveillance swabs,Homo sapiens,2023-02-14,"USA: Philadelphia, PA",,,,,,,,,Staphylococcus aureus
54178836,SAMN54178836,,marc.niicuss.440,surveillance swabs,Homo sapiens,2023-02-15,"USA: Philadelphia, PA",,,,,,,,,Staphylococcus aureus
54178835,SAMN54178835,,marc.niicuss.439,surveillance swabs,Homo sapiens,2023-02-15,"USA: Philadelphia, PA",,,,,,,,,Staphylococcus aureus
54178834,SAMN54178834,,marc.niicuss.438,surveillance swabs,Homo sapiens,2023-02-14,"USA: Philadelphia, PA",,,,,,,,,Staphylococcus aureus
54178833,SAMN54178833,,marc.niicuss.437,surveillance swabs,Homo sapiens,2023-02-15,"USA: Philadelphia, PA",,,,,,,,,Staphylococcus aureus
54178832,SAMN54178832,,marc.niicuss.436,surveillance swabs,Homo sapiens,2023-02-14,"USA: Philadelphia, PA",,,,,,,,,Staphylococcus aureus
54178831,SAMN54178831,,marc.niicuss.435,surveillance swabs,Homo sapiens,2023-02-15,"USA: Philadelphia, PA",,,,,,,,,Staphylococcus aureus
54178830,SAMN54178830,,marc.niicuss.434,surveillance swabs,Homo sapiens,2023-02-15,"USA: Philadelphia, PA",,,,,,,,,Staphylococcus aureus
54178829,SAMN54178829,,marc.niicuss.433,surveillance swabs,Homo sapiens,2023-02-15,"USA: Philadelphia, PA",,,,,,,,,Staphylococcus aureus
54178828,SAMN54178828,,marc.niicuss.432,surveillance swabs,Homo sapiens,2023-02-15,"USA: Philadelphia, PA",,,,,,,,,Staphylococcus aureus
54178827,SAMN54178827,,marc.niicuss.431,surveillance swabs,Homo sapiens,2023-02-15,"USA: Philadelphia, PA",,,,,,,,,Staphylococcus aureus
54178826,SAMN54178826,,marc.niicuss.430,surveillance swabs,Homo sapiens,2023-02-13,"USA: Philadelphia, PA",,,,,,,,,Staphylococcus aureus
54178825,SAMN54178825,,marc.niicuss.429,surveillance swabs,Homo sapiens,2023-01-11,"USA: Philadelphia, PA",,,,,,,,,Staphylococcus aureus
54178824,SAMN54178824,,marc.niicuss.428,surveillance swabs,Homo sapiens,2023-01-11,"USA: Philadelphia, PA",,,,,,,,,Staphylococcus aureus
54178823,SAMN54178823,,marc.niicuss.427,surveillance swabs,Homo sapiens,2023-01-11,"USA: Philadelphia, PA",,,,,,,,,Staphylococcus aureus
54178822,SAMN54178822,,marc.niicuss.426,surveillance swabs,Homo sapiens,2023-01-11,"USA: Philadelphia, PA",,,,,,,,,Staphylococcus aureus
54178821,SAMN54178821,,marc.niicuss.425,surveillance swabs,Homo sapiens,2023-01-11,"USA: Philadelphia, PA",,,,,,,,,Staphylococcus aureus
54178820,SAMN54178820,,marc.niicuss.424,surveillance swabs,Homo sapiens,2023-01-11,"USA: Philadelphia, PA",,,,,,,,,Staphylococcus aureus
54178819,SAMN54178819,,marc.niicuss.423,surveillance swabs,Homo sapiens,2023-01-11,"USA: Philadelphia, PA",,,,,,,,,Staphylococcus aureus
54178818,SAMN54178818,,marc.niicuss.422,surveillance swabs,Homo sapiens,2023-01-11,"USA: Philadelphia, PA",,,,,,,,,Staphylococcus aureus
54178817,SAMN54178817,,marc.niicuss.421,surveillance swabs,Homo sapiens,2023-01-10,"USA: Philadelphia, PA",,,,,,,,,Staphylococcus aureus
54178816,SAMN54178816,,marc.niicuss.420,surveillance swabs,Homo sapiens,2023-01-10,"USA: Philadelphia, PA",,,,,,,,,Staphylococcus aureus
54178815,SAMN54178815,,marc.niicuss.419,surveillance swabs,Homo sapiens,2023-01-11,"USA: Philadelphia, PA",,,,,,,,,Staphylococcus aureus
54178653,SAMN54178653,,marc.niicuss.418,surveillance swabs,Homo sapiens,2023-01-10,"USA: Philadelphia, PA",,,,,,,,,Staphylococcus aureus
54178652,SAMN54178652,,marc.niicuss.417,surveillance swabs,Homo sapiens,2023-01-10,"USA: Philadelphia, PA",,,,,,,,,Staphylococcus aureus
54178651,SAMN54178651,,marc.niicuss.416,surveillance swabs,Homo sapiens,2023-01-10,"USA: Philadelphia, PA",,,,,,,,,Staphylococcus aureus
54178650,SAMN54178650,,marc.niicuss.415,surveillance swabs,Homo sapiens,2023-01-10,"USA: Philadelphia, PA",,,,,,,,,Staphylococcus aureus
54178649,SAMN54178649,,marc.niicuss.414,surveillance swabs,Homo sapiens,2023-01-10,"USA: Philadelphia, PA",,,,,,,,,Staphylococcus aureus
54178648,SAMN54178648,,marc.niicuss.413,surveillance swabs,Homo sapiens,2023-01-10,"USA: Philadelphia, PA",,,,,,,,,Staphylococcus aureus
54178647,SAMN54178647,,marc.niicuss.412,surveillance swabs,Homo sapiens,2023-01-10,"USA: Philadelphia, PA",,,,,,,,,Staphylococcus aureus
54178646,SAMN54178646,,marc.niicuss.411,surveillance swabs,Homo sapiens,2023-01-10,"USA: Philadelphia, PA",,,,,,,,,Staphylococcus aureus
54178645,SAMN54178645,,marc.niicuss.410,surveillance swabs,Homo sapiens,2023-01-10,"USA: Philadelphia, PA",,,,,,,,,Staphylococcus aureus
54178644,SAMN54178644,,marc.niicuss.409,surveillance swabs,Homo sapiens,2023-01-10,"USA: Philadelphia, PA",,,,,,,,,Staphylococcus aureus
54178643,SAMN54178643,,marc.niicuss.408,surveillance swabs,Homo sapiens,2023-01-10,"USA: Philadelphia, PA",,,,,,,,,Staphylococcus aureus
54178642,SAMN54178642,,marc.niicuss.407,surveillance swabs,Homo sapiens,2023-01-10,"USA: Philadelphia, PA",,,,,,,,,Staphylococcus aureus
54178641,SAMN54178641,,marc.niicuss.406,surveillance swabs,Homo sapiens,2023-01-10,"USA: Philadelphia, PA",,,,,,,,,Staphylococcus aureus
54178640,SAMN54178640,,marc.niicuss.405,surveillance swabs,Homo sapiens,2023-01-10,"USA: Philadelphia, PA",,,,,,,,,Staphylococcus aureus
54178639,SAMN54178639,,marc.niicuss.404,surveillance swabs,Homo sapiens,2023-01-10,"USA: Philadelphia, PA",,,,,,,,,Staphylococcus aureus
54178638,SAMN54178638,,marc.niicuss.403,surveillance swabs,Homo sapiens,2023-01-11,"USA: Philadelphia, PA",,,,,,,,,Staphylococcus aureus
54178637,SAMN54178637,,marc.niicuss.402,surveillance swabs,Homo sapiens,2023-01-11,"USA: Philadelphia, PA",,,,,,,,,Staphylococcus aureus
54178636,SAMN54178636,,marc.niicuss.401,surveillance swabs,Homo sapiens,2023-01-11,"USA: Philadelphia, PA",,,,,,,,,Staphylococcus aureus
54178635,SAMN54178635,,marc.niicuss.400,surveillance swabs,Homo sapiens,2023-01-11,"USA: Philadelphia, PA",,,,,,,,,Staphylococcus aureus
54178634,SAMN54178634,,marc.niicuss.399,surveillance swabs,Homo sapiens,2023-01-09,"USA: Philadelphia, PA",,,,,,,,,Staphylococcus aureus
54178633,SAMN54178633,,marc.niicuss.398,surveillance swabs,Homo sapiens,2023-01-10,"USA: Philadelphia, PA",,,,,,,,,Staphylococcus aureus
54178632,SAMN54178632,,marc.niicuss.397,surveillance swabs,Homo sapiens,2023-01-10,"USA: Philadelphia, PA",,,,,,,,,Staphylococcus aureus
54178631,SAMN54178631,,marc.niicuss.396,surveillance swabs,Homo sapiens,2023-01-10,"USA: Philadelphia, PA",,,,,,,,,Staphylococcus aureus
54178630,SAMN54178630,,marc.niicuss.395,surveillance swabs,Homo sapiens,2023-01-09,"USA: Philadelphia, PA",,,,,,,,,Staphylococcus aureus
