biosample_id,accession,organism,strain,isolation_source,host,collection_date,geo_loc_name,amr_genotypes,amr_phenotypes,disease,sra_accession,assembly_accession,assembly_status,ftp_path_refseq,ftp_path_genbank,organism_query
54804769,SAMN54804769,,,,Homo sapiens,,,,,,,,,,,Streptococcus pyogenes
54804768,SAMN54804768,,,,Homo sapiens,,,,,,,,,,,Streptococcus pyogenes
54804766,SAMN54804766,,,,Homo sapiens,,,,,,,,,,,Streptococcus pyogenes
54804765,SAMN54804765,,,,Homo sapiens,,,,,,,,,,,Streptococcus pyogenes
54800774,SAMN54800774,,,wound,Homo sapiens,2026-01-05,USA:RI,,,,,GCA_054647675.1,Contig,,ftp://ftp.ncbi.nlm.nih.gov/genomes/all/GCA/054/647/675/GCA_054647675.1_PDT003063824.1,Streptococcus pyogenes
54754371,SAMN54754371,,,blood,Homo sapiens,2026,USA,,,,,GCA_054557725.1,Contig,,ftp://ftp.ncbi.nlm.nih.gov/genomes/all/GCA/054/557/725/GCA_054557725.1_PDT003059746.1,Streptococcus pyogenes
54754370,SAMN54754370,,,blood,Homo sapiens,2025,USA,,,,,GCA_054557705.1,Contig,,ftp://ftp.ncbi.nlm.nih.gov/genomes/all/GCA/054/557/705/GCA_054557705.1_PDT003059747.1,Streptococcus pyogenes
54693079,SAMEA120862975,,,,,,,,,,,,,,,Streptococcus pyogenes
54711216,SAMN54711216,,,blood,Homo sapiens,2026-01-04,USA:RI,,,,,GCA_054509325.1,Contig,,ftp://ftp.ncbi.nlm.nih.gov/genomes/all/GCA/054/509/325/GCA_054509325.1_PDT003055263.1,Streptococcus pyogenes
54711215,SAMN54711215,,,blood,Homo sapiens,2025-01-03,USA:MA,,,,,GCA_054509505.1,Contig,,ftp://ftp.ncbi.nlm.nih.gov/genomes/all/GCA/054/509/505/GCA_054509505.1_PDT003055265.1,Streptococcus pyogenes
54711214,SAMN54711214,,,wound,Homo sapiens,2025-12-30,USA:RI,,,,,GCA_054509345.1,Contig,,ftp://ftp.ncbi.nlm.nih.gov/genomes/all/GCA/054/509/345/GCA_054509345.1_PDT003055264.1,Streptococcus pyogenes
54711213,SAMN54711213,,,blood,Homo sapiens,2025-12-29,USA:RI,,,,,GCA_054509465.1,Contig,,ftp://ftp.ncbi.nlm.nih.gov/genomes/all/GCA/054/509/465/GCA_054509465.1_PDT003055266.1,Streptococcus pyogenes
54711212,SAMN54711212,,,blood,Homo sapiens,2025-12-31,USA:RI,,,,,GCA_054509485.1,Contig,,ftp://ftp.ncbi.nlm.nih.gov/genomes/all/GCA/054/509/485/GCA_054509485.1_PDT003055267.1,Streptococcus pyogenes
54711211,SAMN54711211,,,blood,Homo sapiens,2025-12-24,USA:RI,,,,,GCA_054509445.1,Contig,,ftp://ftp.ncbi.nlm.nih.gov/genomes/all/GCA/054/509/445/GCA_054509445.1_PDT003055268.1,Streptococcus pyogenes
54529573,SAMN54529573,,,,Homo sapiens,,,,,,,GCA_054416215.1,Contig,,ftp://ftp.ncbi.nlm.nih.gov/genomes/all/GCA/054/416/215/GCA_054416215.1_PDT003048773.1,Streptococcus pyogenes
54529572,SAMN54529572,,,,Homo sapiens,,,,,,,GCA_054416195.1,Contig,,ftp://ftp.ncbi.nlm.nih.gov/genomes/all/GCA/054/416/195/GCA_054416195.1_PDT003048774.1,Streptococcus pyogenes
54529566,SAMN54529566,,,,Homo sapiens,,,,,,,GCA_054416175.1,Contig,,ftp://ftp.ncbi.nlm.nih.gov/genomes/all/GCA/054/416/175/GCA_054416175.1_PDT003048785.1,Streptococcus pyogenes
54680650,SAMN54680650,,LACPHL-SPEC-2026-00032,,Homo sapiens,,,,,,,GCA_054504375.1,Contig,,ftp://ftp.ncbi.nlm.nih.gov/genomes/all/GCA/054/504/375/GCA_054504375.1_PDT003054869.1,Streptococcus pyogenes
54680649,SAMN54680649,,LACPHL-SPEC-2026-00031,,Homo sapiens,,,,,,,GCA_054504425.1,Contig,,ftp://ftp.ncbi.nlm.nih.gov/genomes/all/GCA/054/504/425/GCA_054504425.1_PDT003054870.1,Streptococcus pyogenes
54680647,SAMN54680647,,LACPHL-SPEC-2026-00029,,Homo sapiens,,,,,,,GCA_054505365.1,Contig,,ftp://ftp.ncbi.nlm.nih.gov/genomes/all/GCA/054/505/365/GCA_054505365.1_PDT003054872.1,Streptococcus pyogenes
54680645,SAMN54680645,,LACPHL-SPEC-2026-00027,,Homo sapiens,,,,,,,GCA_054505345.1,Contig,,ftp://ftp.ncbi.nlm.nih.gov/genomes/all/GCA/054/505/345/GCA_054505345.1_PDT003054874.1,Streptococcus pyogenes
54680644,SAMN54680644,,LACPHL-SPEC-2026-00026,,Homo sapiens,,,,,,,GCA_054505305.1,Contig,,ftp://ftp.ncbi.nlm.nih.gov/genomes/all/GCA/054/505/305/GCA_054505305.1_PDT003054875.1,Streptococcus pyogenes
54680641,SAMN54680641,,LACPHL-SPEC-2026-00023,,Homo sapiens,,,,,,,GCA_054505525.1,Contig,,ftp://ftp.ncbi.nlm.nih.gov/genomes/all/GCA/054/505/525/GCA_054505525.1_PDT003054863.1,Streptococcus pyogenes
54680640,SAMN54680640,,LACPHL-SPEC-2026-00022,,Homo sapiens,,,,,,,GCA_054505505.1,Contig,,ftp://ftp.ncbi.nlm.nih.gov/genomes/all/GCA/054/505/505/GCA_054505505.1_PDT003054864.1,Streptococcus pyogenes
54680639,SAMN54680639,,LACPHL-SPEC-2026-00021,,Homo sapiens,,,,,,,GCA_054505485.1,Contig,,ftp://ftp.ncbi.nlm.nih.gov/genomes/all/GCA/054/505/485/GCA_054505485.1_PDT003054865.1,Streptococcus pyogenes
54680638,SAMN54680638,,LACPHL-SPEC-2026-00020,,Homo sapiens,,,,,,,GCA_054505425.1,Contig,,ftp://ftp.ncbi.nlm.nih.gov/genomes/all/GCA/054/505/425/GCA_054505425.1_PDT003054866.1,Streptococcus pyogenes
54680637,SAMN54680637,,LACPHL-SPEC-2026-00019,,Homo sapiens,,,,,,,GCA_054505445.1,Contig,,ftp://ftp.ncbi.nlm.nih.gov/genomes/all/GCA/054/505/445/GCA_054505445.1_PDT003054867.1,Streptococcus pyogenes
54680636,SAMN54680636,,LACPHL-SPEC-2026-00018,,Homo sapiens,,,,,,,GCA_054505465.1,Contig,,ftp://ftp.ncbi.nlm.nih.gov/genomes/all/GCA/054/505/465/GCA_054505465.1_PDT003054868.1,Streptococcus pyogenes
54680635,SAMN54680635,,LACPHL-SPEC-2026-00017,,Homo sapiens,,,,,,,GCA_054505325.1,Contig,,ftp://ftp.ncbi.nlm.nih.gov/genomes/all/GCA/054/505/325/GCA_054505325.1_PDT003054876.1,Streptococcus pyogenes
54680634,SAMN54680634,,LACPHL-SPEC-2026-00016,,Homo sapiens,,,,,,,GCA_054505285.1,Contig,,ftp://ftp.ncbi.nlm.nih.gov/genomes/all/GCA/054/505/285/GCA_054505285.1_PDT003054877.1,Streptococcus pyogenes
54676499,SAMN54676499,,,blood,Homo sapiens,2025,USA,,,,,GCA_054502845.1,Contig,,ftp://ftp.ncbi.nlm.nih.gov/genomes/all/GCA/054/502/845/GCA_054502845.1_PDT003054654.1,Streptococcus pyogenes
54676498,SAMN54676498,,,blood,Homo sapiens,2025,USA,,,,,GCA_054502805.1,Contig,,ftp://ftp.ncbi.nlm.nih.gov/genomes/all/GCA/054/502/805/GCA_054502805.1_PDT003054655.1,Streptococcus pyogenes
54676285,SAMN54676285,,Spy,cerebrospinal fluid,Homo sapiens,2024-01-09,Brazil: Parana,,,,,,,,,Streptococcus pyogenes
54676284,SAMN54676284,,Spy,cerebrospinal fluid,Homo sapiens,2024-07-29,Brazil: Sao Paulo,,,,,,,,,Streptococcus pyogenes
54676283,SAMN54676283,,Spy,cerebrospinal fluid,Homo sapiens,2024-07-14,Brazil: Sao Paulo,,,,,,,,,Streptococcus pyogenes
54676282,SAMN54676282,,Spy,cerebrospinal fluid,Homo sapiens,2024-06-27,Brazil: Sao Paulo,,,,,,,,,Streptococcus pyogenes
54676281,SAMN54676281,,Spy,blood,Homo sapiens,2024-05-28,Brazil: Sao Paulo,,,,,,,,,Streptococcus pyogenes
54676280,SAMN54676280,,Spy,blood,Homo sapiens,2024-04-25,Brazil: Sao Paulo,,,,,,,,,Streptococcus pyogenes
54676279,SAMN54676279,,Spy,blood,Homo sapiens,2024-11-17,Brazil: Parana,,,,,,,,,Streptococcus pyogenes
54676278,SAMN54676278,,Spy,blood,Homo sapiens,2025-03-14,Brazil: Parana,,,,,,,,,Streptococcus pyogenes
54676277,SAMN54676277,,Spy,blood,Homo sapiens,2025-03-18,Brazil: Parana,,,,,,,,,Streptococcus pyogenes
54676276,SAMN54676276,,Spy,blood,Homo sapiens,2025-03-16,Brazil: Parana,,,,,,,,,Streptococcus pyogenes
54676275,SAMN54676275,,Spy,oropharyngeal secretion,Homo sapiens,2024-10-25,Brazil: Parana,,,,,,,,,Streptococcus pyogenes
54676274,SAMN54676274,,Spy,oropharyngeal secretion,Homo sapiens,2024-10-29,Brazil: Parana,,,,,,,,,Streptococcus pyogenes
54676273,SAMN54676273,,Spy,oropharyngeal secretion,Homo sapiens,2024-10-24,Brazil: Parana,,,,,,,,,Streptococcus pyogenes
54676272,SAMN54676272,,Spy,oropharyngeal secretion,Homo sapiens,2024-10-23,Brazil: Parana,,,,,,,,,Streptococcus pyogenes
54676271,SAMN54676271,,Spy,oropharyngeal secretion,Homo sapiens,2024-10-22,Brazil: Parana,,,,,,,,,Streptococcus pyogenes
54676270,SAMN54676270,,Spy,oropharyngeal secretion,Homo sapiens,2024-10-22,Brazil: Parana,,,,,,,,,Streptococcus pyogenes
54676269,SAMN54676269,,Spy,blood,Homo sapiens,2025-02-20,Brazil: Parana,,,,,,,,,Streptococcus pyogenes
54676268,SAMN54676268,,Spy,oropharyngeal secretion,Homo sapiens,2024-10-17,Brazil: Parana,,,,,,,,,Streptococcus pyogenes
54676267,SAMN54676267,,Spy,Pleural fluid,Homo sapiens,2024-09-19,Brazil: Santa Catarina,,,,,,,,,Streptococcus pyogenes
54676266,SAMN54676266,,Spy,oropharyngeal secretion,Homo sapiens,2024-10-14,Brazil: Parana,,,,,,,,,Streptococcus pyogenes
54676265,SAMN54676265,,Spy,Wound secretion,Homo sapiens,2025-01-30,Brazil: Parana,,,,,,,,,Streptococcus pyogenes
54676264,SAMN54676264,,Spy,blood,Homo sapiens,2025-11-01,Brazil: Parana,,,,,,,,,Streptococcus pyogenes
54676263,SAMN54676263,,Spy,Ankle secretion,Homo sapiens,2023-06-20,Brazil: Parana,,,,,,,,,Streptococcus pyogenes
54676262,SAMN54676262,,Spy,blood,Homo sapiens,2025-10-20,Brazil: Parana,,,,,,,,,Streptococcus pyogenes
54676261,SAMN54676261,,Spy,Tissue fragment,Homo sapiens,2025-01-31,Brazil: Parana,,,,,,,,,Streptococcus pyogenes
54676260,SAMN54676260,,Spy,blood,Homo sapiens,2025-10-07,Brazil: Parana,,,,,,,,,Streptococcus pyogenes
54676259,SAMN54676259,,Spy,Tissue fragment,Homo sapiens,2025-10-10,Brazil: Parana,,,,,,,,,Streptococcus pyogenes
54676258,SAMN54676258,,Spy,Tissue fragment,Homo sapiens,2025-10-07,Brazil: Parana,,,,,,,,,Streptococcus pyogenes
54676257,SAMN54676257,,Spy,oropharyngeal secretion,Homo sapiens,2024-09-05,Brazil: Parana,,,,,,,,,Streptococcus pyogenes
54676256,SAMN54676256,,Spy,blood,Homo sapiens,2025-09-28,Brazil: Parana,,,,,,,,,Streptococcus pyogenes
54676255,SAMN54676255,,Spy,cerebrospinal fluid,Homo sapiens,2024-12-23,Brazil: Parana,,,,,,,,,Streptococcus pyogenes
54676254,SAMN54676254,,Spy,Tissue fragment,Homo sapiens,2025-01-24,Brazil: Parana,,,,,,,,,Streptococcus pyogenes
54676253,SAMN54676253,,Spy,blood,Homo sapiens,2025-09-22,Brazil: Parana,,,,,,,,,Streptococcus pyogenes
54676252,SAMN54676252,,Spy,blood,Homo sapiens,2025-09-03,Brazil: Bahia,,,,,,,,,Streptococcus pyogenes
54676251,SAMN54676251,,Spy,Pleural fluid,Homo sapiens,2025-08-28,Brazil: Bahia,,,,,,,,,Streptococcus pyogenes
54676250,SAMN54676250,,Spy,blood,Homo sapiens,2025-01-22,Brazil: Parana,,,,,,,,,Streptococcus pyogenes
54676249,SAMN54676249,,Spy,blood,Homo sapiens,2025-08-10,Brazil: Bahia,,,,,,,,,Streptococcus pyogenes
54676248,SAMN54676248,,Spy,blood,Homo sapiens,2025-08-20,Brazil: Parana,,,,,,,,,Streptococcus pyogenes
54676247,SAMN54676247,,Spy,blood,Homo sapiens,2025-08-05,Brazil: Parana,,,,,,,,,Streptococcus pyogenes
54676246,SAMN54676246,,Spy,blood,Homo sapiens,2025-07-24,Brazil: Bahia,,,,,,,,,Streptococcus pyogenes
54676245,SAMN54676245,,Spy,Wound secretion,Homo sapiens,2025-06-29,Brazil: Bahia,,,,,,,,,Streptococcus pyogenes
54676244,SAMN54676244,,Spy,blood,Homo sapiens,2024-08-10,Brazil: Parana,,,,,,,,,Streptococcus pyogenes
54676243,SAMN54676243,,Spy,blood,Homo sapiens,2025-06-27,Brazil: Parana,,,,,,,,,Streptococcus pyogenes
54676242,SAMN54676242,,Spy,blood,Homo sapiens,2025-07-04,Brazil: Parana,,,,,,,,,Streptococcus pyogenes
54676241,SAMN54676241,,Spy,Tissue fragment,Homo sapiens,2025-06-27,Brazil: Parana,,,,,,,,,Streptococcus pyogenes
54676240,SAMN54676240,,Spy,blood,Homo sapiens,2025-06-22,Brazil: Parana,,,,,,,,,Streptococcus pyogenes
54676239,SAMN54676239,,Spy,Tissue fragment,Homo sapiens,2025-06-21,Brazil: Parana,,,,,,,,,Streptococcus pyogenes
54676238,SAMN54676238,,Spy,blood,Homo sapiens,2025-06-25,Brazil: Parana,,,,,,,,,Streptococcus pyogenes
54676237,SAMN54676237,,Spy,Tissue fragment,Homo sapiens,2025-06-03,Brazil: Parana,,,,,,,,,Streptococcus pyogenes
54676236,SAMN54676236,,Spy,blood,Homo sapiens,2024-07-23,Brazil: Parana,,,,,,,,,Streptococcus pyogenes
54676235,SAMN54676235,,Spy,cerebrospinal fluid,Homo sapiens,2024-07-06,Brazil: Parana,,,,,,,,,Streptococcus pyogenes
54676234,SAMN54676234,,Spy,blood,Homo sapiens,2024-12-20,Brazil: Parana,,,,,,,,,Streptococcus pyogenes
54676233,SAMN54676233,,Spy,blood,Homo sapiens,2024-07-03,Brazil: Parana,,,,,,,,,Streptococcus pyogenes
54676232,SAMN54676232,,Spy,blood,Homo sapiens,2025-01-12,Brazil: Parana,,,,,,,,,Streptococcus pyogenes
54676231,SAMN54676231,,Spy,oropharyngeal secretion,Homo sapiens,2023-12-08,Brazil: Parana,,,,,,,,,Streptococcus pyogenes
54676230,SAMN54676230,,Spy,oropharyngeal secretion,Homo sapiens,2023-12-08,Brazil: Parana,,,,,,,,,Streptococcus pyogenes
54676229,SAMN54676229,,Spy,blood,Homo sapiens,2025-05-22,Brazil: Parana,,,,,,,,,Streptococcus pyogenes
54676228,SAMN54676228,,Spy,Tissue fragment,Homo sapiens,2023-11-23,Brazil: Parana,,,,,,,,,Streptococcus pyogenes
54676227,SAMN54676227,,Spy,blood,Homo sapiens,2024-01-30,Brazil: Rio Grande do Sul,,,,,,,,,Streptococcus pyogenes
54676226,SAMN54676226,,Spy,blood,Homo sapiens,2024-02-12,Brazil: Rio Grande do Sul,,,,,,,,,Streptococcus pyogenes
54676225,SAMN54676225,,Spy,blood,Homo sapiens,2024-01-12,Brazil: Rio Grande do Sul,,,,,,,,,Streptococcus pyogenes
54676224,SAMN54676224,,Spy,Synovial fluid,Homo sapiens,2024-03-22,Brazil: Minas Gerais,,,,,,,,,Streptococcus pyogenes
54676223,SAMN54676223,,Spy,oropharyngeal secretion,Homo sapiens,2023-11-16,Brazil: Parana,,,,,,,,,Streptococcus pyogenes
54676222,SAMN54676222,,Spy,blood,Homo sapiens,2025-05-01,Brazil: Parana,,,,,,,,,Streptococcus pyogenes
54592026,SAMN54592026,,,blood,Homo sapiens,2025,USA,,,,,,,,,Streptococcus pyogenes
54577257,SAMN54577257,,,not collected,Homo sapiens,2025,USA: Chicago,,,,,GCA_054479165.1,Contig,,ftp://ftp.ncbi.nlm.nih.gov/genomes/all/GCA/054/479/165/GCA_054479165.1_PDT003053186.1,Streptococcus pyogenes
54577256,SAMN54577256,,,not collected,Homo sapiens,2025,USA: Chicago,,,,,GCA_054479255.1,Contig,,ftp://ftp.ncbi.nlm.nih.gov/genomes/all/GCA/054/479/255/GCA_054479255.1_PDT003053187.1,Streptococcus pyogenes
54577255,SAMN54577255,,,not collected,Homo sapiens,2025,USA: Chicago,,,,,GCA_054479155.1,Contig,,ftp://ftp.ncbi.nlm.nih.gov/genomes/all/GCA/054/479/155/GCA_054479155.1_PDT003053188.1,Streptococcus pyogenes
54576299,SAMN54576299,,,throat,Homo sapiens,2025,USA,,,,,GCA_054478615.1,Contig,,ftp://ftp.ncbi.nlm.nih.gov/genomes/all/GCA/054/478/615/GCA_054478615.1_PDT003053116.1,Streptococcus pyogenes
54576298,SAMN54576298,,,blood,Homo sapiens,2025,USA,,,,,GCA_054478635.1,Contig,,ftp://ftp.ncbi.nlm.nih.gov/genomes/all/GCA/054/478/635/GCA_054478635.1_PDT003053117.1,Streptococcus pyogenes
54576297,SAMN54576297,,,blood,Homo sapiens,2025,USA,,,,,GCA_054478595.1,Contig,,ftp://ftp.ncbi.nlm.nih.gov/genomes/all/GCA/054/478/595/GCA_054478595.1_PDT003053118.1,Streptococcus pyogenes
54576296,SAMN54576296,,,blood,Homo sapiens,2025,USA,,,,,GCA_054478565.1,Contig,,ftp://ftp.ncbi.nlm.nih.gov/genomes/all/GCA/054/478/565/GCA_054478565.1_PDT003053119.1,Streptococcus pyogenes
54529663,SAMN54529663,,,other,Homo sapiens,2025-12-29,USA,,,,,GCA_054416035.1,Contig,,ftp://ftp.ncbi.nlm.nih.gov/genomes/all/GCA/054/416/035/GCA_054416035.1_PDT003048795.1,Streptococcus pyogenes
54529662,SAMN54529662,,,other,Homo sapiens,2025-12-27,USA,,,,,GCA_054416015.1,Contig,,ftp://ftp.ncbi.nlm.nih.gov/genomes/all/GCA/054/416/015/GCA_054416015.1_PDT003048796.1,Streptococcus pyogenes
54529661,SAMN54529661,,,other,Homo sapiens,2025-12-31,USA,,,,,GCA_054415995.1,Contig,,ftp://ftp.ncbi.nlm.nih.gov/genomes/all/GCA/054/415/995/GCA_054415995.1_PDT003048797.1,Streptococcus pyogenes
54529660,SAMN54529660,,,urine,Homo sapiens,2025-12-25,USA,,,,,GCA_054415975.1,Contig,,ftp://ftp.ncbi.nlm.nih.gov/genomes/all/GCA/054/415/975/GCA_054415975.1_PDT003048798.1,Streptococcus pyogenes
54529659,SAMN54529659,,,other,Homo sapiens,2025-12-28,USA,,,,,GCA_054415955.1,Contig,,ftp://ftp.ncbi.nlm.nih.gov/genomes/all/GCA/054/415/955/GCA_054415955.1_PDT003048799.1,Streptococcus pyogenes
54529658,SAMN54529658,,,other,Homo sapiens,2025-12-27,USA,,,,,GCA_054415935.1,Contig,,ftp://ftp.ncbi.nlm.nih.gov/genomes/all/GCA/054/415/935/GCA_054415935.1_PDT003048800.1,Streptococcus pyogenes
54529657,SAMN54529657,,,other,Homo sapiens,2025-12-28,USA,,,,,GCA_054416295.1,Contig,,ftp://ftp.ncbi.nlm.nih.gov/genomes/all/GCA/054/416/295/GCA_054416295.1_PDT003048787.1,Streptococcus pyogenes
54529656,SAMN54529656,,,other,Homo sapiens,2025-12-27,USA,,,,,GCA_054416135.1,Contig,,ftp://ftp.ncbi.nlm.nih.gov/genomes/all/GCA/054/416/135/GCA_054416135.1_PDT003048788.1,Streptococcus pyogenes
54529655,SAMN54529655,,,urine,Homo sapiens,2025-12-23,USA,,,,,GCA_054416275.1,Contig,,ftp://ftp.ncbi.nlm.nih.gov/genomes/all/GCA/054/416/275/GCA_054416275.1_PDT003048789.1,Streptococcus pyogenes
54529654,SAMN54529654,,,other,Homo sapiens,2025-12-23,USA,,,,,GCA_054416155.1,Contig,,ftp://ftp.ncbi.nlm.nih.gov/genomes/all/GCA/054/416/155/GCA_054416155.1_PDT003048790.1,Streptococcus pyogenes
54529653,SAMN54529653,,,other,Homo sapiens,2025-12-23,USA,,,,,GCA_054416115.1,Contig,,ftp://ftp.ncbi.nlm.nih.gov/genomes/all/GCA/054/416/115/GCA_054416115.1_PDT003048791.1,Streptococcus pyogenes
54529652,SAMN54529652,,,urine,Homo sapiens,2025-12-23,USA,,,,,GCA_054416095.1,Contig,,ftp://ftp.ncbi.nlm.nih.gov/genomes/all/GCA/054/416/095/GCA_054416095.1_PDT003048792.1,Streptococcus pyogenes
54529651,SAMN54529651,,,other,Homo sapiens,2025-12-23,USA,,,,,GCA_054416075.1,Contig,,ftp://ftp.ncbi.nlm.nih.gov/genomes/all/GCA/054/416/075/GCA_054416075.1_PDT003048793.1,Streptococcus pyogenes
54529650,SAMN54529650,,,Wound/Abscess,Homo sapiens,2025-12-25,USA,,,,,GCA_054416055.1,Contig,,ftp://ftp.ncbi.nlm.nih.gov/genomes/all/GCA/054/416/055/GCA_054416055.1_PDT003048794.1,Streptococcus pyogenes
54529649,SAMN54529649,,,urine,Homo sapiens,2025-12-16,USA,,,,,GCA_054415915.1,Contig,,ftp://ftp.ncbi.nlm.nih.gov/genomes/all/GCA/054/415/915/GCA_054415915.1_PDT003048801.1,Streptococcus pyogenes
54529648,SAMN54529648,,,other,Homo sapiens,2025-12-12,USA,,,,,GCA_054415895.1,Contig,,ftp://ftp.ncbi.nlm.nih.gov/genomes/all/GCA/054/415/895/GCA_054415895.1_PDT003048802.1,Streptococcus pyogenes
54529570,SAMN54529570,,,,Homo sapiens,,,,,,,GCA_054416495.1,Contig,,ftp://ftp.ncbi.nlm.nih.gov/genomes/all/GCA/054/416/495/GCA_054416495.1_PDT003048776.1,Streptococcus pyogenes
54529569,SAMN54529569,,,,Homo sapiens,,,,,,,GCA_054416655.1,Contig,,ftp://ftp.ncbi.nlm.nih.gov/genomes/all/GCA/054/416/655/GCA_054416655.1_PDT003048777.1,Streptococcus pyogenes
54528591,SAMN54528591,,,blood,Homo sapiens,2025,USA,,,,,GCA_054413095.1,Contig,,ftp://ftp.ncbi.nlm.nih.gov/genomes/all/GCA/054/413/095/GCA_054413095.1_PDT003048628.1,Streptococcus pyogenes
54528590,SAMN54528590,,,Sacrum,Homo sapiens,2025,USA,,,,,GCA_054413075.1,Contig,,ftp://ftp.ncbi.nlm.nih.gov/genomes/all/GCA/054/413/075/GCA_054413075.1_PDT003048629.1,Streptococcus pyogenes
54528589,SAMN54528589,,,blood,Homo sapiens,2025,USA,,,,,GCA_054413055.1,Contig,,ftp://ftp.ncbi.nlm.nih.gov/genomes/all/GCA/054/413/055/GCA_054413055.1_PDT003048630.1,Streptococcus pyogenes
54528588,SAMN54528588,,,wound,Homo sapiens,2025,USA,,,,,GCA_054413035.1,Contig,,ftp://ftp.ncbi.nlm.nih.gov/genomes/all/GCA/054/413/035/GCA_054413035.1_PDT003048631.1,Streptococcus pyogenes
54528587,SAMN54528587,,,wound,Homo sapiens,2025,USA,,,,,GCA_054412255.1,Contig,,ftp://ftp.ncbi.nlm.nih.gov/genomes/all/GCA/054/412/255/GCA_054412255.1_PDT003048632.1,Streptococcus pyogenes
54528586,SAMN54528586,,,throat,Homo sapiens,2025,USA,,,,,GCA_054411855.1,Contig,,ftp://ftp.ncbi.nlm.nih.gov/genomes/all/GCA/054/411/855/GCA_054411855.1_PDT003048633.1,Streptococcus pyogenes
54492872,SAMN54492872,,,wound,Homo sapiens,2025-12-20,USA:RI,,,,,GCA_054400545.1,Contig,,ftp://ftp.ncbi.nlm.nih.gov/genomes/all/GCA/054/400/545/GCA_054400545.1_PDT003047593.1,Streptococcus pyogenes
54492871,SAMN54492871,,,blood,Homo sapiens,2025-12-23,USA:RI,,,,,GCA_054400535.1,Contig,,ftp://ftp.ncbi.nlm.nih.gov/genomes/all/GCA/054/400/535/GCA_054400535.1_PDT003047594.1,Streptococcus pyogenes
54472878,SAMD01688679,,NCCHDGAS27,soft tissue,Homo sapiens,2025-01-08,Japan,,,,,,,,,Streptococcus pyogenes
54472877,SAMD01688678,,NCCHDGAS26,blood,Homo sapiens,2024-12-25,Japan,,,,,,,,,Streptococcus pyogenes
54472876,SAMD01688677,,NCCHDGAS25,thorax,Homo sapiens,2024-12-24,Japan,,,,,,,,,Streptococcus pyogenes
54472875,SAMD01688676,,NCCHDGAS24,blood,Homo sapiens,2024-07-28,Japan,,,,,,,,,Streptococcus pyogenes
54472874,SAMD01688675,,NCCHDGAS23,puncture fluid,Homo sapiens,2024-05-27,Japan,,,,,,,,,Streptococcus pyogenes
54472873,SAMD01688674,,NCCHDGAS22,blood,Homo sapiens,2024-05-11,Japan,,,,,,,,,Streptococcus pyogenes
54472872,SAMD01688673,,NCCHDGAS21,blood,Homo sapiens,2024-05-04,Japan,,,,,,,,,Streptococcus pyogenes
54472871,SAMD01688672,,NCCHDGAS20,blood,Homo sapiens,2024-04-19,Japan,,,,,,,,,Streptococcus pyogenes
54472870,SAMD01688671,,NCCHDGAS19,blood,Homo sapiens,2024-03-03,Japan,,,,,,,,,Streptococcus pyogenes
54472869,SAMD01688670,,NCCHDGAS18,blood,Homo sapiens,2024-01-22,Japan,,,,,,,,,Streptococcus pyogenes
54472868,SAMD01688669,,NCCHDGAS17,blood,Homo sapiens,2023-12-17,Japan,,,,,,,,,Streptococcus pyogenes
54472867,SAMD01688668,,NCCHDGAS16,blood,Homo sapiens,2023-11-28,Japan,,,,,,,,,Streptococcus pyogenes
54472866,SAMD01688667,,NCCHDGAS13,Joint fluid,Homo sapiens,2023-10-04,Japan,,,,,,,,,Streptococcus pyogenes
54472865,SAMD01688666,,NCCHDGAS12,blood,Homo sapiens,2023-09-15,Japan,,,,,,,,,Streptococcus pyogenes
54472864,SAMD01688665,,NCCHDGAS11,blood,Homo sapiens,2023-08-12,Japan,,,,,,,,,Streptococcus pyogenes
54472863,SAMD01688664,,NCCHDGAS10,blood,Homo sapiens,2023-04-19,Japan,,,,,,,,,Streptococcus pyogenes
54472862,SAMD01688663,,NCCHDGAS9,blood,Homo sapiens,2022-12-05,Japan,,,,,,,,,Streptococcus pyogenes
54472861,SAMD01688662,,NCCHDGAS8,blood,Homo sapiens,2020-02-10,Japan,,,,,,,,,Streptococcus pyogenes
54472860,SAMD01688661,,NCCHDGAS7,blood,Homo sapiens,2020-01-29,Japan,,,,,,,,,Streptococcus pyogenes
54472859,SAMD01688660,,NCCHDGAS6,blood,Homo sapiens,2020-01-23,Japan,,,,,,,,,Streptococcus pyogenes
54472858,SAMD01688659,,NCCHDGAS5,Joint fluid,Homo sapiens,2019-01-02,Japan,,,,,,,,,Streptococcus pyogenes
54467551,SAMN54467551,,,blood,Homo sapiens,2025,USA,,,,,GCA_054376175.1,Contig,,ftp://ftp.ncbi.nlm.nih.gov/genomes/all/GCA/054/376/175/GCA_054376175.1_PDT003046589.1,Streptococcus pyogenes
54467550,SAMN54467550,,,blood,Homo sapiens,2025,USA,,,,,GCA_054375695.1,Contig,,ftp://ftp.ncbi.nlm.nih.gov/genomes/all/GCA/054/375/695/GCA_054375695.1_PDT003046590.1,Streptococcus pyogenes
54467549,SAMN54467549,,,wound,Homo sapiens,2025,USA,,,,,GCA_054376155.1,Contig,,ftp://ftp.ncbi.nlm.nih.gov/genomes/all/GCA/054/376/155/GCA_054376155.1_PDT003046591.1,Streptococcus pyogenes
54467548,SAMN54467548,,,blood,Homo sapiens,2025,USA,,,,,GCA_054375675.1,Contig,,ftp://ftp.ncbi.nlm.nih.gov/genomes/all/GCA/054/375/675/GCA_054375675.1_PDT003046592.1,Streptococcus pyogenes
54467547,SAMN54467547,,,blood,Homo sapiens,2025,USA,,,,,GCA_054375715.1,Contig,,ftp://ftp.ncbi.nlm.nih.gov/genomes/all/GCA/054/375/715/GCA_054375715.1_PDT003046593.1,Streptococcus pyogenes
54467546,SAMN54467546,,,throat,Homo sapiens,2025,USA,,,,,GCA_054375655.1,Contig,,ftp://ftp.ncbi.nlm.nih.gov/genomes/all/GCA/054/375/655/GCA_054375655.1_PDT003046594.1,Streptococcus pyogenes
54318078,SAMN54318078,,LACPHL-SPEC-2025-00958,,Homo sapiens,,,,,,,GCA_054458095.1,Contig,,ftp://ftp.ncbi.nlm.nih.gov/genomes/all/GCA/054/458/095/GCA_054458095.1_ASM5445809v1,Streptococcus pyogenes
54318077,SAMN54318077,,LACPHL-SPEC-2025-00957,,Homo sapiens,,,,,,,GCA_054458115.1,Contig,,ftp://ftp.ncbi.nlm.nih.gov/genomes/all/GCA/054/458/115/GCA_054458115.1_ASM5445811v1,Streptococcus pyogenes
54318076,SAMN54318076,,LACPHL-SPEC-2025-00956,,Homo sapiens,,,,,,,GCA_054458135.1,Contig,,ftp://ftp.ncbi.nlm.nih.gov/genomes/all/GCA/054/458/135/GCA_054458135.1_ASM5445813v1,Streptococcus pyogenes
54318074,SAMN54318074,,LACPHL-SPEC-2025-00954,,Homo sapiens,,,,,,,GCA_054458175.1,Contig,,ftp://ftp.ncbi.nlm.nih.gov/genomes/all/GCA/054/458/175/GCA_054458175.1_ASM5445817v1,Streptococcus pyogenes
54318072,SAMN54318072,,LACPHL-SPEC-2025-00952,,Homo sapiens,,,,,,,GCA_054458195.1,Contig,,ftp://ftp.ncbi.nlm.nih.gov/genomes/all/GCA/054/458/195/GCA_054458195.1_ASM5445819v1,Streptococcus pyogenes
54318071,SAMN54318071,,LACPHL-SPEC-2025-00951,,Homo sapiens,,,,,,,GCA_054458235.1,Contig,,ftp://ftp.ncbi.nlm.nih.gov/genomes/all/GCA/054/458/235/GCA_054458235.1_ASM5445823v1,Streptococcus pyogenes
54318070,SAMN54318070,,LACPHL-SPEC-2025-00950,,Homo sapiens,,,,,,,GCA_054458255.1,Contig,,ftp://ftp.ncbi.nlm.nih.gov/genomes/all/GCA/054/458/255/GCA_054458255.1_ASM5445825v1,Streptococcus pyogenes
54318069,SAMN54318069,,LACPHL-SPEC-2025-00949,,Homo sapiens,,,,,,,GCA_054458275.1,Contig,,ftp://ftp.ncbi.nlm.nih.gov/genomes/all/GCA/054/458/275/GCA_054458275.1_ASM5445827v1,Streptococcus pyogenes
54318068,SAMN54318068,,LACPHL-SPEC-2025-00948,,Homo sapiens,,,,,,,GCA_054458295.1,Contig,,ftp://ftp.ncbi.nlm.nih.gov/genomes/all/GCA/054/458/295/GCA_054458295.1_ASM5445829v1,Streptococcus pyogenes
54318067,SAMN54318067,,LACPHL-SPEC-2025-00947,,Homo sapiens,,,,,,,GCA_054458315.1,Contig,,ftp://ftp.ncbi.nlm.nih.gov/genomes/all/GCA/054/458/315/GCA_054458315.1_ASM5445831v1,Streptococcus pyogenes
54318066,SAMN54318066,,LACPHL-SPEC-2025-00946,,Homo sapiens,,,,,,,GCA_054458335.1,Contig,,ftp://ftp.ncbi.nlm.nih.gov/genomes/all/GCA/054/458/335/GCA_054458335.1_ASM5445833v1,Streptococcus pyogenes
54415281,SAMN54415281,,,blood,Homo sapiens,2025,USA,,,,,GCA_054266575.1,Contig,,ftp://ftp.ncbi.nlm.nih.gov/genomes/all/GCA/054/266/575/GCA_054266575.1_PDT003043155.1,Streptococcus pyogenes
53033535,SAMN53033535,,GAS-758820,Oropharynx,Homo sapiens,2023,USA: Illinois,,,,,GCF_053347795.1,Contig,ftp://ftp.ncbi.nlm.nih.gov/genomes/all/GCF/053/347/795/GCF_053347795.1_ASM5334779v1,ftp://ftp.ncbi.nlm.nih.gov/genomes/all/GCA/053/347/795/GCA_053347795.1_ASM5334779v1,Streptococcus pyogenes
54430664,SAMEA120862977,,,,,,,,,,,,,,,Streptococcus pyogenes
54430088,SAMEA120862980,,,,,,,,,,,,,,,Streptococcus pyogenes
54429540,SAMEA120862984,,,,,,,,,,,,,,,Streptococcus pyogenes
54429111,SAMEA120862983,,,,,,,,,,,,,,,Streptococcus pyogenes
54427874,SAMEA120862973,,,,,,,,,,,,,,,Streptococcus pyogenes
54426826,SAMEA120862981,,,,,,,,,,,,,,,Streptococcus pyogenes
54426284,SAMEA120862974,,,,,,,,,,,,,,,Streptococcus pyogenes
54425811,SAMEA120862976,,,,,,,,,,,,,,,Streptococcus pyogenes
54425598,SAMEA120862986,,,,,,,,,,,,,,,Streptococcus pyogenes
54425279,SAMEA120862978,,,,,,,,,,,,,,,Streptococcus pyogenes
54424454,SAMEA120862982,,,,,,,,,,,,,,,Streptococcus pyogenes
54423815,SAMEA120862985,,,,,,,,,,,,,,,Streptococcus pyogenes
54423710,SAMEA120862979,,,,,,,,,,,,,,,Streptococcus pyogenes
46553922,SAMN46553922,,CGAS077,wound swab,Homo sapiens,2019,China: Heilongjiang,,,,,GCF_054581165.1,Scaffold,ftp://ftp.ncbi.nlm.nih.gov/genomes/all/GCF/054/581/165/GCF_054581165.1_ASM5458116v1,ftp://ftp.ncbi.nlm.nih.gov/genomes/all/GCA/054/581/165/GCA_054581165.1_ASM5458116v1,Streptococcus pyogenes
46553921,SAMN46553921,,CGAS301,wound,Homo sapiens,2022,China: Beijing,,,,,GCF_054576645.1,Scaffold,ftp://ftp.ncbi.nlm.nih.gov/genomes/all/GCF/054/576/645/GCF_054576645.1_ASM5457664v1,ftp://ftp.ncbi.nlm.nih.gov/genomes/all/GCA/054/576/645/GCA_054576645.1_ASM5457664v1,Streptococcus pyogenes
46553920,SAMN46553920,,CGAS345,wound,Homo sapiens,2019,China: Beijing,,,,,GCF_054575745.1,Scaffold,ftp://ftp.ncbi.nlm.nih.gov/genomes/all/GCF/054/575/745/GCF_054575745.1_ASM5457574v1,ftp://ftp.ncbi.nlm.nih.gov/genomes/all/GCA/054/575/745/GCA_054575745.1_ASM5457574v1,Streptococcus pyogenes
46553919,SAMN46553919,,CGAS158,wound,Homo sapiens,2018,China: Zhejiang,,,,,GCF_054579565.1,Scaffold,ftp://ftp.ncbi.nlm.nih.gov/genomes/all/GCF/054/579/565/GCF_054579565.1_ASM5457956v1,ftp://ftp.ncbi.nlm.nih.gov/genomes/all/GCA/054/579/565/GCA_054579565.1_ASM5457956v1,Streptococcus pyogenes
46553918,SAMN46553918,,CGAS138,wound,Homo sapiens,2018,China: Shanghai,,,,,GCF_054579985.1,Scaffold,ftp://ftp.ncbi.nlm.nih.gov/genomes/all/GCF/054/579/985/GCF_054579985.1_ASM5457998v1,ftp://ftp.ncbi.nlm.nih.gov/genomes/all/GCA/054/579/985/GCA_054579985.1_ASM5457998v1,Streptococcus pyogenes
46553917,SAMN46553917,,CGAS155,wound,Homo sapiens,2019,China: Zhejiang,,,,,GCF_054579605.1,Scaffold,ftp://ftp.ncbi.nlm.nih.gov/genomes/all/GCF/054/579/605/GCF_054579605.1_ASM5457960v1,ftp://ftp.ncbi.nlm.nih.gov/genomes/all/GCA/054/579/605/GCA_054579605.1_ASM5457960v1,Streptococcus pyogenes
46553916,SAMN46553916,,CGAS140,wound,Homo sapiens,2018,China: Shanghai,,,,,GCF_054579945.1,Scaffold,ftp://ftp.ncbi.nlm.nih.gov/genomes/all/GCF/054/579/945/GCF_054579945.1_ASM5457994v1,ftp://ftp.ncbi.nlm.nih.gov/genomes/all/GCA/054/579/945/GCA_054579945.1_ASM5457994v1,Streptococcus pyogenes
46553915,SAMN46553915,,CGAS139,wound,Homo sapiens,2018,China: Shanghai,,,,,GCF_054579905.1,Scaffold,ftp://ftp.ncbi.nlm.nih.gov/genomes/all/GCF/054/579/905/GCF_054579905.1_ASM5457990v1,ftp://ftp.ncbi.nlm.nih.gov/genomes/all/GCA/054/579/905/GCA_054579905.1_ASM5457990v1,Streptococcus pyogenes
46553914,SAMN46553914,,CGAS137,wound,Homo sapiens,2018,China: Shanghai,,,,,GCF_054579965.1,Scaffold,ftp://ftp.ncbi.nlm.nih.gov/genomes/all/GCF/054/579/965/GCF_054579965.1_ASM5457996v1,ftp://ftp.ncbi.nlm.nih.gov/genomes/all/GCA/054/579/965/GCA_054579965.1_ASM5457996v1,Streptococcus pyogenes
46553913,SAMN46553913,,CGAS135,wound,Homo sapiens,2018,China: Shanghai,,,,,GCF_054580005.1,Scaffold,ftp://ftp.ncbi.nlm.nih.gov/genomes/all/GCF/054/580/005/GCF_054580005.1_ASM5458000v1,ftp://ftp.ncbi.nlm.nih.gov/genomes/all/GCA/054/580/005/GCA_054580005.1_ASM5458000v1,Streptococcus pyogenes
46553912,SAMN46553912,,CGAS286,wound,Homo sapiens,2019,China: Beijing,,,,,GCF_054577025.1,Scaffold,ftp://ftp.ncbi.nlm.nih.gov/genomes/all/GCF/054/577/025/GCF_054577025.1_ASM5457702v1,ftp://ftp.ncbi.nlm.nih.gov/genomes/all/GCA/054/577/025/GCA_054577025.1_ASM5457702v1,Streptococcus pyogenes
46553911,SAMN46553911,,CGAS380,wound,Homo sapiens,2015,China: Chongqing,,,,,GCF_054575055.1,Scaffold,ftp://ftp.ncbi.nlm.nih.gov/genomes/all/GCF/054/575/055/GCF_054575055.1_ASM5457505v1,ftp://ftp.ncbi.nlm.nih.gov/genomes/all/GCA/054/575/055/GCA_054575055.1_ASM5457505v1,Streptococcus pyogenes
46553910,SAMN46553910,,CGAS157,wound,Homo sapiens,2018,China: Zhejiang,,,,,GCF_054579585.1,Scaffold,ftp://ftp.ncbi.nlm.nih.gov/genomes/all/GCF/054/579/585/GCF_054579585.1_ASM5457958v1,ftp://ftp.ncbi.nlm.nih.gov/genomes/all/GCA/054/579/585/GCA_054579585.1_ASM5457958v1,Streptococcus pyogenes
46553909,SAMN46553909,,CGAS283,wound,Homo sapiens,2019,China: Beijing,,,,,GCF_054577085.1,Scaffold,ftp://ftp.ncbi.nlm.nih.gov/genomes/all/GCF/054/577/085/GCF_054577085.1_ASM5457708v1,ftp://ftp.ncbi.nlm.nih.gov/genomes/all/GCA/054/577/085/GCA_054577085.1_ASM5457708v1,Streptococcus pyogenes
46553908,SAMN46553908,,CGAS298,wound,Homo sapiens,2022,China: Beijing,,,,,GCF_054576705.1,Scaffold,ftp://ftp.ncbi.nlm.nih.gov/genomes/all/GCF/054/576/705/GCF_054576705.1_ASM5457670v1,ftp://ftp.ncbi.nlm.nih.gov/genomes/all/GCA/054/576/705/GCA_054576705.1_ASM5457670v1,Streptococcus pyogenes
46553907,SAMN46553907,,CGAS250,wound,Homo sapiens,2017,China: Beijing,,,,,GCF_054577745.1,Scaffold,ftp://ftp.ncbi.nlm.nih.gov/genomes/all/GCF/054/577/745/GCF_054577745.1_ASM5457774v1,ftp://ftp.ncbi.nlm.nih.gov/genomes/all/GCA/054/577/745/GCA_054577745.1_ASM5457774v1,Streptococcus pyogenes
46553906,SAMN46553906,,CGAS287,wound,Homo sapiens,2019,China: Beijing,,,,,GCF_054577005.1,Scaffold,ftp://ftp.ncbi.nlm.nih.gov/genomes/all/GCF/054/577/005/GCF_054577005.1_ASM5457700v1,ftp://ftp.ncbi.nlm.nih.gov/genomes/all/GCA/054/577/005/GCA_054577005.1_ASM5457700v1,Streptococcus pyogenes
46553905,SAMN46553905,,CGAS304,wound,Homo sapiens,2022,China: Beijing,,,,,GCF_054576525.1,Scaffold,ftp://ftp.ncbi.nlm.nih.gov/genomes/all/GCF/054/576/525/GCF_054576525.1_ASM5457652v1,ftp://ftp.ncbi.nlm.nih.gov/genomes/all/GCA/054/576/525/GCA_054576525.1_ASM5457652v1,Streptococcus pyogenes
46553904,SAMN46553904,,CGAS296,vaginal swab,Homo sapiens,2022,China: Beijing,,,,,GCF_054576805.1,Scaffold,ftp://ftp.ncbi.nlm.nih.gov/genomes/all/GCF/054/576/805/GCF_054576805.1_ASM5457680v1,ftp://ftp.ncbi.nlm.nih.gov/genomes/all/GCA/054/576/805/GCA_054576805.1_ASM5457680v1,Streptococcus pyogenes
46553903,SAMN46553903,,CGAS312,vaginal swab,Homo sapiens,2024,China: Beijing,,,,,GCF_054576345.1,Scaffold,ftp://ftp.ncbi.nlm.nih.gov/genomes/all/GCF/054/576/345/GCF_054576345.1_ASM5457634v1,ftp://ftp.ncbi.nlm.nih.gov/genomes/all/GCA/054/576/345/GCA_054576345.1_ASM5457634v1,Streptococcus pyogenes
46553902,SAMN46553902,,CGAS350,vaginal rectal swab,Homo sapiens,2021,China: Beijing,,,,,GCF_054575625.1,Scaffold,ftp://ftp.ncbi.nlm.nih.gov/genomes/all/GCF/054/575/625/GCF_054575625.1_ASM5457562v1,ftp://ftp.ncbi.nlm.nih.gov/genomes/all/GCA/054/575/625/GCA_054575625.1_ASM5457562v1,Streptococcus pyogenes
46553901,SAMN46553901,,CGAS337,vaginal,Homo sapiens,2018,China: Beijing,,,,,GCF_054575905.1,Scaffold,ftp://ftp.ncbi.nlm.nih.gov/genomes/all/GCF/054/575/905/GCF_054575905.1_ASM5457590v1,ftp://ftp.ncbi.nlm.nih.gov/genomes/all/GCA/054/575/905/GCA_054575905.1_ASM5457590v1,Streptococcus pyogenes
46553900,SAMN46553900,,CGAS241,vaginal,Homo sapiens,2014,China: Beijing,,,,,GCF_054577965.1,Scaffold,ftp://ftp.ncbi.nlm.nih.gov/genomes/all/GCF/054/577/965/GCF_054577965.1_ASM5457796v1,ftp://ftp.ncbi.nlm.nih.gov/genomes/all/GCA/054/577/965/GCA_054577965.1_ASM5457796v1,Streptococcus pyogenes
46553899,SAMN46553899,,CGAS264,vaginal,Homo sapiens,2019,China: Beijing,,,,,GCF_054577525.1,Scaffold,ftp://ftp.ncbi.nlm.nih.gov/genomes/all/GCF/054/577/525/GCF_054577525.1_ASM5457752v1,ftp://ftp.ncbi.nlm.nih.gov/genomes/all/GCA/054/577/525/GCA_054577525.1_ASM5457752v1,Streptococcus pyogenes
46553898,SAMN46553898,,CGAS222,vaginal,Homo sapiens,2019,China: Beijing,,,,,GCF_054578305.1,Scaffold,ftp://ftp.ncbi.nlm.nih.gov/genomes/all/GCF/054/578/305/GCF_054578305.1_ASM5457830v1,ftp://ftp.ncbi.nlm.nih.gov/genomes/all/GCA/054/578/305/GCA_054578305.1_ASM5457830v1,Streptococcus pyogenes
46553897,SAMN46553897,,CGAS319,urine,Homo sapiens,2024,China: Beijing,,,,,GCF_054576265.1,Scaffold,ftp://ftp.ncbi.nlm.nih.gov/genomes/all/GCF/054/576/265/GCF_054576265.1_ASM5457626v1,ftp://ftp.ncbi.nlm.nih.gov/genomes/all/GCA/054/576/265/GCA_054576265.1_ASM5457626v1,Streptococcus pyogenes
46553896,SAMN46553896,,CGAS156,urine,Homo sapiens,2018,China: Zhejiang,,,,,GCF_054579625.1,Scaffold,ftp://ftp.ncbi.nlm.nih.gov/genomes/all/GCF/054/579/625/GCF_054579625.1_ASM5457962v1,ftp://ftp.ncbi.nlm.nih.gov/genomes/all/GCA/054/579/625/GCA_054579625.1_ASM5457962v1,Streptococcus pyogenes
46553895,SAMN46553895,,CGAS068,urine,Homo sapiens,2018,China: Shanghai,,,,,GCF_054581345.1,Scaffold,ftp://ftp.ncbi.nlm.nih.gov/genomes/all/GCF/054/581/345/GCF_054581345.1_ASM5458134v1,ftp://ftp.ncbi.nlm.nih.gov/genomes/all/GCA/054/581/345/GCA_054581345.1_ASM5458134v1,Streptococcus pyogenes
46553894,SAMN46553894,,CGAS069,urine,Homo sapiens,2018,China: Shanghai,,,,,GCF_054581325.1,Scaffold,ftp://ftp.ncbi.nlm.nih.gov/genomes/all/GCF/054/581/325/GCF_054581325.1_ASM5458132v1,ftp://ftp.ncbi.nlm.nih.gov/genomes/all/GCA/054/581/325/GCA_054581325.1_ASM5458132v1,Streptococcus pyogenes
46553893,SAMN46553893,,CGAS147,urine,Homo sapiens,2019,China: Zhejiang,,,,,GCF_054579785.1,Scaffold,ftp://ftp.ncbi.nlm.nih.gov/genomes/all/GCF/054/579/785/GCF_054579785.1_ASM5457978v1,ftp://ftp.ncbi.nlm.nih.gov/genomes/all/GCA/054/579/785/GCA_054579785.1_ASM5457978v1,Streptococcus pyogenes
46553892,SAMN46553892,,CGAS028,urine,Homo sapiens,2014,China: Beijing,,,,,GCF_054582145.1,Scaffold,ftp://ftp.ncbi.nlm.nih.gov/genomes/all/GCF/054/582/145/GCF_054582145.1_ASM5458214v1,ftp://ftp.ncbi.nlm.nih.gov/genomes/all/GCA/054/582/145/GCA_054582145.1_ASM5458214v1,Streptococcus pyogenes
46553891,SAMN46553891,,CGAS027,urine,Homo sapiens,2014,China: Beijing,,,,,GCF_054582165.1,Scaffold,ftp://ftp.ncbi.nlm.nih.gov/genomes/all/GCF/054/582/165/GCF_054582165.1_ASM5458216v1,ftp://ftp.ncbi.nlm.nih.gov/genomes/all/GCA/054/582/165/GCA_054582165.1_ASM5458216v1,Streptococcus pyogenes
46553890,SAMN46553890,,CGAS025,urine,Homo sapiens,2014,China: Beijing,,,,,GCF_054582205.1,Scaffold,ftp://ftp.ncbi.nlm.nih.gov/genomes/all/GCF/054/582/205/GCF_054582205.1_ASM5458220v1,ftp://ftp.ncbi.nlm.nih.gov/genomes/all/GCA/054/582/205/GCA_054582205.1_ASM5458220v1,Streptococcus pyogenes
46553889,SAMN46553889,,CGAS029,urine,Homo sapiens,2014,China: Beijing,,,,,GCF_054582125.1,Scaffold,ftp://ftp.ncbi.nlm.nih.gov/genomes/all/GCF/054/582/125/GCF_054582125.1_ASM5458212v1,ftp://ftp.ncbi.nlm.nih.gov/genomes/all/GCA/054/582/125/GCA_054582125.1_ASM5458212v1,Streptococcus pyogenes
46553888,SAMN46553888,,CGAS026,urine,Homo sapiens,2014,China: Beijing,,,,,GCF_054582185.1,Scaffold,ftp://ftp.ncbi.nlm.nih.gov/genomes/all/GCF/054/582/185/GCF_054582185.1_ASM5458218v1,ftp://ftp.ncbi.nlm.nih.gov/genomes/all/GCA/054/582/185/GCA_054582185.1_ASM5458218v1,Streptococcus pyogenes
46553887,SAMN46553887,,CGAS379,ulcer,Homo sapiens,2014,China: Beijing,,,,,GCF_054575045.1,Scaffold,ftp://ftp.ncbi.nlm.nih.gov/genomes/all/GCF/054/575/045/GCF_054575045.1_ASM5457504v1,ftp://ftp.ncbi.nlm.nih.gov/genomes/all/GCA/054/575/045/GCA_054575045.1_ASM5457504v1,Streptococcus pyogenes
46553886,SAMN46553886,,CGAS202,ulcer,Homo sapiens,2019,China: Hubei,,,,,GCF_054578705.1,Scaffold,ftp://ftp.ncbi.nlm.nih.gov/genomes/all/GCF/054/578/705/GCF_054578705.1_ASM5457870v1,ftp://ftp.ncbi.nlm.nih.gov/genomes/all/GCA/054/578/705/GCA_054578705.1_ASM5457870v1,Streptococcus pyogenes
46553885,SAMN46553885,,CGAS197,ulcer,Homo sapiens,2018,China: Hubei,,,,,GCF_054578805.1,Scaffold,ftp://ftp.ncbi.nlm.nih.gov/genomes/all/GCF/054/578/805/GCF_054578805.1_ASM5457880v1,ftp://ftp.ncbi.nlm.nih.gov/genomes/all/GCA/054/578/805/GCA_054578805.1_ASM5457880v1,Streptococcus pyogenes
46553884,SAMN46553884,,CGAS145,ulcer,Homo sapiens,2017,China: Zhejiang,,,,,GCF_054579805.1,Scaffold,ftp://ftp.ncbi.nlm.nih.gov/genomes/all/GCF/054/579/805/GCF_054579805.1_ASM5457980v1,ftp://ftp.ncbi.nlm.nih.gov/genomes/all/GCA/054/579/805/GCA_054579805.1_ASM5457980v1,Streptococcus pyogenes
46553883,SAMN46553883,,CGAS370,tissue,Homo sapiens,2017,China: Guangdong,,,,,GCF_054575245.1,Scaffold,ftp://ftp.ncbi.nlm.nih.gov/genomes/all/GCF/054/575/245/GCF_054575245.1_ASM5457524v1,ftp://ftp.ncbi.nlm.nih.gov/genomes/all/GCA/054/575/245/GCA_054575245.1_ASM5457524v1,Streptococcus pyogenes
46553882,SAMN46553882,,CGAS124,tissue,Homo sapiens,2019,China: Jilin,,,,,GCF_054580225.1,Scaffold,ftp://ftp.ncbi.nlm.nih.gov/genomes/all/GCF/054/580/225/GCF_054580225.1_ASM5458022v1,ftp://ftp.ncbi.nlm.nih.gov/genomes/all/GCA/054/580/225/GCA_054580225.1_ASM5458022v1,Streptococcus pyogenes
46553881,SAMN46553881,,CGAS305,tissue,Homo sapiens,2023,China: Beijing,,,,,GCF_054576505.1,Scaffold,ftp://ftp.ncbi.nlm.nih.gov/genomes/all/GCF/054/576/505/GCF_054576505.1_ASM5457650v1,ftp://ftp.ncbi.nlm.nih.gov/genomes/all/GCA/054/576/505/GCA_054576505.1_ASM5457650v1,Streptococcus pyogenes
46553880,SAMN46553880,,CGAS288,tissue,Homo sapiens,2020,China: Beijing,,,,,GCF_054576985.1,Scaffold,ftp://ftp.ncbi.nlm.nih.gov/genomes/all/GCF/054/576/985/GCF_054576985.1_ASM5457698v1,ftp://ftp.ncbi.nlm.nih.gov/genomes/all/GCA/054/576/985/GCA_054576985.1_ASM5457698v1,Streptococcus pyogenes
46553879,SAMN46553879,,CGAS258,tissue,Homo sapiens,2018,China: Beijing,,,,,GCF_054577645.1,Contig,ftp://ftp.ncbi.nlm.nih.gov/genomes/all/GCF/054/577/645/GCF_054577645.1_ASM5457764v1,ftp://ftp.ncbi.nlm.nih.gov/genomes/all/GCA/054/577/645/GCA_054577645.1_ASM5457764v1,Streptococcus pyogenes
46553878,SAMN46553878,,CGAS257,tissue,Homo sapiens,2018,China: Beijing,,,,,GCF_054577665.1,Contig,ftp://ftp.ncbi.nlm.nih.gov/genomes/all/GCF/054/577/665/GCF_054577665.1_ASM5457766v1,ftp://ftp.ncbi.nlm.nih.gov/genomes/all/GCA/054/577/665/GCA_054577665.1_ASM5457766v1,Streptococcus pyogenes
46553877,SAMN46553877,,CGAS262,tissue,Homo sapiens,2019,China: Beijing,,,,,GCF_054577565.1,Scaffold,ftp://ftp.ncbi.nlm.nih.gov/genomes/all/GCF/054/577/565/GCF_054577565.1_ASM5457756v1,ftp://ftp.ncbi.nlm.nih.gov/genomes/all/GCA/054/577/565/GCA_054577565.1_ASM5457756v1,Streptococcus pyogenes
46553876,SAMN46553876,,CGAS261,tissue,Homo sapiens,2019,China: Beijing,,,,,GCF_054577605.1,Scaffold,ftp://ftp.ncbi.nlm.nih.gov/genomes/all/GCF/054/577/605/GCF_054577605.1_ASM5457760v1,ftp://ftp.ncbi.nlm.nih.gov/genomes/all/GCA/054/577/605/GCA_054577605.1_ASM5457760v1,Streptococcus pyogenes
46553875,SAMN46553875,,CGAS094,throat swab,Homo sapiens,2019,China: Guangdong,,,,,GCF_054580825.1,Scaffold,ftp://ftp.ncbi.nlm.nih.gov/genomes/all/GCF/054/580/825/GCF_054580825.1_ASM5458082v1,ftp://ftp.ncbi.nlm.nih.gov/genomes/all/GCA/054/580/825/GCA_054580825.1_ASM5458082v1,Streptococcus pyogenes
46553874,SAMN46553874,,CGAS362,throat swab,Homo sapiens,2015,China: Guangdong,,,,,GCF_054575405.1,Scaffold,ftp://ftp.ncbi.nlm.nih.gov/genomes/all/GCF/054/575/405/GCF_054575405.1_ASM5457540v1,ftp://ftp.ncbi.nlm.nih.gov/genomes/all/GCA/054/575/405/GCA_054575405.1_ASM5457540v1,Streptococcus pyogenes
46553873,SAMN46553873,,CGAS109,throat swab,Homo sapiens,2019,China: Ningxia,,,,,GCF_054580525.1,Scaffold,ftp://ftp.ncbi.nlm.nih.gov/genomes/all/GCF/054/580/525/GCF_054580525.1_ASM5458052v1,ftp://ftp.ncbi.nlm.nih.gov/genomes/all/GCA/054/580/525/GCA_054580525.1_ASM5458052v1,Streptococcus pyogenes
46553872,SAMN46553872,,CGAS096,throat swab,Homo sapiens,2019,China: Guangdong,,,,,GCF_054580805.1,Scaffold,ftp://ftp.ncbi.nlm.nih.gov/genomes/all/GCF/054/580/805/GCF_054580805.1_ASM5458080v1,ftp://ftp.ncbi.nlm.nih.gov/genomes/all/GCA/054/580/805/GCA_054580805.1_ASM5458080v1,Streptococcus pyogenes
46553871,SAMN46553871,,CGAS098,throat swab,Homo sapiens,2019,China: Inner Mongolia,,,,,GCF_054580725.1,Scaffold,ftp://ftp.ncbi.nlm.nih.gov/genomes/all/GCF/054/580/725/GCF_054580725.1_ASM5458072v1,ftp://ftp.ncbi.nlm.nih.gov/genomes/all/GCA/054/580/725/GCA_054580725.1_ASM5458072v1,Streptococcus pyogenes
46553870,SAMN46553870,,CGAS314,throat swab,Homo sapiens,2024,China: Beijing,,,,,GCF_054576325.1,Scaffold,ftp://ftp.ncbi.nlm.nih.gov/genomes/all/GCF/054/576/325/GCF_054576325.1_ASM5457632v1,ftp://ftp.ncbi.nlm.nih.gov/genomes/all/GCA/054/576/325/GCA_054576325.1_ASM5457632v1,Streptococcus pyogenes
46553869,SAMN46553869,,CGAS108,throat swab,Homo sapiens,2019,China: Ningxia,,,,,GCF_054580545.1,Scaffold,ftp://ftp.ncbi.nlm.nih.gov/genomes/all/GCF/054/580/545/GCF_054580545.1_ASM5458054v1,ftp://ftp.ncbi.nlm.nih.gov/genomes/all/GCA/054/580/545/GCA_054580545.1_ASM5458054v1,Streptococcus pyogenes
46553868,SAMN46553868,,CGAS095,throat swab,Homo sapiens,2019,China: Guangdong,,,,,GCF_054580785.1,Scaffold,ftp://ftp.ncbi.nlm.nih.gov/genomes/all/GCF/054/580/785/GCF_054580785.1_ASM5458078v1,ftp://ftp.ncbi.nlm.nih.gov/genomes/all/GCA/054/580/785/GCA_054580785.1_ASM5458078v1,Streptococcus pyogenes
46553867,SAMN46553867,,CGAS361,thoracentesis fluid,Homo sapiens,2014,China: Guangdong,,,,,GCF_054575425.1,Scaffold,ftp://ftp.ncbi.nlm.nih.gov/genomes/all/GCF/054/575/425/GCF_054575425.1_ASM5457542v1,ftp://ftp.ncbi.nlm.nih.gov/genomes/all/GCA/054/575/425/GCA_054575425.1_ASM5457542v1,Streptococcus pyogenes
46553866,SAMN46553866,,CGAS248,thoracentesis fluid,Homo sapiens,2017,China: Guangdong,,,,,GCF_054577845.1,Scaffold,ftp://ftp.ncbi.nlm.nih.gov/genomes/all/GCF/054/577/845/GCF_054577845.1_ASM5457784v1,ftp://ftp.ncbi.nlm.nih.gov/genomes/all/GCA/054/577/845/GCA_054577845.1_ASM5457784v1,Streptococcus pyogenes
46553865,SAMN46553865,,CGAS272,thoracentesis fluid,Homo sapiens,2019,China: Beijing,,,,,GCF_054577305.1,Scaffold,ftp://ftp.ncbi.nlm.nih.gov/genomes/all/GCF/054/577/305/GCF_054577305.1_ASM5457730v1,ftp://ftp.ncbi.nlm.nih.gov/genomes/all/GCA/054/577/305/GCA_054577305.1_ASM5457730v1,Streptococcus pyogenes
46553864,SAMN46553864,,CGAS225,thoracentesis fluid,Homo sapiens,2018,China: Beijing,,,,,GCF_054578285.1,Scaffold,ftp://ftp.ncbi.nlm.nih.gov/genomes/all/GCF/054/578/285/GCF_054578285.1_ASM5457828v1,ftp://ftp.ncbi.nlm.nih.gov/genomes/all/GCA/054/578/285/GCA_054578285.1_ASM5457828v1,Streptococcus pyogenes
46553863,SAMN46553863,,CGAS292,thoracentesis fluid,Homo sapiens,2020,China: Beijing,,,,,GCF_054576905.1,Scaffold,ftp://ftp.ncbi.nlm.nih.gov/genomes/all/GCF/054/576/905/GCF_054576905.1_ASM5457690v1,ftp://ftp.ncbi.nlm.nih.gov/genomes/all/GCA/054/576/905/GCA_054576905.1_ASM5457690v1,Streptococcus pyogenes
46553862,SAMN46553862,,CGAS038,thoracentesis fluid,Homo sapiens,2016,China: Beijing,,,,,GCF_054581945.1,Scaffold,ftp://ftp.ncbi.nlm.nih.gov/genomes/all/GCF/054/581/945/GCF_054581945.1_ASM5458194v1,ftp://ftp.ncbi.nlm.nih.gov/genomes/all/GCA/054/581/945/GCA_054581945.1_ASM5458194v1,Streptococcus pyogenes
46553861,SAMN46553861,,CGAS273,thoracentesis fluid,Homo sapiens,2019,China: Beijing,,,,,GCF_054577285.1,Scaffold,ftp://ftp.ncbi.nlm.nih.gov/genomes/all/GCF/054/577/285/GCF_054577285.1_ASM5457728v1,ftp://ftp.ncbi.nlm.nih.gov/genomes/all/GCA/054/577/285/GCA_054577285.1_ASM5457728v1,Streptococcus pyogenes
46553860,SAMN46553860,,CGAS275,thoracentesis fluid,Homo sapiens,2019,China: Beijing,,,,,GCF_054577245.1,Scaffold,ftp://ftp.ncbi.nlm.nih.gov/genomes/all/GCF/054/577/245/GCF_054577245.1_ASM5457724v1,ftp://ftp.ncbi.nlm.nih.gov/genomes/all/GCA/054/577/245/GCA_054577245.1_ASM5457724v1,Streptococcus pyogenes
46553859,SAMN46553859,,CGAS289,thoracentesis fluid,Homo sapiens,2020,China: Beijing,,,,,GCF_054576965.1,Scaffold,ftp://ftp.ncbi.nlm.nih.gov/genomes/all/GCF/054/576/965/GCF_054576965.1_ASM5457696v1,ftp://ftp.ncbi.nlm.nih.gov/genomes/all/GCA/054/576/965/GCA_054576965.1_ASM5457696v1,Streptococcus pyogenes
46553858,SAMN46553858,,CGAS267,thoracentesis fluid,Homo sapiens,2019,China: Beijing,,,,,GCF_054577385.1,Scaffold,ftp://ftp.ncbi.nlm.nih.gov/genomes/all/GCF/054/577/385/GCF_054577385.1_ASM5457738v1,ftp://ftp.ncbi.nlm.nih.gov/genomes/all/GCA/054/577/385/GCA_054577385.1_ASM5457738v1,Streptococcus pyogenes
46553857,SAMN46553857,,CGAS290,thoracentesis fluid,Homo sapiens,2020,China: Beijing,,,,,GCF_054576945.1,Scaffold,ftp://ftp.ncbi.nlm.nih.gov/genomes/all/GCF/054/576/945/GCF_054576945.1_ASM5457694v1,ftp://ftp.ncbi.nlm.nih.gov/genomes/all/GCA/054/576/945/GCA_054576945.1_ASM5457694v1,Streptococcus pyogenes
46553856,SAMN46553856,,CGAS238,thoracentesis fluid,Homo sapiens,2017,China: Beijing,,,,,GCF_054577985.1,Scaffold,ftp://ftp.ncbi.nlm.nih.gov/genomes/all/GCF/054/577/985/GCF_054577985.1_ASM5457798v1,ftp://ftp.ncbi.nlm.nih.gov/genomes/all/GCA/054/577/985/GCA_054577985.1_ASM5457798v1,Streptococcus pyogenes
46553855,SAMN46553855,,CGAS237,thoracentesis fluid,Homo sapiens,2017,China: Beijing,,,,,GCF_054578025.1,Scaffold,ftp://ftp.ncbi.nlm.nih.gov/genomes/all/GCF/054/578/025/GCF_054578025.1_ASM5457802v1,ftp://ftp.ncbi.nlm.nih.gov/genomes/all/GCA/054/578/025/GCA_054578025.1_ASM5457802v1,Streptococcus pyogenes
46553854,SAMN46553854,,CGAS236,thoracentesis fluid,Homo sapiens,2017,China: Beijing,,,,,GCF_054578005.1,Scaffold,ftp://ftp.ncbi.nlm.nih.gov/genomes/all/GCF/054/578/005/GCF_054578005.1_ASM5457800v1,ftp://ftp.ncbi.nlm.nih.gov/genomes/all/GCA/054/578/005/GCA_054578005.1_ASM5457800v1,Streptococcus pyogenes
46553853,SAMN46553853,,CGAS234,thoracentesis fluid,Homo sapiens,2017,China: Beijing,,,,,GCF_054578045.1,Scaffold,ftp://ftp.ncbi.nlm.nih.gov/genomes/all/GCF/054/578/045/GCF_054578045.1_ASM5457804v1,ftp://ftp.ncbi.nlm.nih.gov/genomes/all/GCA/054/578/045/GCA_054578045.1_ASM5457804v1,Streptococcus pyogenes
46553852,SAMN46553852,,CGAS233,thoracentesis fluid,Homo sapiens,2017,China: Beijing,,,,,GCF_054578085.1,Scaffold,ftp://ftp.ncbi.nlm.nih.gov/genomes/all/GCF/054/578/085/GCF_054578085.1_ASM5457808v1,ftp://ftp.ncbi.nlm.nih.gov/genomes/all/GCA/054/578/085/GCA_054578085.1_ASM5457808v1,Streptococcus pyogenes
46553851,SAMN46553851,,CGAS232,thoracentesis fluid,Homo sapiens,2017,China: Beijing,,,,,GCF_054578125.1,Scaffold,ftp://ftp.ncbi.nlm.nih.gov/genomes/all/GCF/054/578/125/GCF_054578125.1_ASM5457812v1,ftp://ftp.ncbi.nlm.nih.gov/genomes/all/GCA/054/578/125/GCA_054578125.1_ASM5457812v1,Streptococcus pyogenes
46553850,SAMN46553850,,CGAS224,thoracentesis fluid,Homo sapiens,2018,China: Beijing,,,,,GCF_054578225.1,Scaffold,ftp://ftp.ncbi.nlm.nih.gov/genomes/all/GCF/054/578/225/GCF_054578225.1_ASM5457822v1,ftp://ftp.ncbi.nlm.nih.gov/genomes/all/GCA/054/578/225/GCA_054578225.1_ASM5457822v1,Streptococcus pyogenes
46553849,SAMN46553849,,CGAS220,thoracentesis fluid,Homo sapiens,2018,China: Beijing,,,,,GCF_054578345.1,Scaffold,ftp://ftp.ncbi.nlm.nih.gov/genomes/all/GCF/054/578/345/GCF_054578345.1_ASM5457834v1,ftp://ftp.ncbi.nlm.nih.gov/genomes/all/GCA/054/578/345/GCA_054578345.1_ASM5457834v1,Streptococcus pyogenes
46553848,SAMN46553848,,CGAS217,thoracentesis fluid,Homo sapiens,2018,China: Beijing,,,,,GCF_054578405.1,Scaffold,ftp://ftp.ncbi.nlm.nih.gov/genomes/all/GCF/054/578/405/GCF_054578405.1_ASM5457840v1,ftp://ftp.ncbi.nlm.nih.gov/genomes/all/GCA/054/578/405/GCA_054578405.1_ASM5457840v1,Streptococcus pyogenes
46553847,SAMN46553847,,CGAS343,thoracentesis fluid,Homo sapiens,2017,China: Beijing,,,,,GCF_054575785.1,Scaffold,ftp://ftp.ncbi.nlm.nih.gov/genomes/all/GCF/054/575/785/GCF_054575785.1_ASM5457578v1,ftp://ftp.ncbi.nlm.nih.gov/genomes/all/GCA/054/575/785/GCA_054575785.1_ASM5457578v1,Streptococcus pyogenes
46553846,SAMN46553846,,CGAS336,thoracentesis fluid,Homo sapiens,2018,China: Beijing,,,,,GCF_054575925.1,Scaffold,ftp://ftp.ncbi.nlm.nih.gov/genomes/all/GCF/054/575/925/GCF_054575925.1_ASM5457592v1,ftp://ftp.ncbi.nlm.nih.gov/genomes/all/GCA/054/575/925/GCA_054575925.1_ASM5457592v1,Streptococcus pyogenes
46553845,SAMN46553845,,CGAS333,thoracentesis fluid,Homo sapiens,2018,China: Beijing,,,,,GCF_054575985.1,Scaffold,ftp://ftp.ncbi.nlm.nih.gov/genomes/all/GCF/054/575/985/GCF_054575985.1_ASM5457598v1,ftp://ftp.ncbi.nlm.nih.gov/genomes/all/GCA/054/575/985/GCA_054575985.1_ASM5457598v1,Streptococcus pyogenes
46553844,SAMN46553844,,CGAS332,thoracentesis fluid,Homo sapiens,2018,China: Beijing,,,,,GCF_054576005.1,Scaffold,ftp://ftp.ncbi.nlm.nih.gov/genomes/all/GCF/054/576/005/GCF_054576005.1_ASM5457600v1,ftp://ftp.ncbi.nlm.nih.gov/genomes/all/GCA/054/576/005/GCA_054576005.1_ASM5457600v1,Streptococcus pyogenes
46553843,SAMN46553843,,CGAS331,thoracentesis fluid,Homo sapiens,2018,China: Beijing,,,,,GCF_054576025.1,Scaffold,ftp://ftp.ncbi.nlm.nih.gov/genomes/all/GCF/054/576/025/GCF_054576025.1_ASM5457602v1,ftp://ftp.ncbi.nlm.nih.gov/genomes/all/GCA/054/576/025/GCA_054576025.1_ASM5457602v1,Streptococcus pyogenes
46553842,SAMN46553842,,CGAS329,thoracentesis fluid,Homo sapiens,2018,China: Beijing,,,,,GCF_054576065.1,Scaffold,ftp://ftp.ncbi.nlm.nih.gov/genomes/all/GCF/054/576/065/GCF_054576065.1_ASM5457606v1,ftp://ftp.ncbi.nlm.nih.gov/genomes/all/GCA/054/576/065/GCA_054576065.1_ASM5457606v1,Streptococcus pyogenes
46553841,SAMN46553841,,CGAS327,thoracentesis fluid,Homo sapiens,2018,China: Beijing,,,,,GCF_054576085.1,Scaffold,ftp://ftp.ncbi.nlm.nih.gov/genomes/all/GCF/054/576/085/GCF_054576085.1_ASM5457608v1,ftp://ftp.ncbi.nlm.nih.gov/genomes/all/GCA/054/576/085/GCA_054576085.1_ASM5457608v1,Streptococcus pyogenes
46553840,SAMN46553840,,CGAS326,thoracentesis fluid,Homo sapiens,2018,China: Beijing,,,,,GCF_054576125.1,Scaffold,ftp://ftp.ncbi.nlm.nih.gov/genomes/all/GCF/054/576/125/GCF_054576125.1_ASM5457612v1,ftp://ftp.ncbi.nlm.nih.gov/genomes/all/GCA/054/576/125/GCA_054576125.1_ASM5457612v1,Streptococcus pyogenes
46553839,SAMN46553839,,CGAS324,thoracentesis fluid,Homo sapiens,2018,China: Beijing,,,,,GCF_054576165.1,Scaffold,ftp://ftp.ncbi.nlm.nih.gov/genomes/all/GCF/054/576/165/GCF_054576165.1_ASM5457616v1,ftp://ftp.ncbi.nlm.nih.gov/genomes/all/GCA/054/576/165/GCA_054576165.1_ASM5457616v1,Streptococcus pyogenes
46553838,SAMN46553838,,CGAS247,thoracentesis fluid,Homo sapiens,2017,China: Beijing,,,,,GCF_054577825.1,Scaffold,ftp://ftp.ncbi.nlm.nih.gov/genomes/all/GCF/054/577/825/GCF_054577825.1_ASM5457782v1,ftp://ftp.ncbi.nlm.nih.gov/genomes/all/GCA/054/577/825/GCA_054577825.1_ASM5457782v1,Streptococcus pyogenes
46553837,SAMN46553837,,CGAS246,thoracentesis fluid,Homo sapiens,2017,China: Beijing,,,,,GCF_054577865.1,Scaffold,ftp://ftp.ncbi.nlm.nih.gov/genomes/all/GCF/054/577/865/GCF_054577865.1_ASM5457786v1,ftp://ftp.ncbi.nlm.nih.gov/genomes/all/GCA/054/577/865/GCA_054577865.1_ASM5457786v1,Streptococcus pyogenes
46553836,SAMN46553836,,CGAS243,thoracentesis fluid,Homo sapiens,2017,China: Beijing,,,,,GCF_054577925.1,Scaffold,ftp://ftp.ncbi.nlm.nih.gov/genomes/all/GCF/054/577/925/GCF_054577925.1_ASM5457792v1,ftp://ftp.ncbi.nlm.nih.gov/genomes/all/GCA/054/577/925/GCA_054577925.1_ASM5457792v1,Streptococcus pyogenes
46553835,SAMN46553835,,CGAS035,thoracentesis fluid,Homo sapiens,2016,China: Beijing,,,,,GCF_054582005.1,Scaffold,ftp://ftp.ncbi.nlm.nih.gov/genomes/all/GCF/054/582/005/GCF_054582005.1_ASM5458200v1,ftp://ftp.ncbi.nlm.nih.gov/genomes/all/GCA/054/582/005/GCA_054582005.1_ASM5458200v1,Streptococcus pyogenes
46553834,SAMN46553834,,CGAS034,thoracentesis fluid,Homo sapiens,2016,China: Beijing,,,,,GCF_054582025.1,Scaffold,ftp://ftp.ncbi.nlm.nih.gov/genomes/all/GCF/054/582/025/GCF_054582025.1_ASM5458202v1,ftp://ftp.ncbi.nlm.nih.gov/genomes/all/GCA/054/582/025/GCA_054582025.1_ASM5458202v1,Streptococcus pyogenes
46553833,SAMN46553833,,CGAS328,thoracentesis fluid,Homo sapiens,2018,China: Beijing,,,,,GCF_054576105.1,Scaffold,ftp://ftp.ncbi.nlm.nih.gov/genomes/all/GCF/054/576/105/GCF_054576105.1_ASM5457610v1,ftp://ftp.ncbi.nlm.nih.gov/genomes/all/GCA/054/576/105/GCA_054576105.1_ASM5457610v1,Streptococcus pyogenes
46553832,SAMN46553832,,CGAS268,thoracentesis fluid,Homo sapiens,2019,China: Beijing,,,,,GCF_054577405.1,Scaffold,ftp://ftp.ncbi.nlm.nih.gov/genomes/all/GCF/054/577/405/GCF_054577405.1_ASM5457740v1,ftp://ftp.ncbi.nlm.nih.gov/genomes/all/GCA/054/577/405/GCA_054577405.1_ASM5457740v1,Streptococcus pyogenes
46553831,SAMN46553831,,CGAS276,thoracentesis fluid,Homo sapiens,2019,China: Beijing,,,,,GCF_054577225.1,Scaffold,ftp://ftp.ncbi.nlm.nih.gov/genomes/all/GCF/054/577/225/GCF_054577225.1_ASM5457722v1,ftp://ftp.ncbi.nlm.nih.gov/genomes/all/GCA/054/577/225/GCA_054577225.1_ASM5457722v1,Streptococcus pyogenes
46553830,SAMN46553830,,CGAS277,thoracentesis fluid,Homo sapiens,2019,China: Beijing,,,,,GCF_054577205.1,Scaffold,ftp://ftp.ncbi.nlm.nih.gov/genomes/all/GCF/054/577/205/GCF_054577205.1_ASM5457720v1,ftp://ftp.ncbi.nlm.nih.gov/genomes/all/GCA/054/577/205/GCA_054577205.1_ASM5457720v1,Streptococcus pyogenes
46553829,SAMN46553829,,CGAS278,thoracentesis fluid,Homo sapiens,2019,China: Beijing,,,,,GCF_054577185.1,Scaffold,ftp://ftp.ncbi.nlm.nih.gov/genomes/all/GCF/054/577/185/GCF_054577185.1_ASM5457718v1,ftp://ftp.ncbi.nlm.nih.gov/genomes/all/GCA/054/577/185/GCA_054577185.1_ASM5457718v1,Streptococcus pyogenes
46553828,SAMN46553828,,CGAS270,thoracentesis fluid,Homo sapiens,2019,China: Beijing,,,,,GCF_054577345.1,Scaffold,ftp://ftp.ncbi.nlm.nih.gov/genomes/all/GCF/054/577/345/GCF_054577345.1_ASM5457734v1,ftp://ftp.ncbi.nlm.nih.gov/genomes/all/GCA/054/577/345/GCA_054577345.1_ASM5457734v1,Streptococcus pyogenes
46553827,SAMN46553827,,CGAS230,thoracentesis fluid,Homo sapiens,2018,China: Beijing,,,,,GCF_054578145.1,Scaffold,ftp://ftp.ncbi.nlm.nih.gov/genomes/all/GCF/054/578/145/GCF_054578145.1_ASM5457814v1,ftp://ftp.ncbi.nlm.nih.gov/genomes/all/GCA/054/578/145/GCA_054578145.1_ASM5457814v1,Streptococcus pyogenes
46553826,SAMN46553826,,CGAS228,thoracentesis fluid,Homo sapiens,2018,China: Beijing,,,,,GCF_054578185.1,Scaffold,ftp://ftp.ncbi.nlm.nih.gov/genomes/all/GCF/054/578/185/GCF_054578185.1_ASM5457818v1,ftp://ftp.ncbi.nlm.nih.gov/genomes/all/GCA/054/578/185/GCA_054578185.1_ASM5457818v1,Streptococcus pyogenes
46553825,SAMN46553825,,CGAS223,thoracentesis fluid,Homo sapiens,2018,China: Beijing,,,,,GCF_054578265.1,Scaffold,ftp://ftp.ncbi.nlm.nih.gov/genomes/all/GCF/054/578/265/GCF_054578265.1_ASM5457826v1,ftp://ftp.ncbi.nlm.nih.gov/genomes/all/GCA/054/578/265/GCA_054578265.1_ASM5457826v1,Streptococcus pyogenes
46553824,SAMN46553824,,CGAS221,thoracentesis fluid,Homo sapiens,2018,China: Beijing,,,,,GCF_054578325.1,Scaffold,ftp://ftp.ncbi.nlm.nih.gov/genomes/all/GCF/054/578/325/GCF_054578325.1_ASM5457832v1,ftp://ftp.ncbi.nlm.nih.gov/genomes/all/GCA/054/578/325/GCA_054578325.1_ASM5457832v1,Streptococcus pyogenes
46553823,SAMN46553823,,CGAS215,thoracentesis fluid,Homo sapiens,2018,China: Beijing,,,,,GCF_054578445.1,Scaffold,ftp://ftp.ncbi.nlm.nih.gov/genomes/all/GCF/054/578/445/GCF_054578445.1_ASM5457844v1,ftp://ftp.ncbi.nlm.nih.gov/genomes/all/GCA/054/578/445/GCA_054578445.1_ASM5457844v1,Streptococcus pyogenes
46553822,SAMN46553822,,CGAS335,thoracentesis fluid,Homo sapiens,2018,China: Beijing,,,,,GCF_054575945.1,Scaffold,ftp://ftp.ncbi.nlm.nih.gov/genomes/all/GCF/054/575/945/GCF_054575945.1_ASM5457594v1,ftp://ftp.ncbi.nlm.nih.gov/genomes/all/GCA/054/575/945/GCA_054575945.1_ASM5457594v1,Streptococcus pyogenes
46553821,SAMN46553821,,CGAS325,thoracentesis fluid,Homo sapiens,2018,China: Beijing,,,,,GCF_054576145.1,Scaffold,ftp://ftp.ncbi.nlm.nih.gov/genomes/all/GCF/054/576/145/GCF_054576145.1_ASM5457614v1,ftp://ftp.ncbi.nlm.nih.gov/genomes/all/GCA/054/576/145/GCA_054576145.1_ASM5457614v1,Streptococcus pyogenes
46553820,SAMN46553820,,CGAS037,thoracentesis fluid,Homo sapiens,2016,China: Beijing,,,,,GCF_054581965.1,Scaffold,ftp://ftp.ncbi.nlm.nih.gov/genomes/all/GCF/054/581/965/GCF_054581965.1_ASM5458196v1,ftp://ftp.ncbi.nlm.nih.gov/genomes/all/GCA/054/581/965/GCA_054581965.1_ASM5458196v1,Streptococcus pyogenes
46553819,SAMN46553819,,CGAS309,swab,Homo sapiens,2023,China: Beijing,,,,,GCF_054576425.1,Scaffold,ftp://ftp.ncbi.nlm.nih.gov/genomes/all/GCF/054/576/425/GCF_054576425.1_ASM5457642v1,ftp://ftp.ncbi.nlm.nih.gov/genomes/all/GCA/054/576/425/GCA_054576425.1_ASM5457642v1,Streptococcus pyogenes
46553818,SAMN46553818,,CGAS344,swab,Homo sapiens,2017,China: Beijing,,,,,GCF_054575765.1,Scaffold,ftp://ftp.ncbi.nlm.nih.gov/genomes/all/GCF/054/575/765/GCF_054575765.1_ASM5457576v1,ftp://ftp.ncbi.nlm.nih.gov/genomes/all/GCA/054/575/765/GCA_054575765.1_ASM5457576v1,Streptococcus pyogenes
46553817,SAMN46553817,,CGAS284,swab,Homo sapiens,2019,China: Beijing,,,,,GCF_054577065.1,Scaffold,ftp://ftp.ncbi.nlm.nih.gov/genomes/all/GCF/054/577/065/GCF_054577065.1_ASM5457706v1,ftp://ftp.ncbi.nlm.nih.gov/genomes/all/GCA/054/577/065/GCA_054577065.1_ASM5457706v1,Streptococcus pyogenes
46553816,SAMN46553816,,CGAS151,sputum,Homo sapiens,2018,China: Guangdong,,,,,GCF_054579705.1,Scaffold,ftp://ftp.ncbi.nlm.nih.gov/genomes/all/GCF/054/579/705/GCF_054579705.1_ASM5457970v1,ftp://ftp.ncbi.nlm.nih.gov/genomes/all/GCA/054/579/705/GCA_054579705.1_ASM5457970v1,Streptococcus pyogenes
46553815,SAMN46553815,,CGAS348,sputum,Homo sapiens,2019,China: Beijing,,,,,GCF_054575685.1,Scaffold,ftp://ftp.ncbi.nlm.nih.gov/genomes/all/GCF/054/575/685/GCF_054575685.1_ASM5457568v1,ftp://ftp.ncbi.nlm.nih.gov/genomes/all/GCA/054/575/685/GCA_054575685.1_ASM5457568v1,Streptococcus pyogenes
46553814,SAMN46553814,,CGAS347,sputum,Homo sapiens,2019,China: Beijing,,,,,GCF_054575705.1,Scaffold,ftp://ftp.ncbi.nlm.nih.gov/genomes/all/GCF/054/575/705/GCF_054575705.1_ASM5457570v1,ftp://ftp.ncbi.nlm.nih.gov/genomes/all/GCA/054/575/705/GCA_054575705.1_ASM5457570v1,Streptococcus pyogenes
46553813,SAMN46553813,,CGAS154,sputum,Homo sapiens,2018,China: Zhejiang,,,,,GCF_054579645.1,Scaffold,ftp://ftp.ncbi.nlm.nih.gov/genomes/all/GCF/054/579/645/GCF_054579645.1_ASM5457964v1,ftp://ftp.ncbi.nlm.nih.gov/genomes/all/GCA/054/579/645/GCA_054579645.1_ASM5457964v1,Streptococcus pyogenes
46553812,SAMN46553812,,CGAS136,sputum,Homo sapiens,2018,China: Shanghai,,,,,GCF_054580025.1,Scaffold,ftp://ftp.ncbi.nlm.nih.gov/genomes/all/GCF/054/580/025/GCF_054580025.1_ASM5458002v1,ftp://ftp.ncbi.nlm.nih.gov/genomes/all/GCA/054/580/025/GCA_054580025.1_ASM5458002v1,Streptococcus pyogenes
46553811,SAMN46553811,,CGAS152,sputum,Homo sapiens,2018,China: Zhejiang,,,,,GCF_054579685.1,Scaffold,ftp://ftp.ncbi.nlm.nih.gov/genomes/all/GCF/054/579/685/GCF_054579685.1_ASM5457968v1,ftp://ftp.ncbi.nlm.nih.gov/genomes/all/GCA/054/579/685/GCA_054579685.1_ASM5457968v1,Streptococcus pyogenes
46553810,SAMN46553810,,CGAS266,sputum,Homo sapiens,2019,China: Beijing,,,,,GCF_054577425.1,Scaffold,ftp://ftp.ncbi.nlm.nih.gov/genomes/all/GCF/054/577/425/GCF_054577425.1_ASM5457742v1,ftp://ftp.ncbi.nlm.nih.gov/genomes/all/GCA/054/577/425/GCA_054577425.1_ASM5457742v1,Streptococcus pyogenes
46553809,SAMN46553809,,CGAS316,sputum,Homo sapiens,2024,China: Beijing,,,,,GCF_054576305.1,Scaffold,ftp://ftp.ncbi.nlm.nih.gov/genomes/all/GCF/054/576/305/GCF_054576305.1_ASM5457630v1,ftp://ftp.ncbi.nlm.nih.gov/genomes/all/GCA/054/576/305/GCA_054576305.1_ASM5457630v1,Streptococcus pyogenes
46553808,SAMN46553808,,CGAS297,sputum,Homo sapiens,2022,China: Beijing,,,,,GCF_054576785.1,Scaffold,ftp://ftp.ncbi.nlm.nih.gov/genomes/all/GCF/054/576/785/GCF_054576785.1_ASM5457678v1,ftp://ftp.ncbi.nlm.nih.gov/genomes/all/GCA/054/576/785/GCA_054576785.1_ASM5457678v1,Streptococcus pyogenes
46553807,SAMN46553807,,CGAS134,sputum,Homo sapiens,2018,China: Shanghai,,,,,GCF_054580045.1,Scaffold,ftp://ftp.ncbi.nlm.nih.gov/genomes/all/GCF/054/580/045/GCF_054580045.1_ASM5458004v1,ftp://ftp.ncbi.nlm.nih.gov/genomes/all/GCA/054/580/045/GCA_054580045.1_ASM5458004v1,Streptococcus pyogenes
46553806,SAMN46553806,,CGAS200,sputum,Homo sapiens,2019,China: Hubei,,,,,GCF_054578785.1,Scaffold,ftp://ftp.ncbi.nlm.nih.gov/genomes/all/GCF/054/578/785/GCF_054578785.1_ASM5457878v1,ftp://ftp.ncbi.nlm.nih.gov/genomes/all/GCA/054/578/785/GCA_054578785.1_ASM5457878v1,Streptococcus pyogenes
46553805,SAMN46553805,,CGAS072,sputum,Homo sapiens,2019,China: Hubei,,,,,GCF_054581265.1,Scaffold,ftp://ftp.ncbi.nlm.nih.gov/genomes/all/GCF/054/581/265/GCF_054581265.1_ASM5458126v1,ftp://ftp.ncbi.nlm.nih.gov/genomes/all/GCA/054/581/265/GCA_054581265.1_ASM5458126v1,Streptococcus pyogenes
46553804,SAMN46553804,,CGAS256,sputum,Homo sapiens,2018,China: Beijing,,,,,GCF_054577685.1,Scaffold,ftp://ftp.ncbi.nlm.nih.gov/genomes/all/GCF/054/577/685/GCF_054577685.1_ASM5457768v1,ftp://ftp.ncbi.nlm.nih.gov/genomes/all/GCA/054/577/685/GCA_054577685.1_ASM5457768v1,Streptococcus pyogenes
46553803,SAMN46553803,,CGAS212,sputum,Homo sapiens,2014,China: Zhejiang,,,,,GCF_054578505.1,Scaffold,ftp://ftp.ncbi.nlm.nih.gov/genomes/all/GCF/054/578/505/GCF_054578505.1_ASM5457850v1,ftp://ftp.ncbi.nlm.nih.gov/genomes/all/GCA/054/578/505/GCA_054578505.1_ASM5457850v1,Streptococcus pyogenes
46553802,SAMN46553802,,CGAS210,sputum,Homo sapiens,2014,China: Zhejiang,,,,,GCF_054578525.1,Scaffold,ftp://ftp.ncbi.nlm.nih.gov/genomes/all/GCF/054/578/525/GCF_054578525.1_ASM5457852v1,ftp://ftp.ncbi.nlm.nih.gov/genomes/all/GCA/054/578/525/GCA_054578525.1_ASM5457852v1,Streptococcus pyogenes
46553801,SAMN46553801,,CGAS242,sputum,Homo sapiens,2017,China: Beijing,,,,,GCF_054577945.1,Scaffold,ftp://ftp.ncbi.nlm.nih.gov/genomes/all/GCF/054/577/945/GCF_054577945.1_ASM5457794v1,ftp://ftp.ncbi.nlm.nih.gov/genomes/all/GCA/054/577/945/GCA_054577945.1_ASM5457794v1,Streptococcus pyogenes
46553800,SAMN46553800,,CGAS080,sputum,Homo sapiens,2019,China: Yunnan,,,,,GCF_054581105.1,Scaffold,ftp://ftp.ncbi.nlm.nih.gov/genomes/all/GCF/054/581/105/GCF_054581105.1_ASM5458110v1,ftp://ftp.ncbi.nlm.nih.gov/genomes/all/GCA/054/581/105/GCA_054581105.1_ASM5458110v1,Streptococcus pyogenes
46553799,SAMN46553799,,CGAS100,sputum,Homo sapiens,2019,China: Inner Mongolia,,,,,GCF_054580705.1,Scaffold,ftp://ftp.ncbi.nlm.nih.gov/genomes/all/GCF/054/580/705/GCF_054580705.1_ASM5458070v1,ftp://ftp.ncbi.nlm.nih.gov/genomes/all/GCA/054/580/705/GCA_054580705.1_ASM5458070v1,Streptococcus pyogenes
46553798,SAMN46553798,,CGAS315,sputum,Homo sapiens,2024,China: Beijing,,,,,GCF_054576365.1,Scaffold,ftp://ftp.ncbi.nlm.nih.gov/genomes/all/GCF/054/576/365/GCF_054576365.1_ASM5457636v1,ftp://ftp.ncbi.nlm.nih.gov/genomes/all/GCA/054/576/365/GCA_054576365.1_ASM5457636v1,Streptococcus pyogenes
46553797,SAMN46553797,,CGAS354,sputum,Homo sapiens,2019,China: Hunan,,,,,GCF_054575565.1,Scaffold,ftp://ftp.ncbi.nlm.nih.gov/genomes/all/GCF/054/575/565/GCF_054575565.1_ASM5457556v1,ftp://ftp.ncbi.nlm.nih.gov/genomes/all/GCA/054/575/565/GCA_054575565.1_ASM5457556v1,Streptococcus pyogenes
46553796,SAMN46553796,,CGAS291,sputum,Homo sapiens,2020,China: Beijing,,,,,GCF_054576925.1,Scaffold,ftp://ftp.ncbi.nlm.nih.gov/genomes/all/GCF/054/576/925/GCF_054576925.1_ASM5457692v1,ftp://ftp.ncbi.nlm.nih.gov/genomes/all/GCA/054/576/925/GCA_054576925.1_ASM5457692v1,Streptococcus pyogenes
46553795,SAMN46553795,,CGAS279,sputum,Homo sapiens,2019,China: Beijing,,,,,GCF_054577165.1,Scaffold,ftp://ftp.ncbi.nlm.nih.gov/genomes/all/GCF/054/577/165/GCF_054577165.1_ASM5457716v1,ftp://ftp.ncbi.nlm.nih.gov/genomes/all/GCA/054/577/165/GCA_054577165.1_ASM5457716v1,Streptococcus pyogenes
46553794,SAMN46553794,,CGAS280,sputum,Homo sapiens,2019,China: Beijing,,,,,GCF_054577145.1,Scaffold,ftp://ftp.ncbi.nlm.nih.gov/genomes/all/GCF/054/577/145/GCF_054577145.1_ASM5457714v1,ftp://ftp.ncbi.nlm.nih.gov/genomes/all/GCA/054/577/145/GCA_054577145.1_ASM5457714v1,Streptococcus pyogenes
46553793,SAMN46553793,,CGAS218,sputum,Homo sapiens,2018,China: Beijing,,,,,GCF_054578385.1,Scaffold,ftp://ftp.ncbi.nlm.nih.gov/genomes/all/GCF/054/578/385/GCF_054578385.1_ASM5457838v1,ftp://ftp.ncbi.nlm.nih.gov/genomes/all/GCA/054/578/385/GCA_054578385.1_ASM5457838v1,Streptococcus pyogenes
46553792,SAMN46553792,,CGAS030,sputum,Homo sapiens,2014,China: Beijing,,,,,GCF_054582105.1,Scaffold,ftp://ftp.ncbi.nlm.nih.gov/genomes/all/GCF/054/582/105/GCF_054582105.1_ASM5458210v1,ftp://ftp.ncbi.nlm.nih.gov/genomes/all/GCA/054/582/105/GCA_054582105.1_ASM5458210v1,Streptococcus pyogenes
46553791,SAMN46553791,,CGAS211,sputum,Homo sapiens,2014,China: Zhejiang,,,,,GCF_054578545.1,Scaffold,ftp://ftp.ncbi.nlm.nih.gov/genomes/all/GCF/054/578/545/GCF_054578545.1_ASM5457854v1,ftp://ftp.ncbi.nlm.nih.gov/genomes/all/GCA/054/578/545/GCA_054578545.1_ASM5457854v1,Streptococcus pyogenes
46553790,SAMN46553790,,CGAS142,sputum,Homo sapiens,2016,China: Zhejiang,,,,,GCF_054579885.1,Scaffold,ftp://ftp.ncbi.nlm.nih.gov/genomes/all/GCF/054/579/885/GCF_054579885.1_ASM5457988v1,ftp://ftp.ncbi.nlm.nih.gov/genomes/all/GCA/054/579/885/GCA_054579885.1_ASM5457988v1,Streptococcus pyogenes
46553789,SAMN46553789,,CGAS190,sputum,Homo sapiens,2021,China: Hebei,,,,,GCF_054578935.1,Scaffold,ftp://ftp.ncbi.nlm.nih.gov/genomes/all/GCF/054/578/935/GCF_054578935.1_ASM5457893v1,ftp://ftp.ncbi.nlm.nih.gov/genomes/all/GCA/054/578/935/GCA_054578935.1_ASM5457893v1,Streptococcus pyogenes
46553788,SAMN46553788,,CGAS188,sputum,Homo sapiens,2021,China: Hebei,,,,,GCF_054578985.1,Scaffold,ftp://ftp.ncbi.nlm.nih.gov/genomes/all/GCF/054/578/985/GCF_054578985.1_ASM5457898v1,ftp://ftp.ncbi.nlm.nih.gov/genomes/all/GCA/054/578/985/GCA_054578985.1_ASM5457898v1,Streptococcus pyogenes
46553787,SAMN46553787,,CGAS089,sputum,Homo sapiens,2021,China: Guangdong,,,,,GCF_054580925.1,Scaffold,ftp://ftp.ncbi.nlm.nih.gov/genomes/all/GCF/054/580/925/GCF_054580925.1_ASM5458092v1,ftp://ftp.ncbi.nlm.nih.gov/genomes/all/GCA/054/580/925/GCA_054580925.1_ASM5458092v1,Streptococcus pyogenes
46553786,SAMN46553786,,CGAS009,sputum,Homo sapiens,2022,China: Yunnan,,,,,GCF_054582525.1,Scaffold,ftp://ftp.ncbi.nlm.nih.gov/genomes/all/GCF/054/582/525/GCF_054582525.1_ASM5458252v1,ftp://ftp.ncbi.nlm.nih.gov/genomes/all/GCA/054/582/525/GCA_054582525.1_ASM5458252v1,Streptococcus pyogenes
46553785,SAMN46553785,,CGAS177,sputum,Homo sapiens,2022,China: Beijing,,,,,GCF_054579205.1,Scaffold,ftp://ftp.ncbi.nlm.nih.gov/genomes/all/GCF/054/579/205/GCF_054579205.1_ASM5457920v1,ftp://ftp.ncbi.nlm.nih.gov/genomes/all/GCA/054/579/205/GCA_054579205.1_ASM5457920v1,Streptococcus pyogenes
46553784,SAMN46553784,,CGAS159,sputum,Homo sapiens,2022,China: Guangdong,,,,,GCF_054579545.1,Scaffold,ftp://ftp.ncbi.nlm.nih.gov/genomes/all/GCF/054/579/545/GCF_054579545.1_ASM5457954v1,ftp://ftp.ncbi.nlm.nih.gov/genomes/all/GCA/054/579/545/GCA_054579545.1_ASM5457954v1,Streptococcus pyogenes
46553783,SAMN46553783,,CGAS160,sputum,Homo sapiens,2021,China: Guangdong,,,,,GCF_054579525.1,Scaffold,ftp://ftp.ncbi.nlm.nih.gov/genomes/all/GCF/054/579/525/GCF_054579525.1_ASM5457952v1,ftp://ftp.ncbi.nlm.nih.gov/genomes/all/GCA/054/579/525/GCA_054579525.1_ASM5457952v1,Streptococcus pyogenes
46553782,SAMN46553782,,CGAS046,sputum,Homo sapiens,2022,China: Gansu,,,,,GCF_054581785.1,Scaffold,ftp://ftp.ncbi.nlm.nih.gov/genomes/all/GCF/054/581/785/GCF_054581785.1_ASM5458178v1,ftp://ftp.ncbi.nlm.nih.gov/genomes/all/GCA/054/581/785/GCA_054581785.1_ASM5458178v1,Streptococcus pyogenes
46553781,SAMN46553781,,CGAS008,sputum,Homo sapiens,2022,China: Yunnan,,,,,GCF_054582545.1,Scaffold,ftp://ftp.ncbi.nlm.nih.gov/genomes/all/GCF/054/582/545/GCF_054582545.1_ASM5458254v1,ftp://ftp.ncbi.nlm.nih.gov/genomes/all/GCA/054/582/545/GCA_054582545.1_ASM5458254v1,Streptococcus pyogenes
46553780,SAMN46553780,,CGAS229,sputum,Homo sapiens,2018,China: Beijing,,,,,GCF_054578165.1,Scaffold,ftp://ftp.ncbi.nlm.nih.gov/genomes/all/GCF/054/578/165/GCF_054578165.1_ASM5457816v1,ftp://ftp.ncbi.nlm.nih.gov/genomes/all/GCA/054/578/165/GCA_054578165.1_ASM5457816v1,Streptococcus pyogenes
46553779,SAMN46553779,,CGAS342,sputum,Homo sapiens,2017,China: Beijing,,,,,GCF_054575805.1,Scaffold,ftp://ftp.ncbi.nlm.nih.gov/genomes/all/GCF/054/575/805/GCF_054575805.1_ASM5457580v1,ftp://ftp.ncbi.nlm.nih.gov/genomes/all/GCA/054/575/805/GCA_054575805.1_ASM5457580v1,Streptococcus pyogenes
46553778,SAMN46553778,,CGAS045,sputum,Homo sapiens,2021,China: Gansu,,,,,GCF_054581805.1,Scaffold,ftp://ftp.ncbi.nlm.nih.gov/genomes/all/GCF/054/581/805/GCF_054581805.1_ASM5458180v1,ftp://ftp.ncbi.nlm.nih.gov/genomes/all/GCA/054/581/805/GCA_054581805.1_ASM5458180v1,Streptococcus pyogenes
46553777,SAMN46553777,,CGAS091,sputum,Homo sapiens,2021,China: Guangdong,,,,,GCF_054580885.1,Scaffold,ftp://ftp.ncbi.nlm.nih.gov/genomes/all/GCF/054/580/885/GCF_054580885.1_ASM5458088v1,ftp://ftp.ncbi.nlm.nih.gov/genomes/all/GCA/054/580/885/GCA_054580885.1_ASM5458088v1,Streptococcus pyogenes
46553776,SAMN46553776,,CGAS282,skin swab,Homo sapiens,2019,China: Beijing,,,,,GCF_054577105.1,Scaffold,ftp://ftp.ncbi.nlm.nih.gov/genomes/all/GCF/054/577/105/GCF_054577105.1_ASM5457710v1,ftp://ftp.ncbi.nlm.nih.gov/genomes/all/GCA/054/577/105/GCA_054577105.1_ASM5457710v1,Streptococcus pyogenes
46553775,SAMN46553775,,CGAS293,skin swab,Homo sapiens,2020,China: Beijing,,,,,GCF_054576885.1,Scaffold,ftp://ftp.ncbi.nlm.nih.gov/genomes/all/GCF/054/576/885/GCF_054576885.1_ASM5457688v1,ftp://ftp.ncbi.nlm.nih.gov/genomes/all/GCA/054/576/885/GCA_054576885.1_ASM5457688v1,Streptococcus pyogenes
46553774,SAMN46553774,,CGAS308,secretion around catheter,Homo sapiens,2023,China: Beijing,,,,,GCF_054576465.1,Scaffold,ftp://ftp.ncbi.nlm.nih.gov/genomes/all/GCF/054/576/465/GCF_054576465.1_ASM5457646v1,ftp://ftp.ncbi.nlm.nih.gov/genomes/all/GCA/054/576/465/GCA_054576465.1_ASM5457646v1,Streptococcus pyogenes
46553773,SAMN46553773,,CGAS302,secretion,Homo sapiens,2022,China: Beijing,,,,,GCF_054576605.1,Scaffold,ftp://ftp.ncbi.nlm.nih.gov/genomes/all/GCF/054/576/605/GCF_054576605.1_ASM5457660v1,ftp://ftp.ncbi.nlm.nih.gov/genomes/all/GCA/054/576/605/GCA_054576605.1_ASM5457660v1,Streptococcus pyogenes
46553772,SAMN46553772,,CGAS207,secretion,Homo sapiens,2019,China: Xinjiang,,,,,GCF_054578585.1,Scaffold,ftp://ftp.ncbi.nlm.nih.gov/genomes/all/GCF/054/578/585/GCF_054578585.1_ASM5457858v1,ftp://ftp.ncbi.nlm.nih.gov/genomes/all/GCA/054/578/585/GCA_054578585.1_ASM5457858v1,Streptococcus pyogenes
46553771,SAMN46553771,,CGAS378,secretion,Homo sapiens,2017,China: Guangdong,,,,,GCF_054575085.1,Scaffold,ftp://ftp.ncbi.nlm.nih.gov/genomes/all/GCF/054/575/085/GCF_054575085.1_ASM5457508v1,ftp://ftp.ncbi.nlm.nih.gov/genomes/all/GCA/054/575/085/GCA_054575085.1_ASM5457508v1,Streptococcus pyogenes
46553770,SAMN46553770,,CGAS368,secretion,Homo sapiens,2016,China: Guangdong,,,,,GCF_054575285.1,Scaffold,ftp://ftp.ncbi.nlm.nih.gov/genomes/all/GCF/054/575/285/GCF_054575285.1_ASM5457528v1,ftp://ftp.ncbi.nlm.nih.gov/genomes/all/GCA/054/575/285/GCA_054575285.1_ASM5457528v1,Streptococcus pyogenes
46553769,SAMN46553769,,CGAS366,secretion,Homo sapiens,2016,China: Guangdong,,,,,GCF_054575325.1,Scaffold,ftp://ftp.ncbi.nlm.nih.gov/genomes/all/GCF/054/575/325/GCF_054575325.1_ASM5457532v1,ftp://ftp.ncbi.nlm.nih.gov/genomes/all/GCA/054/575/325/GCA_054575325.1_ASM5457532v1,Streptococcus pyogenes
46553768,SAMN46553768,,CGAS161,secretion,Homo sapiens,2019,China: Hunan,,,,,GCF_054579505.1,Scaffold,ftp://ftp.ncbi.nlm.nih.gov/genomes/all/GCF/054/579/505/GCF_054579505.1_ASM5457950v1,ftp://ftp.ncbi.nlm.nih.gov/genomes/all/GCA/054/579/505/GCA_054579505.1_ASM5457950v1,Streptococcus pyogenes
46553767,SAMN46553767,,CGAS355,secretion,Homo sapiens,2019,China: Ningxia,,,,,GCF_054575545.1,Scaffold,ftp://ftp.ncbi.nlm.nih.gov/genomes/all/GCF/054/575/545/GCF_054575545.1_ASM5457554v1,ftp://ftp.ncbi.nlm.nih.gov/genomes/all/GCA/054/575/545/GCA_054575545.1_ASM5457554v1,Streptococcus pyogenes
46553766,SAMN46553766,,CGAS073,secretion,Homo sapiens,2019,China: Hubei,,,,,GCF_054581245.1,Scaffold,ftp://ftp.ncbi.nlm.nih.gov/genomes/all/GCF/054/581/245/GCF_054581245.1_ASM5458124v1,ftp://ftp.ncbi.nlm.nih.gov/genomes/all/GCA/054/581/245/GCA_054581245.1_ASM5458124v1,Streptococcus pyogenes
46553765,SAMN46553765,,CGAS123,secretion,Homo sapiens,2019,China: Shaanxi,,,,,GCF_054580245.1,Scaffold,ftp://ftp.ncbi.nlm.nih.gov/genomes/all/GCF/054/580/245/GCF_054580245.1_ASM5458024v1,ftp://ftp.ncbi.nlm.nih.gov/genomes/all/GCA/054/580/245/GCA_054580245.1_ASM5458024v1,Streptococcus pyogenes
46553764,SAMN46553764,,CGAS125,secretion,Homo sapiens,2019,China: Shaanxi,,,,,GCF_054580205.1,Scaffold,ftp://ftp.ncbi.nlm.nih.gov/genomes/all/GCF/054/580/205/GCF_054580205.1_ASM5458020v1,ftp://ftp.ncbi.nlm.nih.gov/genomes/all/GCA/054/580/205/GCA_054580205.1_ASM5458020v1,Streptococcus pyogenes
46553763,SAMN46553763,,CGAS067,secretion,Homo sapiens,2019,China: Henan,,,,,GCF_054581365.1,Scaffold,ftp://ftp.ncbi.nlm.nih.gov/genomes/all/GCF/054/581/365/GCF_054581365.1_ASM5458136v1,ftp://ftp.ncbi.nlm.nih.gov/genomes/all/GCA/054/581/365/GCA_054581365.1_ASM5458136v1,Streptococcus pyogenes
46553762,SAMN46553762,,CGAS178,secretion,Homo sapiens,2019,China: Sichuan,,,,,GCF_054579165.1,Scaffold,ftp://ftp.ncbi.nlm.nih.gov/genomes/all/GCF/054/579/165/GCF_054579165.1_ASM5457916v1,ftp://ftp.ncbi.nlm.nih.gov/genomes/all/GCA/054/579/165/GCA_054579165.1_ASM5457916v1,Streptococcus pyogenes
46553761,SAMN46553761,,CGAS356,secretion,Homo sapiens,2019,China: Hunan,,,,,GCF_054575525.1,Scaffold,ftp://ftp.ncbi.nlm.nih.gov/genomes/all/GCF/054/575/525/GCF_054575525.1_ASM5457552v1,ftp://ftp.ncbi.nlm.nih.gov/genomes/all/GCA/054/575/525/GCA_054575525.1_ASM5457552v1,Streptococcus pyogenes
46553760,SAMN46553760,,CGAS363,secretion,Homo sapiens,2016,China: Guangdong,,,,,GCF_054575365.1,Scaffold,ftp://ftp.ncbi.nlm.nih.gov/genomes/all/GCF/054/575/365/GCF_054575365.1_ASM5457536v1,ftp://ftp.ncbi.nlm.nih.gov/genomes/all/GCA/054/575/365/GCA_054575365.1_ASM5457536v1,Streptococcus pyogenes
46553759,SAMN46553759,,CGAS383,secretion,Homo sapiens,2016,China: Chongqing,,,,,GCF_054574995.1,Scaffold,ftp://ftp.ncbi.nlm.nih.gov/genomes/all/GCF/054/574/995/GCF_054574995.1_ASM5457499v1,ftp://ftp.ncbi.nlm.nih.gov/genomes/all/GCA/054/574/995/GCA_054574995.1_ASM5457499v1,Streptococcus pyogenes
46553758,SAMN46553758,,CGAS181,secretion,Homo sapiens,2019,China: Sichuan,,,,,GCF_054579125.1,Scaffold,ftp://ftp.ncbi.nlm.nih.gov/genomes/all/GCF/054/579/125/GCF_054579125.1_ASM5457912v1,ftp://ftp.ncbi.nlm.nih.gov/genomes/all/GCA/054/579/125/GCA_054579125.1_ASM5457912v1,Streptococcus pyogenes
46553757,SAMN46553757,,CGAS122,secretion,Homo sapiens,2019,China: Shaanxi,,,,,GCF_054580265.1,Scaffold,ftp://ftp.ncbi.nlm.nih.gov/genomes/all/GCF/054/580/265/GCF_054580265.1_ASM5458026v1,ftp://ftp.ncbi.nlm.nih.gov/genomes/all/GCA/054/580/265/GCA_054580265.1_ASM5458026v1,Streptococcus pyogenes
46553756,SAMN46553756,,CGAS058,secretion,Homo sapiens,2019,China: Guangdong,,,,,GCF_054581545.1,Scaffold,ftp://ftp.ncbi.nlm.nih.gov/genomes/all/GCF/054/581/545/GCF_054581545.1_ASM5458154v1,ftp://ftp.ncbi.nlm.nih.gov/genomes/all/GCA/054/581/545/GCA_054581545.1_ASM5458154v1,Streptococcus pyogenes
46553755,SAMN46553755,,CGAS384,secretion,Homo sapiens,2016,China: Chongqing,,,,,GCF_054574955.1,Scaffold,ftp://ftp.ncbi.nlm.nih.gov/genomes/all/GCF/054/574/955/GCF_054574955.1_ASM5457495v1,ftp://ftp.ncbi.nlm.nih.gov/genomes/all/GCA/054/574/955/GCA_054574955.1_ASM5457495v1,Streptococcus pyogenes
46553754,SAMN46553754,,CGAS126,secretion,Homo sapiens,2019,China: Shaanxi,,,,,GCF_054580185.1,Scaffold,ftp://ftp.ncbi.nlm.nih.gov/genomes/all/GCF/054/580/185/GCF_054580185.1_ASM5458018v1,ftp://ftp.ncbi.nlm.nih.gov/genomes/all/GCA/054/580/185/GCA_054580185.1_ASM5458018v1,Streptococcus pyogenes
46553753,SAMN46553753,,CGAS059,secretion,Homo sapiens,2019,China: Guangdong,,,,,GCF_054581525.1,Contig,ftp://ftp.ncbi.nlm.nih.gov/genomes/all/GCF/054/581/525/GCF_054581525.1_ASM5458152v1,ftp://ftp.ncbi.nlm.nih.gov/genomes/all/GCA/054/581/525/GCA_054581525.1_ASM5458152v1,Streptococcus pyogenes
46553752,SAMN46553752,,CGAS303,secretion,Homo sapiens,2022,China: Beijing,,,,,GCF_054576545.1,Scaffold,ftp://ftp.ncbi.nlm.nih.gov/genomes/all/GCF/054/576/545/GCF_054576545.1_ASM5457654v1,ftp://ftp.ncbi.nlm.nih.gov/genomes/all/GCA/054/576/545/GCA_054576545.1_ASM5457654v1,Streptococcus pyogenes
46553751,SAMN46553751,,CGAS065,secretion,Homo sapiens,2022,China: Hebei,,,,,GCF_054581405.1,Scaffold,ftp://ftp.ncbi.nlm.nih.gov/genomes/all/GCF/054/581/405/GCF_054581405.1_ASM5458140v1,ftp://ftp.ncbi.nlm.nih.gov/genomes/all/GCA/054/581/405/GCA_054581405.1_ASM5458140v1,Streptococcus pyogenes
46553750,SAMN46553750,,CGAS206,secretion,Homo sapiens,2022,China: Hubei,,,,,GCF_054578625.1,Scaffold,ftp://ftp.ncbi.nlm.nih.gov/genomes/all/GCF/054/578/625/GCF_054578625.1_ASM5457862v1,ftp://ftp.ncbi.nlm.nih.gov/genomes/all/GCA/054/578/625/GCA_054578625.1_ASM5457862v1,Streptococcus pyogenes
46553749,SAMN46553749,,CGAS364,secretion,Homo sapiens,2016,China: Guangdong,,,,,GCF_054575375.1,Scaffold,ftp://ftp.ncbi.nlm.nih.gov/genomes/all/GCF/054/575/375/GCF_054575375.1_ASM5457537v1,ftp://ftp.ncbi.nlm.nih.gov/genomes/all/GCA/054/575/375/GCA_054575375.1_ASM5457537v1,Streptococcus pyogenes
46553748,SAMN46553748,,CGAS066,respiratory specimen,Homo sapiens,2019,China: Henan,,,,,GCF_054581385.1,Scaffold,ftp://ftp.ncbi.nlm.nih.gov/genomes/all/GCF/054/581/385/GCF_054581385.1_ASM5458138v1,ftp://ftp.ncbi.nlm.nih.gov/genomes/all/GCA/054/581/385/GCA_054581385.1_ASM5458138v1,Streptococcus pyogenes
46553747,SAMN46553747,,CGAS306,respiratory specimen,Homo sapiens,2023,China: Beijing,,,,,GCF_054576485.1,Scaffold,ftp://ftp.ncbi.nlm.nih.gov/genomes/all/GCF/054/576/485/GCF_054576485.1_ASM5457648v1,ftp://ftp.ncbi.nlm.nih.gov/genomes/all/GCA/054/576/485/GCA_054576485.1_ASM5457648v1,Streptococcus pyogenes
46553746,SAMN46553746,,CGAS349,respiratory specimen,Homo sapiens,2019,China: Beijing,,,,,GCF_054575665.1,Scaffold,ftp://ftp.ncbi.nlm.nih.gov/genomes/all/GCF/054/575/665/GCF_054575665.1_ASM5457566v1,ftp://ftp.ncbi.nlm.nih.gov/genomes/all/GCA/054/575/665/GCA_054575665.1_ASM5457566v1,Streptococcus pyogenes
46553745,SAMN46553745,,CGAS307,respiratory specimen,Homo sapiens,2023,China: Beijing,,,,,GCF_054576445.1,Scaffold,ftp://ftp.ncbi.nlm.nih.gov/genomes/all/GCF/054/576/445/GCF_054576445.1_ASM5457644v1,ftp://ftp.ncbi.nlm.nih.gov/genomes/all/GCA/054/576/445/GCA_054576445.1_ASM5457644v1,Streptococcus pyogenes
46553744,SAMN46553744,,CGAS346,respiratory specimen,Homo sapiens,2019,China: Beijing,,,,,GCF_054575725.1,Scaffold,ftp://ftp.ncbi.nlm.nih.gov/genomes/all/GCF/054/575/725/GCF_054575725.1_ASM5457572v1,ftp://ftp.ncbi.nlm.nih.gov/genomes/all/GCA/054/575/725/GCA_054575725.1_ASM5457572v1,Streptococcus pyogenes
46553743,SAMN46553743,,CGAS265,respiratory specimen,Homo sapiens,2019,China: Beijing,,,,,GCF_054577505.1,Scaffold,ftp://ftp.ncbi.nlm.nih.gov/genomes/all/GCF/054/577/505/GCF_054577505.1_ASM5457750v1,ftp://ftp.ncbi.nlm.nih.gov/genomes/all/GCA/054/577/505/GCA_054577505.1_ASM5457750v1,Streptococcus pyogenes
46553742,SAMN46553742,,CGAS369,pus,Homo sapiens,2016,China: Guangdong,,,,,GCF_054575265.1,Scaffold,ftp://ftp.ncbi.nlm.nih.gov/genomes/all/GCF/054/575/265/GCF_054575265.1_ASM5457526v1,ftp://ftp.ncbi.nlm.nih.gov/genomes/all/GCA/054/575/265/GCA_054575265.1_ASM5457526v1,Streptococcus pyogenes
46553741,SAMN46553741,,CGAS367,pus,Homo sapiens,2016,China: Guangdong,,,,,GCF_054575305.1,Scaffold,ftp://ftp.ncbi.nlm.nih.gov/genomes/all/GCF/054/575/305/GCF_054575305.1_ASM5457530v1,ftp://ftp.ncbi.nlm.nih.gov/genomes/all/GCA/054/575/305/GCA_054575305.1_ASM5457530v1,Streptococcus pyogenes
46553740,SAMN46553740,,CGAS076,pus,Homo sapiens,2019,China: Jilin,,,,,GCF_054581185.1,Scaffold,ftp://ftp.ncbi.nlm.nih.gov/genomes/all/GCF/054/581/185/GCF_054581185.1_ASM5458118v1,ftp://ftp.ncbi.nlm.nih.gov/genomes/all/GCA/054/581/185/GCA_054581185.1_ASM5458118v1,Streptococcus pyogenes
46553739,SAMN46553739,,CGAS365,pus,Homo sapiens,2016,China: Guangdong,,,,,GCF_054575345.1,Scaffold,ftp://ftp.ncbi.nlm.nih.gov/genomes/all/GCF/054/575/345/GCF_054575345.1_ASM5457534v1,ftp://ftp.ncbi.nlm.nih.gov/genomes/all/GCA/054/575/345/GCA_054575345.1_ASM5457534v1,Streptococcus pyogenes
46553738,SAMN46553738,,CGAS294,pus,Homo sapiens,2021,China: Beijing,,,,,GCF_054576865.1,Scaffold,ftp://ftp.ncbi.nlm.nih.gov/genomes/all/GCF/054/576/865/GCF_054576865.1_ASM5457686v1,ftp://ftp.ncbi.nlm.nih.gov/genomes/all/GCA/054/576/865/GCA_054576865.1_ASM5457686v1,Streptococcus pyogenes
46553737,SAMN46553737,,CGAS166,pus,Homo sapiens,2021,China: Guangdong,,,,,GCF_054579425.1,Scaffold,ftp://ftp.ncbi.nlm.nih.gov/genomes/all/GCF/054/579/425/GCF_054579425.1_ASM5457942v1,ftp://ftp.ncbi.nlm.nih.gov/genomes/all/GCA/054/579/425/GCA_054579425.1_ASM5457942v1,Streptococcus pyogenes
46553736,SAMN46553736,,CGAS165,pus,Homo sapiens,2019,China: Guangdong,,,,,GCF_054579445.1,Scaffold,ftp://ftp.ncbi.nlm.nih.gov/genomes/all/GCF/054/579/445/GCF_054579445.1_ASM5457944v1,ftp://ftp.ncbi.nlm.nih.gov/genomes/all/GCA/054/579/445/GCA_054579445.1_ASM5457944v1,Streptococcus pyogenes
46553735,SAMN46553735,,CGAS105,pus,Homo sapiens,2019,China: Ningxia,,,,,GCF_054580605.1,Scaffold,ftp://ftp.ncbi.nlm.nih.gov/genomes/all/GCF/054/580/605/GCF_054580605.1_ASM5458060v1,ftp://ftp.ncbi.nlm.nih.gov/genomes/all/GCA/054/580/605/GCA_054580605.1_ASM5458060v1,Streptococcus pyogenes
46553734,SAMN46553734,,CGAS219,pus,Homo sapiens,2018,China: Beijing,,,,,GCF_054578365.1,Scaffold,ftp://ftp.ncbi.nlm.nih.gov/genomes/all/GCF/054/578/365/GCF_054578365.1_ASM5457836v1,ftp://ftp.ncbi.nlm.nih.gov/genomes/all/GCA/054/578/365/GCA_054578365.1_ASM5457836v1,Streptococcus pyogenes
46553733,SAMN46553733,,CGAS044,pus,Homo sapiens,2023,China: Yunnan,,,,,GCF_054581825.1,Scaffold,ftp://ftp.ncbi.nlm.nih.gov/genomes/all/GCF/054/581/825/GCF_054581825.1_ASM5458182v1,ftp://ftp.ncbi.nlm.nih.gov/genomes/all/GCA/054/581/825/GCA_054581825.1_ASM5458182v1,Streptococcus pyogenes
46553732,SAMN46553732,,CGAS192,pus,Homo sapiens,2020,China: Tianjin,,,,,GCF_054578885.1,Scaffold,ftp://ftp.ncbi.nlm.nih.gov/genomes/all/GCF/054/578/885/GCF_054578885.1_ASM5457888v1,ftp://ftp.ncbi.nlm.nih.gov/genomes/all/GCA/054/578/885/GCA_054578885.1_ASM5457888v1,Streptococcus pyogenes
46553731,SAMN46553731,,CGAS214,pus,Homo sapiens,2020,China: Liaoning,,,,,GCF_054578465.1,Scaffold,ftp://ftp.ncbi.nlm.nih.gov/genomes/all/GCF/054/578/465/GCF_054578465.1_ASM5457846v1,ftp://ftp.ncbi.nlm.nih.gov/genomes/all/GCA/054/578/465/GCA_054578465.1_ASM5457846v1,Streptococcus pyogenes
46553730,SAMN46553730,,CGAS299,pus,Homo sapiens,2022,China: Beijing,,,,,GCF_054576685.1,Scaffold,ftp://ftp.ncbi.nlm.nih.gov/genomes/all/GCF/054/576/685/GCF_054576685.1_ASM5457668v1,ftp://ftp.ncbi.nlm.nih.gov/genomes/all/GCA/054/576/685/GCA_054576685.1_ASM5457668v1,Streptococcus pyogenes
46553729,SAMN46553729,,CGAS101,pus,Homo sapiens,2022,China: Ningxia,,,,,GCF_054580685.1,Scaffold,ftp://ftp.ncbi.nlm.nih.gov/genomes/all/GCF/054/580/685/GCF_054580685.1_ASM5458068v1,ftp://ftp.ncbi.nlm.nih.gov/genomes/all/GCA/054/580/685/GCA_054580685.1_ASM5458068v1,Streptococcus pyogenes
46553728,SAMN46553728,,CGAS194,pus,Homo sapiens,2022,China: Hubei,,,,,GCF_054578865.1,Scaffold,ftp://ftp.ncbi.nlm.nih.gov/genomes/all/GCF/054/578/865/GCF_054578865.1_ASM5457886v1,ftp://ftp.ncbi.nlm.nih.gov/genomes/all/GCA/054/578/865/GCA_054578865.1_ASM5457886v1,Streptococcus pyogenes
46553727,SAMN46553727,,CGAS078,pus,Homo sapiens,2020,China: Yunnan,,,,,GCF_054581145.1,Scaffold,ftp://ftp.ncbi.nlm.nih.gov/genomes/all/GCF/054/581/145/GCF_054581145.1_ASM5458114v1,ftp://ftp.ncbi.nlm.nih.gov/genomes/all/GCA/054/581/145/GCA_054581145.1_ASM5458114v1,Streptococcus pyogenes
46553726,SAMN46553726,,CGAS205,pus,Homo sapiens,2021,China: Xizang,,,,,GCF_054578645.1,Scaffold,ftp://ftp.ncbi.nlm.nih.gov/genomes/all/GCF/054/578/645/GCF_054578645.1_ASM5457864v1,ftp://ftp.ncbi.nlm.nih.gov/genomes/all/GCA/054/578/645/GCA_054578645.1_ASM5457864v1,Streptococcus pyogenes
46553725,SAMN46553725,,CGAS226,pus,Homo sapiens,2018,China: Beijing,,,,,GCF_054578245.1,Scaffold,ftp://ftp.ncbi.nlm.nih.gov/genomes/all/GCF/054/578/245/GCF_054578245.1_ASM5457824v1,ftp://ftp.ncbi.nlm.nih.gov/genomes/all/GCA/054/578/245/GCA_054578245.1_ASM5457824v1,Streptococcus pyogenes
46553724,SAMN46553724,,CGAS118,pus,Homo sapiens,2022,China: Ningxia,,,,,GCF_054580345.1,Scaffold,ftp://ftp.ncbi.nlm.nih.gov/genomes/all/GCF/054/580/345/GCF_054580345.1_ASM5458034v1,ftp://ftp.ncbi.nlm.nih.gov/genomes/all/GCA/054/580/345/GCA_054580345.1_ASM5458034v1,Streptococcus pyogenes
46553723,SAMN46553723,,CGAS047,pus,Homo sapiens,2022,China: Gansu,,,,,GCF_054581765.1,Scaffold,ftp://ftp.ncbi.nlm.nih.gov/genomes/all/GCF/054/581/765/GCF_054581765.1_ASM5458176v1,ftp://ftp.ncbi.nlm.nih.gov/genomes/all/GCA/054/581/765/GCA_054581765.1_ASM5458176v1,Streptococcus pyogenes
46553722,SAMN46553722,,CGAS196,pus,Homo sapiens,2021,China: Hubei,,,,,GCF_054578845.1,Scaffold,ftp://ftp.ncbi.nlm.nih.gov/genomes/all/GCF/054/578/845/GCF_054578845.1_ASM5457884v1,ftp://ftp.ncbi.nlm.nih.gov/genomes/all/GCA/054/578/845/GCA_054578845.1_ASM5457884v1,Streptococcus pyogenes
46553721,SAMN46553721,,CGAS062,pus,Homo sapiens,2021,China: Hainan,,,,,GCF_054581465.1,Scaffold,ftp://ftp.ncbi.nlm.nih.gov/genomes/all/GCF/054/581/465/GCF_054581465.1_ASM5458146v1,ftp://ftp.ncbi.nlm.nih.gov/genomes/all/GCA/054/581/465/GCA_054581465.1_ASM5458146v1,Streptococcus pyogenes
46553720,SAMN46553720,,CGAS175,pus,Homo sapiens,2021,China: Hebei,,,,,GCF_054579245.1,Scaffold,ftp://ftp.ncbi.nlm.nih.gov/genomes/all/GCF/054/579/245/GCF_054579245.1_ASM5457924v1,ftp://ftp.ncbi.nlm.nih.gov/genomes/all/GCA/054/579/245/GCA_054579245.1_ASM5457924v1,Streptococcus pyogenes
46553719,SAMN46553719,,CGAS064,pus,Homo sapiens,2023,China: Hainan,,,,,GCF_054581425.1,Scaffold,ftp://ftp.ncbi.nlm.nih.gov/genomes/all/GCF/054/581/425/GCF_054581425.1_ASM5458142v1,ftp://ftp.ncbi.nlm.nih.gov/genomes/all/GCA/054/581/425/GCA_054581425.1_ASM5458142v1,Streptococcus pyogenes
46553718,SAMN46553718,,CGAS031,pus,Homo sapiens,2022,China: Jiangsu,,,,,GCF_054582065.1,Scaffold,ftp://ftp.ncbi.nlm.nih.gov/genomes/all/GCF/054/582/065/GCF_054582065.1_ASM5458206v1,ftp://ftp.ncbi.nlm.nih.gov/genomes/all/GCA/054/582/065/GCA_054582065.1_ASM5458206v1,Streptococcus pyogenes
46553717,SAMN46553717,,CGAS032,pus,Homo sapiens,2022,China: Jiangsu,,,,,GCF_054582085.1,Scaffold,ftp://ftp.ncbi.nlm.nih.gov/genomes/all/GCF/054/582/085/GCF_054582085.1_ASM5458208v1,ftp://ftp.ncbi.nlm.nih.gov/genomes/all/GCA/054/582/085/GCA_054582085.1_ASM5458208v1,Streptococcus pyogenes
46553716,SAMN46553716,,CGAS055,pus,Homo sapiens,2022,China: Fujian,,,,,GCF_054581605.1,Scaffold,ftp://ftp.ncbi.nlm.nih.gov/genomes/all/GCF/054/581/605/GCF_054581605.1_ASM5458160v1,ftp://ftp.ncbi.nlm.nih.gov/genomes/all/GCA/054/581/605/GCA_054581605.1_ASM5458160v1,Streptococcus pyogenes
46553715,SAMN46553715,,CGAS186,pus,Homo sapiens,2022,China: Jiangsu,,,,,GCF_054579025.1,Scaffold,ftp://ftp.ncbi.nlm.nih.gov/genomes/all/GCF/054/579/025/GCF_054579025.1_ASM5457902v1,ftp://ftp.ncbi.nlm.nih.gov/genomes/all/GCA/054/579/025/GCA_054579025.1_ASM5457902v1,Streptococcus pyogenes
46553714,SAMN46553714,,CGAS184,pus,Homo sapiens,2022,China: Jiangsu,,,,,GCF_054579085.1,Scaffold,ftp://ftp.ncbi.nlm.nih.gov/genomes/all/GCF/054/579/085/GCF_054579085.1_ASM5457908v1,ftp://ftp.ncbi.nlm.nih.gov/genomes/all/GCA/054/579/085/GCA_054579085.1_ASM5457908v1,Streptococcus pyogenes
46553713,SAMN46553713,,CGAS183,pus,Homo sapiens,2022,China: Jiangsu,,,,,GCF_054579065.1,Scaffold,ftp://ftp.ncbi.nlm.nih.gov/genomes/all/GCF/054/579/065/GCF_054579065.1_ASM5457906v1,ftp://ftp.ncbi.nlm.nih.gov/genomes/all/GCA/054/579/065/GCA_054579065.1_ASM5457906v1,Streptococcus pyogenes
46553712,SAMN46553712,,CGAS185,pus,Homo sapiens,2022,China: Jiangsu,,,,,GCF_054579045.1,Scaffold,ftp://ftp.ncbi.nlm.nih.gov/genomes/all/GCF/054/579/045/GCF_054579045.1_ASM5457904v1,ftp://ftp.ncbi.nlm.nih.gov/genomes/all/GCA/054/579/045/GCA_054579045.1_ASM5457904v1,Streptococcus pyogenes
46553711,SAMN46553711,,CGAS176,pus,Homo sapiens,2022,China: Beijing,,,,,GCF_054579225.1,Scaffold,ftp://ftp.ncbi.nlm.nih.gov/genomes/all/GCF/054/579/225/GCF_054579225.1_ASM5457922v1,ftp://ftp.ncbi.nlm.nih.gov/genomes/all/GCA/054/579/225/GCA_054579225.1_ASM5457922v1,Streptococcus pyogenes
46553710,SAMN46553710,,CGAS195,pus,Homo sapiens,2022,China: Hubei,,,,,GCF_054578825.1,Scaffold,ftp://ftp.ncbi.nlm.nih.gov/genomes/all/GCF/054/578/825/GCF_054578825.1_ASM5457882v1,ftp://ftp.ncbi.nlm.nih.gov/genomes/all/GCA/054/578/825/GCA_054578825.1_ASM5457882v1,Streptococcus pyogenes
46553709,SAMN46553709,,CGAS079,pus,Homo sapiens,2020,China: Yunnan,,,,,GCF_054581125.1,Scaffold,ftp://ftp.ncbi.nlm.nih.gov/genomes/all/GCF/054/581/125/GCF_054581125.1_ASM5458112v1,ftp://ftp.ncbi.nlm.nih.gov/genomes/all/GCA/054/581/125/GCA_054581125.1_ASM5458112v1,Streptococcus pyogenes
46553708,SAMN46553708,,CGAS209,pus,Homo sapiens,2021,China: Yunnan,,,,,GCF_054578565.1,Scaffold,ftp://ftp.ncbi.nlm.nih.gov/genomes/all/GCF/054/578/565/GCF_054578565.1_ASM5457856v1,ftp://ftp.ncbi.nlm.nih.gov/genomes/all/GCA/054/578/565/GCA_054578565.1_ASM5457856v1,Streptococcus pyogenes
46553707,SAMN46553707,,CGAS088,pus,Homo sapiens,2021,China: Guangdong,,,,,GCF_054580945.1,Scaffold,ftp://ftp.ncbi.nlm.nih.gov/genomes/all/GCF/054/580/945/GCF_054580945.1_ASM5458094v1,ftp://ftp.ncbi.nlm.nih.gov/genomes/all/GCA/054/580/945/GCA_054580945.1_ASM5458094v1,Streptococcus pyogenes
46553706,SAMN46553706,,CGAS002,pus,Homo sapiens,2021,China: Yunnan,,,,,GCF_054582665.1,Scaffold,ftp://ftp.ncbi.nlm.nih.gov/genomes/all/GCF/054/582/665/GCF_054582665.1_ASM5458266v1,ftp://ftp.ncbi.nlm.nih.gov/genomes/all/GCA/054/582/665/GCA_054582665.1_ASM5458266v1,Streptococcus pyogenes
46553705,SAMN46553705,,CGAS121,pus,Homo sapiens,2022,China: Ningxia,,,,,GCF_054580285.1,Scaffold,ftp://ftp.ncbi.nlm.nih.gov/genomes/all/GCF/054/580/285/GCF_054580285.1_ASM5458028v1,ftp://ftp.ncbi.nlm.nih.gov/genomes/all/GCA/054/580/285/GCA_054580285.1_ASM5458028v1,Streptococcus pyogenes
46553704,SAMN46553704,,CGAS162,pleural fluids,Homo sapiens,2019,China: Guangdong,,,,,GCF_054579485.1,Scaffold,ftp://ftp.ncbi.nlm.nih.gov/genomes/all/GCF/054/579/485/GCF_054579485.1_ASM5457948v1,ftp://ftp.ncbi.nlm.nih.gov/genomes/all/GCA/054/579/485/GCA_054579485.1_ASM5457948v1,Streptococcus pyogenes
46553703,SAMN46553703,,CGAS372,PICC,Homo sapiens,2017,China: Guangdong,,,,,GCF_054575205.1,Scaffold,ftp://ftp.ncbi.nlm.nih.gov/genomes/all/GCF/054/575/205/GCF_054575205.1_ASM5457520v1,ftp://ftp.ncbi.nlm.nih.gov/genomes/all/GCA/054/575/205/GCA_054575205.1_ASM5457520v1,Streptococcus pyogenes
46553702,SAMN46553702,,CGAS263,perineal swab,Homo sapiens,2019,China: Beijing,,,,,GCF_054577545.1,Scaffold,ftp://ftp.ncbi.nlm.nih.gov/genomes/all/GCF/054/577/545/GCF_054577545.1_ASM5457754v1,ftp://ftp.ncbi.nlm.nih.gov/genomes/all/GCA/054/577/545/GCA_054577545.1_ASM5457754v1,Streptococcus pyogenes
46553701,SAMN46553701,,CGAS318,oral swab,Homo sapiens,2024,China: Beijing,,,,,GCF_054576285.1,Scaffold,ftp://ftp.ncbi.nlm.nih.gov/genomes/all/GCF/054/576/285/GCF_054576285.1_ASM5457628v1,ftp://ftp.ncbi.nlm.nih.gov/genomes/all/GCA/054/576/285/GCA_054576285.1_ASM5457628v1,Streptococcus pyogenes
46553700,SAMN46553700,,CGAS271,oral swab,Homo sapiens,2019,China: Beijing,,,,,GCF_054577325.1,Scaffold,ftp://ftp.ncbi.nlm.nih.gov/genomes/all/GCF/054/577/325/GCF_054577325.1_ASM5457732v1,ftp://ftp.ncbi.nlm.nih.gov/genomes/all/GCA/054/577/325/GCA_054577325.1_ASM5457732v1,Streptococcus pyogenes
46553699,SAMN46553699,,CGAS235,oral swab,Homo sapiens,2017,China: Beijing,,,,,GCF_054578065.1,Scaffold,ftp://ftp.ncbi.nlm.nih.gov/genomes/all/GCF/054/578/065/GCF_054578065.1_ASM5457806v1,ftp://ftp.ncbi.nlm.nih.gov/genomes/all/GCA/054/578/065/GCA_054578065.1_ASM5457806v1,Streptococcus pyogenes
46553698,SAMN46553698,,CGAS340,oral swab,Homo sapiens,2017,China: Beijing,,,,,GCF_054575845.1,Scaffold,ftp://ftp.ncbi.nlm.nih.gov/genomes/all/GCF/054/575/845/GCF_054575845.1_ASM5457584v1,ftp://ftp.ncbi.nlm.nih.gov/genomes/all/GCA/054/575/845/GCA_054575845.1_ASM5457584v1,Streptococcus pyogenes
46553697,SAMN46553697,,CGAS339,oral swab,Homo sapiens,2017,China: Beijing,,,,,GCF_054575865.1,Scaffold,ftp://ftp.ncbi.nlm.nih.gov/genomes/all/GCF/054/575/865/GCF_054575865.1_ASM5457586v1,ftp://ftp.ncbi.nlm.nih.gov/genomes/all/GCA/054/575/865/GCA_054575865.1_ASM5457586v1,Streptococcus pyogenes
46553696,SAMN46553696,,CGAS338,oral swab,Homo sapiens,2017,China: Beijing,,,,,GCF_054575885.1,Scaffold,ftp://ftp.ncbi.nlm.nih.gov/genomes/all/GCF/054/575/885/GCF_054575885.1_ASM5457588v1,ftp://ftp.ncbi.nlm.nih.gov/genomes/all/GCA/054/575/885/GCA_054575885.1_ASM5457588v1,Streptococcus pyogenes
46553695,SAMN46553695,,CGAS334,oral swab,Homo sapiens,2018,China: Beijing,,,,,GCF_054575965.1,Scaffold,ftp://ftp.ncbi.nlm.nih.gov/genomes/all/GCF/054/575/965/GCF_054575965.1_ASM5457596v1,ftp://ftp.ncbi.nlm.nih.gov/genomes/all/GCA/054/575/965/GCA_054575965.1_ASM5457596v1,Streptococcus pyogenes
46553694,SAMN46553694,,CGAS245,oral swab,Homo sapiens,2017,China: Beijing,,,,,GCF_054577885.1,Scaffold,ftp://ftp.ncbi.nlm.nih.gov/genomes/all/GCF/054/577/885/GCF_054577885.1_ASM5457788v1,ftp://ftp.ncbi.nlm.nih.gov/genomes/all/GCA/054/577/885/GCA_054577885.1_ASM5457788v1,Streptococcus pyogenes
46553693,SAMN46553693,,CGAS244,oral swab,Homo sapiens,2017,China: Beijing,,,,,GCF_054577905.1,Scaffold,ftp://ftp.ncbi.nlm.nih.gov/genomes/all/GCF/054/577/905/GCF_054577905.1_ASM5457790v1,ftp://ftp.ncbi.nlm.nih.gov/genomes/all/GCA/054/577/905/GCA_054577905.1_ASM5457790v1,Streptococcus pyogenes
46553692,SAMN46553692,,CGAS231,oral swab,Homo sapiens,2017,China: Beijing,,,,,GCF_054578105.1,Scaffold,ftp://ftp.ncbi.nlm.nih.gov/genomes/all/GCF/054/578/105/GCF_054578105.1_ASM5457810v1,ftp://ftp.ncbi.nlm.nih.gov/genomes/all/GCA/054/578/105/GCA_054578105.1_ASM5457810v1,Streptococcus pyogenes
46553691,SAMN46553691,,CGAS341,oral swab,Homo sapiens,2017,China: Beijing,,,,,GCF_054575825.1,Scaffold,ftp://ftp.ncbi.nlm.nih.gov/genomes/all/GCF/054/575/825/GCF_054575825.1_ASM5457582v1,ftp://ftp.ncbi.nlm.nih.gov/genomes/all/GCA/054/575/825/GCA_054575825.1_ASM5457582v1,Streptococcus pyogenes
46553690,SAMN46553690,,CGAS330,oral swab,Homo sapiens,2018,China: Beijing,,,,,GCF_054576045.1,Scaffold,ftp://ftp.ncbi.nlm.nih.gov/genomes/all/GCF/054/576/045/GCF_054576045.1_ASM5457604v1,ftp://ftp.ncbi.nlm.nih.gov/genomes/all/GCA/054/576/045/GCA_054576045.1_ASM5457604v1,Streptococcus pyogenes
46553689,SAMN46553689,,CGAS249,oral swab,Homo sapiens,2017,China: Beijing,,,,,GCF_054577805.1,Scaffold,ftp://ftp.ncbi.nlm.nih.gov/genomes/all/GCF/054/577/805/GCF_054577805.1_ASM5457780v1,ftp://ftp.ncbi.nlm.nih.gov/genomes/all/GCA/054/577/805/GCA_054577805.1_ASM5457780v1,Streptococcus pyogenes
46553688,SAMN46553688,,CGAS269,missing,Homo sapiens,2019,China: Beijing,,,,,GCF_054577365.1,Scaffold,ftp://ftp.ncbi.nlm.nih.gov/genomes/all/GCF/054/577/365/GCF_054577365.1_ASM5457736v1,ftp://ftp.ncbi.nlm.nih.gov/genomes/all/GCA/054/577/365/GCA_054577365.1_ASM5457736v1,Streptococcus pyogenes
46553687,SAMN46553687,,CGAS255,missing,Homo sapiens,2018,China: Beijing,,,,,GCF_054577705.1,Scaffold,ftp://ftp.ncbi.nlm.nih.gov/genomes/all/GCF/054/577/705/GCF_054577705.1_ASM5457770v1,ftp://ftp.ncbi.nlm.nih.gov/genomes/all/GCA/054/577/705/GCA_054577705.1_ASM5457770v1,Streptococcus pyogenes
46553686,SAMN46553686,,CGAS128,missing,Homo sapiens,2016,China: Shandong,,,,,GCF_054580145.1,Scaffold,ftp://ftp.ncbi.nlm.nih.gov/genomes/all/GCF/054/580/145/GCF_054580145.1_ASM5458014v1,ftp://ftp.ncbi.nlm.nih.gov/genomes/all/GCA/054/580/145/GCA_054580145.1_ASM5458014v1,Streptococcus pyogenes
46553685,SAMN46553685,,CGAS043,missing,Homo sapiens,2017,China: Beijing,,,,,GCF_054581845.1,Scaffold,ftp://ftp.ncbi.nlm.nih.gov/genomes/all/GCF/054/581/845/GCF_054581845.1_ASM5458184v1,ftp://ftp.ncbi.nlm.nih.gov/genomes/all/GCA/054/581/845/GCA_054581845.1_ASM5458184v1,Streptococcus pyogenes
46553684,SAMN46553684,,CGAS351,missing,Homo sapiens,2018,China: Beijing,,,,,GCF_054575605.1,Scaffold,ftp://ftp.ncbi.nlm.nih.gov/genomes/all/GCF/054/575/605/GCF_054575605.1_ASM5457560v1,ftp://ftp.ncbi.nlm.nih.gov/genomes/all/GCA/054/575/605/GCA_054575605.1_ASM5457560v1,Streptococcus pyogenes
46553683,SAMN46553683,,CGAS391,missing,Homo sapiens,2013,China: Beijing,,,,,GCF_054574835.1,Scaffold,ftp://ftp.ncbi.nlm.nih.gov/genomes/all/GCF/054/574/835/GCF_054574835.1_ASM5457483v1,ftp://ftp.ncbi.nlm.nih.gov/genomes/all/GCA/054/574/835/GCA_054574835.1_ASM5457483v1,Streptococcus pyogenes
46553682,SAMN46553682,,CGAS390,missing,Homo sapiens,2013,China: Beijing,,,,,GCF_054574805.1,Scaffold,ftp://ftp.ncbi.nlm.nih.gov/genomes/all/GCF/054/574/805/GCF_054574805.1_ASM5457480v1,ftp://ftp.ncbi.nlm.nih.gov/genomes/all/GCA/054/574/805/GCA_054574805.1_ASM5457480v1,Streptococcus pyogenes
46553681,SAMN46553681,,CGAS392,missing,Homo sapiens,2013,China: Beijing,,,,,GCF_054574825.1,Scaffold,ftp://ftp.ncbi.nlm.nih.gov/genomes/all/GCF/054/574/825/GCF_054574825.1_ASM5457482v1,ftp://ftp.ncbi.nlm.nih.gov/genomes/all/GCA/054/574/825/GCA_054574825.1_ASM5457482v1,Streptococcus pyogenes
46553680,SAMN46553680,,CGAS041,missing,Homo sapiens,2017,China: Beijing,,,,,GCF_054581865.1,Scaffold,ftp://ftp.ncbi.nlm.nih.gov/genomes/all/GCF/054/581/865/GCF_054581865.1_ASM5458186v1,ftp://ftp.ncbi.nlm.nih.gov/genomes/all/GCA/054/581/865/GCA_054581865.1_ASM5458186v1,Streptococcus pyogenes
46553679,SAMN46553679,,CGAS387,missing,Homo sapiens,2012,China: Beijing,,,,,GCF_054574905.1,Scaffold,ftp://ftp.ncbi.nlm.nih.gov/genomes/all/GCF/054/574/905/GCF_054574905.1_ASM5457490v1,ftp://ftp.ncbi.nlm.nih.gov/genomes/all/GCA/054/574/905/GCA_054574905.1_ASM5457490v1,Streptococcus pyogenes
46553678,SAMN46553678,,CGAS386,missing,Homo sapiens,2012,China: Beijing,,,,,GCF_054574925.1,Scaffold,ftp://ftp.ncbi.nlm.nih.gov/genomes/all/GCF/054/574/925/GCF_054574925.1_ASM5457492v1,ftp://ftp.ncbi.nlm.nih.gov/genomes/all/GCA/054/574/925/GCA_054574925.1_ASM5457492v1,Streptococcus pyogenes
46553677,SAMN46553677,,CGAS385,missing,Homo sapiens,2012,China: Beijing,,,,,GCF_054574945.1,Scaffold,ftp://ftp.ncbi.nlm.nih.gov/genomes/all/GCF/054/574/945/GCF_054574945.1_ASM5457494v1,ftp://ftp.ncbi.nlm.nih.gov/genomes/all/GCA/054/574/945/GCA_054574945.1_ASM5457494v1,Streptococcus pyogenes
46553676,SAMN46553676,,CGAS042,missing,Homo sapiens,2017,China: Beijing,,,,,GCF_054581885.1,Scaffold,ftp://ftp.ncbi.nlm.nih.gov/genomes/all/GCF/054/581/885/GCF_054581885.1_ASM5458188v1,ftp://ftp.ncbi.nlm.nih.gov/genomes/all/GCA/054/581/885/GCA_054581885.1_ASM5458188v1,Streptococcus pyogenes
46553675,SAMN46553675,,CGAS040,missing,Homo sapiens,2017,China: Beijing,,,,,GCF_054581905.1,Scaffold,ftp://ftp.ncbi.nlm.nih.gov/genomes/all/GCF/054/581/905/GCF_054581905.1_ASM5458190v1,ftp://ftp.ncbi.nlm.nih.gov/genomes/all/GCA/054/581/905/GCA_054581905.1_ASM5458190v1,Streptococcus pyogenes
46553674,SAMN46553674,,CGAS022,missing,Homo sapiens,2016,China: Beijing,,,,,GCF_054582265.1,Scaffold,ftp://ftp.ncbi.nlm.nih.gov/genomes/all/GCF/054/582/265/GCF_054582265.1_ASM5458226v1,ftp://ftp.ncbi.nlm.nih.gov/genomes/all/GCA/054/582/265/GCA_054582265.1_ASM5458226v1,Streptococcus pyogenes
46553673,SAMN46553673,,CGAS019,missing,Homo sapiens,2016,China: Beijing,,,,,GCF_054582325.1,Scaffold,ftp://ftp.ncbi.nlm.nih.gov/genomes/all/GCF/054/582/325/GCF_054582325.1_ASM5458232v1,ftp://ftp.ncbi.nlm.nih.gov/genomes/all/GCA/054/582/325/GCA_054582325.1_ASM5458232v1,Streptococcus pyogenes
46553672,SAMN46553672,,CGAS015,missing,Homo sapiens,2016,China: Beijing,,,,,GCF_054582405.1,Scaffold,ftp://ftp.ncbi.nlm.nih.gov/genomes/all/GCF/054/582/405/GCF_054582405.1_ASM5458240v1,ftp://ftp.ncbi.nlm.nih.gov/genomes/all/GCA/054/582/405/GCA_054582405.1_ASM5458240v1,Streptococcus pyogenes
46553671,SAMN46553671,,CGAS013,missing,Homo sapiens,2016,China: Beijing,,,,,GCF_054582445.1,Scaffold,ftp://ftp.ncbi.nlm.nih.gov/genomes/all/GCF/054/582/445/GCF_054582445.1_ASM5458244v1,ftp://ftp.ncbi.nlm.nih.gov/genomes/all/GCA/054/582/445/GCA_054582445.1_ASM5458244v1,Streptococcus pyogenes
46553670,SAMN46553670,,CGAS131,missing,Homo sapiens,2016,China: Shandong,,,,,GCF_054580085.1,Scaffold,ftp://ftp.ncbi.nlm.nih.gov/genomes/all/GCF/054/580/085/GCF_054580085.1_ASM5458008v1,ftp://ftp.ncbi.nlm.nih.gov/genomes/all/GCA/054/580/085/GCA_054580085.1_ASM5458008v1,Streptococcus pyogenes
46553669,SAMN46553669,,CGAS130,missing,Homo sapiens,2016,China: Shandong,,,,,GCF_054580105.1,Scaffold,ftp://ftp.ncbi.nlm.nih.gov/genomes/all/GCF/054/580/105/GCF_054580105.1_ASM5458010v1,ftp://ftp.ncbi.nlm.nih.gov/genomes/all/GCA/054/580/105/GCA_054580105.1_ASM5458010v1,Streptococcus pyogenes
46553668,SAMN46553668,,CGAS127,missing,Homo sapiens,2016,China: Shandong,,,,,GCF_054580165.1,Scaffold,ftp://ftp.ncbi.nlm.nih.gov/genomes/all/GCF/054/580/165/GCF_054580165.1_ASM5458016v1,ftp://ftp.ncbi.nlm.nih.gov/genomes/all/GCA/054/580/165/GCA_054580165.1_ASM5458016v1,Streptococcus pyogenes
46553667,SAMN46553667,,CGAS112,missing,Homo sapiens,2021,China: Ningxia,,,,,GCF_054580465.1,Scaffold,ftp://ftp.ncbi.nlm.nih.gov/genomes/all/GCF/054/580/465/GCF_054580465.1_ASM5458046v1,ftp://ftp.ncbi.nlm.nih.gov/genomes/all/GCA/054/580/465/GCA_054580465.1_ASM5458046v1,Streptococcus pyogenes
46553666,SAMN46553666,,CGAS169,missing,Homo sapiens,2021,China: Liaoning,,,,,GCF_054579385.1,Scaffold,ftp://ftp.ncbi.nlm.nih.gov/genomes/all/GCF/054/579/385/GCF_054579385.1_ASM5457938v1,ftp://ftp.ncbi.nlm.nih.gov/genomes/all/GCA/054/579/385/GCA_054579385.1_ASM5457938v1,Streptococcus pyogenes
46553665,SAMN46553665,,CGAS170,missing,Homo sapiens,2021,China: Liaoning,,,,,GCF_054579345.1,Scaffold,ftp://ftp.ncbi.nlm.nih.gov/genomes/all/GCF/054/579/345/GCF_054579345.1_ASM5457934v1,ftp://ftp.ncbi.nlm.nih.gov/genomes/all/GCA/054/579/345/GCA_054579345.1_ASM5457934v1,Streptococcus pyogenes
46553664,SAMN46553664,,CGAS173,missing,Homo sapiens,2022,China: Liaoning,,,,,GCF_054579285.1,Scaffold,ftp://ftp.ncbi.nlm.nih.gov/genomes/all/GCF/054/579/285/GCF_054579285.1_ASM5457928v1,ftp://ftp.ncbi.nlm.nih.gov/genomes/all/GCA/054/579/285/GCA_054579285.1_ASM5457928v1,Streptococcus pyogenes
46553663,SAMN46553663,,CGAS172,missing,Homo sapiens,2021,China: Liaoning,,,,,GCF_054579305.1,Scaffold,ftp://ftp.ncbi.nlm.nih.gov/genomes/all/GCF/054/579/305/GCF_054579305.1_ASM5457930v1,ftp://ftp.ncbi.nlm.nih.gov/genomes/all/GCA/054/579/305/GCA_054579305.1_ASM5457930v1,Streptococcus pyogenes
46553662,SAMN46553662,,CGAS171,missing,Homo sapiens,2022,China: Liaoning,,,,,GCF_054579325.1,Scaffold,ftp://ftp.ncbi.nlm.nih.gov/genomes/all/GCF/054/579/325/GCF_054579325.1_ASM5457932v1,ftp://ftp.ncbi.nlm.nih.gov/genomes/all/GCA/054/579/325/GCA_054579325.1_ASM5457932v1,Streptococcus pyogenes
46553661,SAMN46553661,,CGAS168,missing,Homo sapiens,2021,China: Liaoning,,,,,GCF_054579365.1,Scaffold,ftp://ftp.ncbi.nlm.nih.gov/genomes/all/GCF/054/579/365/GCF_054579365.1_ASM5457936v1,ftp://ftp.ncbi.nlm.nih.gov/genomes/all/GCA/054/579/365/GCA_054579365.1_ASM5457936v1,Streptococcus pyogenes
46553660,SAMN46553660,,CGAS011,missing,Homo sapiens,2021,China: Zhejiang,,,,,GCF_054582485.1,Scaffold,ftp://ftp.ncbi.nlm.nih.gov/genomes/all/GCF/054/582/485/GCF_054582485.1_ASM5458248v1,ftp://ftp.ncbi.nlm.nih.gov/genomes/all/GCA/054/582/485/GCA_054582485.1_ASM5458248v1,Streptococcus pyogenes
46553659,SAMN46553659,,CGAS114,missing,Homo sapiens,2021,China: Hebei,,,,,GCF_054580425.1,Scaffold,ftp://ftp.ncbi.nlm.nih.gov/genomes/all/GCF/054/580/425/GCF_054580425.1_ASM5458042v1,ftp://ftp.ncbi.nlm.nih.gov/genomes/all/GCA/054/580/425/GCA_054580425.1_ASM5458042v1,Streptococcus pyogenes
46553658,SAMN46553658,,CGAS115,missing,Homo sapiens,2021,China: Ningxia,,,,,GCF_054580385.1,Scaffold,ftp://ftp.ncbi.nlm.nih.gov/genomes/all/GCF/054/580/385/GCF_054580385.1_ASM5458038v1,ftp://ftp.ncbi.nlm.nih.gov/genomes/all/GCA/054/580/385/GCA_054580385.1_ASM5458038v1,Streptococcus pyogenes
46553657,SAMN46553657,,CGAS060,missing,Homo sapiens,2021,China: Ningxia,,,,,GCF_054581505.1,Scaffold,ftp://ftp.ncbi.nlm.nih.gov/genomes/all/GCF/054/581/505/GCF_054581505.1_ASM5458150v1,ftp://ftp.ncbi.nlm.nih.gov/genomes/all/GCA/054/581/505/GCA_054581505.1_ASM5458150v1,Streptococcus pyogenes
46553656,SAMN46553656,,CGAS116,missing,Homo sapiens,2022,China: Shaanxi,,,,,GCF_054580405.1,Scaffold,ftp://ftp.ncbi.nlm.nih.gov/genomes/all/GCF/054/580/405/GCF_054580405.1_ASM5458040v1,ftp://ftp.ncbi.nlm.nih.gov/genomes/all/GCA/054/580/405/GCA_054580405.1_ASM5458040v1,Streptococcus pyogenes
46553655,SAMN46553655,,CGAS182,missing,Homo sapiens,2022,China: Sichuan,,,,,GCF_054579145.1,Scaffold,ftp://ftp.ncbi.nlm.nih.gov/genomes/all/GCF/054/579/145/GCF_054579145.1_ASM5457914v1,ftp://ftp.ncbi.nlm.nih.gov/genomes/all/GCA/054/579/145/GCA_054579145.1_ASM5457914v1,Streptococcus pyogenes
46553654,SAMN46553654,,CGAS093,missing,Homo sapiens,2022,China: Guangdong,,,,,GCF_054580855.1,Scaffold,ftp://ftp.ncbi.nlm.nih.gov/genomes/all/GCF/054/580/855/GCF_054580855.1_ASM5458085v1,ftp://ftp.ncbi.nlm.nih.gov/genomes/all/GCA/054/580/855/GCA_054580855.1_ASM5458085v1,Streptococcus pyogenes
46553653,SAMN46553653,,CGAS082,missing,Homo sapiens,2021,China: Yunnan,,,,,GCF_054581045.1,Scaffold,ftp://ftp.ncbi.nlm.nih.gov/genomes/all/GCF/054/581/045/GCF_054581045.1_ASM5458104v1,ftp://ftp.ncbi.nlm.nih.gov/genomes/all/GCA/054/581/045/GCA_054581045.1_ASM5458104v1,Streptococcus pyogenes
46553652,SAMN46553652,,CGAS010,missing,Homo sapiens,2020,China: Hebei,,,,,GCF_054582505.1,Scaffold,ftp://ftp.ncbi.nlm.nih.gov/genomes/all/GCF/054/582/505/GCF_054582505.1_ASM5458250v1,ftp://ftp.ncbi.nlm.nih.gov/genomes/all/GCA/054/582/505/GCA_054582505.1_ASM5458250v1,Streptococcus pyogenes
46553651,SAMN46553651,,CGAS203,missing,Homo sapiens,2020,China: Xizang,,,,,GCF_054578685.1,Scaffold,ftp://ftp.ncbi.nlm.nih.gov/genomes/all/GCF/054/578/685/GCF_054578685.1_ASM5457868v1,ftp://ftp.ncbi.nlm.nih.gov/genomes/all/GCA/054/578/685/GCA_054578685.1_ASM5457868v1,Streptococcus pyogenes
46553650,SAMN46553650,,CGAS048,missing,Homo sapiens,2021,China: Guangdong,,,,,GCF_054581745.1,Scaffold,ftp://ftp.ncbi.nlm.nih.gov/genomes/all/GCF/054/581/745/GCF_054581745.1_ASM5458174v1,ftp://ftp.ncbi.nlm.nih.gov/genomes/all/GCA/054/581/745/GCA_054581745.1_ASM5458174v1,Streptococcus pyogenes
46553649,SAMN46553649,,CGAS001,missing,Homo sapiens,2021,China: Yunnan,,,,,GCF_054582685.1,Scaffold,ftp://ftp.ncbi.nlm.nih.gov/genomes/all/GCF/054/582/685/GCF_054582685.1_ASM5458268v1,ftp://ftp.ncbi.nlm.nih.gov/genomes/all/GCA/054/582/685/GCA_054582685.1_ASM5458268v1,Streptococcus pyogenes
46553648,SAMN46553648,,CGAS189,missing,Homo sapiens,2021,China: Hebei,,,,,GCF_054578965.1,Contig,ftp://ftp.ncbi.nlm.nih.gov/genomes/all/GCF/054/578/965/GCF_054578965.1_ASM5457896v1,ftp://ftp.ncbi.nlm.nih.gov/genomes/all/GCA/054/578/965/GCA_054578965.1_ASM5457896v1,Streptococcus pyogenes
46553647,SAMN46553647,,CGAS084,missing,Homo sapiens,2021,China: Yunnan,,,,,GCF_054581025.1,Scaffold,ftp://ftp.ncbi.nlm.nih.gov/genomes/all/GCF/054/581/025/GCF_054581025.1_ASM5458102v1,ftp://ftp.ncbi.nlm.nih.gov/genomes/all/GCA/054/581/025/GCA_054581025.1_ASM5458102v1,Streptococcus pyogenes
46553646,SAMN46553646,,CGAS081,missing,Homo sapiens,2021,China: Yunnan,,,,,GCF_054581085.1,Scaffold,ftp://ftp.ncbi.nlm.nih.gov/genomes/all/GCF/054/581/085/GCF_054581085.1_ASM5458108v1,ftp://ftp.ncbi.nlm.nih.gov/genomes/all/GCA/054/581/085/GCA_054581085.1_ASM5458108v1,Streptococcus pyogenes
46553645,SAMN46553645,,CGAS083,missing,Homo sapiens,2021,China: Yunnan,,,,,GCF_054581065.1,Scaffold,ftp://ftp.ncbi.nlm.nih.gov/genomes/all/GCF/054/581/065/GCF_054581065.1_ASM5458106v1,ftp://ftp.ncbi.nlm.nih.gov/genomes/all/GCA/054/581/065/GCA_054581065.1_ASM5458106v1,Streptococcus pyogenes
46553644,SAMN46553644,,CGAS090,missing,Homo sapiens,2021,China: Guangdong,,,,,GCF_054580905.1,Scaffold,ftp://ftp.ncbi.nlm.nih.gov/genomes/all/GCF/054/580/905/GCF_054580905.1_ASM5458090v1,ftp://ftp.ncbi.nlm.nih.gov/genomes/all/GCA/054/580/905/GCA_054580905.1_ASM5458090v1,Streptococcus pyogenes
46553643,SAMN46553643,,CGAS092,missing,Homo sapiens,2021,China: Guangdong,,,,,GCF_054580845.1,Scaffold,ftp://ftp.ncbi.nlm.nih.gov/genomes/all/GCF/054/580/845/GCF_054580845.1_ASM5458084v1,ftp://ftp.ncbi.nlm.nih.gov/genomes/all/GCA/054/580/845/GCA_054580845.1_ASM5458084v1,Streptococcus pyogenes
46553642,SAMN46553642,,CGAS119,missing,Homo sapiens,2022,China: Ningxia,,,,,GCF_054580325.1,Scaffold,ftp://ftp.ncbi.nlm.nih.gov/genomes/all/GCF/054/580/325/GCF_054580325.1_ASM5458032v1,ftp://ftp.ncbi.nlm.nih.gov/genomes/all/GCA/054/580/325/GCA_054580325.1_ASM5458032v1,Streptococcus pyogenes
46553641,SAMN46553641,,CGAS004,missing,Homo sapiens,2022,China: Yunnan,,,,,GCF_054582625.1,Scaffold,ftp://ftp.ncbi.nlm.nih.gov/genomes/all/GCF/054/582/625/GCF_054582625.1_ASM5458262v1,ftp://ftp.ncbi.nlm.nih.gov/genomes/all/GCA/054/582/625/GCA_054582625.1_ASM5458262v1,Streptococcus pyogenes
46553640,SAMN46553640,,CGAS003,missing,Homo sapiens,2022,China: Yunnan,,,,,GCF_054582645.1,Scaffold,ftp://ftp.ncbi.nlm.nih.gov/genomes/all/GCF/054/582/645/GCF_054582645.1_ASM5458264v1,ftp://ftp.ncbi.nlm.nih.gov/genomes/all/GCA/054/582/645/GCA_054582645.1_ASM5458264v1,Streptococcus pyogenes
46553639,SAMN46553639,,CGAS050,missing,Homo sapiens,2022,China: Guangdong,,,,,GCF_054581705.1,Scaffold,ftp://ftp.ncbi.nlm.nih.gov/genomes/all/GCF/054/581/705/GCF_054581705.1_ASM5458170v1,ftp://ftp.ncbi.nlm.nih.gov/genomes/all/GCA/054/581/705/GCA_054581705.1_ASM5458170v1,Streptococcus pyogenes
46553638,SAMN46553638,,CGAS051,missing,Homo sapiens,2022,China: Guangdong,,,,,GCF_054581685.1,Scaffold,ftp://ftp.ncbi.nlm.nih.gov/genomes/all/GCF/054/581/685/GCF_054581685.1_ASM5458168v1,ftp://ftp.ncbi.nlm.nih.gov/genomes/all/GCA/054/581/685/GCA_054581685.1_ASM5458168v1,Streptococcus pyogenes
46553637,SAMN46553637,,CGAS053,missing,Homo sapiens,2022,China: Guangdong,,,,,GCF_054581645.1,Contig,ftp://ftp.ncbi.nlm.nih.gov/genomes/all/GCF/054/581/645/GCF_054581645.1_ASM5458164v1,ftp://ftp.ncbi.nlm.nih.gov/genomes/all/GCA/054/581/645/GCA_054581645.1_ASM5458164v1,Streptococcus pyogenes
46553636,SAMN46553636,,CGAS191,missing,Homo sapiens,2022,China: Hebei,,,,,GCF_054578925.1,Scaffold,ftp://ftp.ncbi.nlm.nih.gov/genomes/all/GCF/054/578/925/GCF_054578925.1_ASM5457892v1,ftp://ftp.ncbi.nlm.nih.gov/genomes/all/GCA/054/578/925/GCA_054578925.1_ASM5457892v1,Streptococcus pyogenes
46553635,SAMN46553635,,CGAS005,missing,Homo sapiens,2022,China: Yunnan,,,,,GCF_054582605.1,Contig,ftp://ftp.ncbi.nlm.nih.gov/genomes/all/GCF/054/582/605/GCF_054582605.1_ASM5458260v1,ftp://ftp.ncbi.nlm.nih.gov/genomes/all/GCA/054/582/605/GCA_054582605.1_ASM5458260v1,Streptococcus pyogenes
46553634,SAMN46553634,,CGAS006,missing,Homo sapiens,2022,China: Yunnan,,,,,GCF_054582585.1,Scaffold,ftp://ftp.ncbi.nlm.nih.gov/genomes/all/GCF/054/582/585/GCF_054582585.1_ASM5458258v1,ftp://ftp.ncbi.nlm.nih.gov/genomes/all/GCA/054/582/585/GCA_054582585.1_ASM5458258v1,Streptococcus pyogenes
46553633,SAMN46553633,,CGAS007,missing,Homo sapiens,2022,China: Yunnan,,,,,GCF_054582565.1,Scaffold,ftp://ftp.ncbi.nlm.nih.gov/genomes/all/GCF/054/582/565/GCF_054582565.1_ASM5458256v1,ftp://ftp.ncbi.nlm.nih.gov/genomes/all/GCA/054/582/565/GCA_054582565.1_ASM5458256v1,Streptococcus pyogenes
46553632,SAMN46553632,,CGAS056,missing,Homo sapiens,2020,China: Guangdong,,,,,GCF_054581585.1,Scaffold,ftp://ftp.ncbi.nlm.nih.gov/genomes/all/GCF/054/581/585/GCF_054581585.1_ASM5458158v1,ftp://ftp.ncbi.nlm.nih.gov/genomes/all/GCA/054/581/585/GCA_054581585.1_ASM5458158v1,Streptococcus pyogenes
46553631,SAMN46553631,,CGAS113,missing,Homo sapiens,2021,China: Ningxia,,,,,GCF_054580445.1,Scaffold,ftp://ftp.ncbi.nlm.nih.gov/genomes/all/GCF/054/580/445/GCF_054580445.1_ASM5458044v1,ftp://ftp.ncbi.nlm.nih.gov/genomes/all/GCA/054/580/445/GCA_054580445.1_ASM5458044v1,Streptococcus pyogenes
46553630,SAMN46553630,,CGAS120,missing,Homo sapiens,2022,China: Ningxia,,,,,GCF_054580305.1,Scaffold,ftp://ftp.ncbi.nlm.nih.gov/genomes/all/GCF/054/580/305/GCF_054580305.1_ASM5458030v1,ftp://ftp.ncbi.nlm.nih.gov/genomes/all/GCA/054/580/305/GCA_054580305.1_ASM5458030v1,Streptococcus pyogenes
46553629,SAMN46553629,,CGAS052,missing,Homo sapiens,2022,China: Guangdong,,,,,GCF_054581665.1,Scaffold,ftp://ftp.ncbi.nlm.nih.gov/genomes/all/GCF/054/581/665/GCF_054581665.1_ASM5458166v1,ftp://ftp.ncbi.nlm.nih.gov/genomes/all/GCA/054/581/665/GCA_054581665.1_ASM5458166v1,Streptococcus pyogenes
46553628,SAMN46553628,,CGAS039,missing,Homo sapiens,2017,China: Beijing,,,,,GCF_054581925.1,Scaffold,ftp://ftp.ncbi.nlm.nih.gov/genomes/all/GCF/054/581/925/GCF_054581925.1_ASM5458192v1,ftp://ftp.ncbi.nlm.nih.gov/genomes/all/GCA/054/581/925/GCA_054581925.1_ASM5458192v1,Streptococcus pyogenes
46553627,SAMN46553627,,CGAS274,missing,Homo sapiens,2019,China: Beijing,,,,,GCF_054577265.1,Scaffold,ftp://ftp.ncbi.nlm.nih.gov/genomes/all/GCF/054/577/265/GCF_054577265.1_ASM5457726v1,ftp://ftp.ncbi.nlm.nih.gov/genomes/all/GCA/054/577/265/GCA_054577265.1_ASM5457726v1,Streptococcus pyogenes
46553626,SAMN46553626,,CGAS389,missing,Homo sapiens,2013,China: Beijing,,,,,GCF_054574865.1,Scaffold,ftp://ftp.ncbi.nlm.nih.gov/genomes/all/GCF/054/574/865/GCF_054574865.1_ASM5457486v1,ftp://ftp.ncbi.nlm.nih.gov/genomes/all/GCA/054/574/865/GCA_054574865.1_ASM5457486v1,Streptococcus pyogenes
46553625,SAMN46553625,,CGAS388,missing,Homo sapiens,2013,China: Beijing,,,,,GCF_054574875.1,Scaffold,ftp://ftp.ncbi.nlm.nih.gov/genomes/all/GCF/054/574/875/GCF_054574875.1_ASM5457487v1,ftp://ftp.ncbi.nlm.nih.gov/genomes/all/GCA/054/574/875/GCA_054574875.1_ASM5457487v1,Streptococcus pyogenes
46553624,SAMN46553624,,CGAS352,missing,Homo sapiens,2021,China: Beijing,,,,,GCF_054575645.1,Scaffold,ftp://ftp.ncbi.nlm.nih.gov/genomes/all/GCF/054/575/645/GCF_054575645.1_ASM5457564v1,ftp://ftp.ncbi.nlm.nih.gov/genomes/all/GCA/054/575/645/GCA_054575645.1_ASM5457564v1,Streptococcus pyogenes
46553623,SAMN46553623,,CGAS353,missing,Homo sapiens,2020,China: Beijing,,,,,GCF_054575585.1,Scaffold,ftp://ftp.ncbi.nlm.nih.gov/genomes/all/GCF/054/575/585/GCF_054575585.1_ASM5457558v1,ftp://ftp.ncbi.nlm.nih.gov/genomes/all/GCA/054/575/585/GCA_054575585.1_ASM5457558v1,Streptococcus pyogenes
46553622,SAMN46553622,,CGAS023,missing,Homo sapiens,2016,China: Beijing,,,,,GCF_054582245.1,Scaffold,ftp://ftp.ncbi.nlm.nih.gov/genomes/all/GCF/054/582/245/GCF_054582245.1_ASM5458224v1,ftp://ftp.ncbi.nlm.nih.gov/genomes/all/GCA/054/582/245/GCA_054582245.1_ASM5458224v1,Streptococcus pyogenes
46553621,SAMN46553621,,CGAS021,missing,Homo sapiens,2016,China: Beijing,,,,,GCF_054582285.1,Scaffold,ftp://ftp.ncbi.nlm.nih.gov/genomes/all/GCF/054/582/285/GCF_054582285.1_ASM5458228v1,ftp://ftp.ncbi.nlm.nih.gov/genomes/all/GCA/054/582/285/GCA_054582285.1_ASM5458228v1,Streptococcus pyogenes
46553620,SAMN46553620,,CGAS020,missing,Homo sapiens,2016,China: Beijing,,,,,GCF_054582305.1,Scaffold,ftp://ftp.ncbi.nlm.nih.gov/genomes/all/GCF/054/582/305/GCF_054582305.1_ASM5458230v1,ftp://ftp.ncbi.nlm.nih.gov/genomes/all/GCA/054/582/305/GCA_054582305.1_ASM5458230v1,Streptococcus pyogenes
46553619,SAMN46553619,,CGAS018,missing,Homo sapiens,2016,China: Beijing,,,,,GCF_054582345.1,Scaffold,ftp://ftp.ncbi.nlm.nih.gov/genomes/all/GCF/054/582/345/GCF_054582345.1_ASM5458234v1,ftp://ftp.ncbi.nlm.nih.gov/genomes/all/GCA/054/582/345/GCA_054582345.1_ASM5458234v1,Streptococcus pyogenes
46553618,SAMN46553618,,CGAS017,missing,Homo sapiens,2016,China: Beijing,,,,,GCF_054582365.1,Scaffold,ftp://ftp.ncbi.nlm.nih.gov/genomes/all/GCF/054/582/365/GCF_054582365.1_ASM5458236v1,ftp://ftp.ncbi.nlm.nih.gov/genomes/all/GCA/054/582/365/GCA_054582365.1_ASM5458236v1,Streptococcus pyogenes
46553617,SAMN46553617,,CGAS016,missing,Homo sapiens,2016,China: Beijing,,,,,GCF_054582385.1,Scaffold,ftp://ftp.ncbi.nlm.nih.gov/genomes/all/GCF/054/582/385/GCF_054582385.1_ASM5458238v1,ftp://ftp.ncbi.nlm.nih.gov/genomes/all/GCA/054/582/385/GCA_054582385.1_ASM5458238v1,Streptococcus pyogenes
46553616,SAMN46553616,,CGAS014,missing,Homo sapiens,2016,China: Beijing,,,,,GCF_054582425.1,Scaffold,ftp://ftp.ncbi.nlm.nih.gov/genomes/all/GCF/054/582/425/GCF_054582425.1_ASM5458242v1,ftp://ftp.ncbi.nlm.nih.gov/genomes/all/GCA/054/582/425/GCA_054582425.1_ASM5458242v1,Streptococcus pyogenes
46553615,SAMN46553615,,CGAS012,missing,Homo sapiens,2016,China: Beijing,,,,,GCF_054582465.1,Scaffold,ftp://ftp.ncbi.nlm.nih.gov/genomes/all/GCF/054/582/465/GCF_054582465.1_ASM5458246v1,ftp://ftp.ncbi.nlm.nih.gov/genomes/all/GCA/054/582/465/GCA_054582465.1_ASM5458246v1,Streptococcus pyogenes
46553614,SAMN46553614,,CGAS133,missing,Homo sapiens,2016,China: Shandong,,,,,GCF_054580065.1,Scaffold,ftp://ftp.ncbi.nlm.nih.gov/genomes/all/GCF/054/580/065/GCF_054580065.1_ASM5458006v1,ftp://ftp.ncbi.nlm.nih.gov/genomes/all/GCA/054/580/065/GCA_054580065.1_ASM5458006v1,Streptococcus pyogenes
46553613,SAMN46553613,,CGAS129,missing,Homo sapiens,2016,China: Shandong,,,,,GCF_054580125.1,Scaffold,ftp://ftp.ncbi.nlm.nih.gov/genomes/all/GCF/054/580/125/GCF_054580125.1_ASM5458012v1,ftp://ftp.ncbi.nlm.nih.gov/genomes/all/GCA/054/580/125/GCA_054580125.1_ASM5458012v1,Streptococcus pyogenes
46553612,SAMN46553612,,CGAS174,missing,Homo sapiens,2014,China: Liaoning,,,,,GCF_054579265.1,Scaffold,ftp://ftp.ncbi.nlm.nih.gov/genomes/all/GCF/054/579/265/GCF_054579265.1_ASM5457926v1,ftp://ftp.ncbi.nlm.nih.gov/genomes/all/GCA/054/579/265/GCA_054579265.1_ASM5457926v1,Streptococcus pyogenes
46553611,SAMN46553611,,CGAS024,missing,Homo sapiens,2014,China: Beijing,,,,,GCF_054582225.1,Scaffold,ftp://ftp.ncbi.nlm.nih.gov/genomes/all/GCF/054/582/225/GCF_054582225.1_ASM5458222v1,ftp://ftp.ncbi.nlm.nih.gov/genomes/all/GCA/054/582/225/GCA_054582225.1_ASM5458222v1,Streptococcus pyogenes
46553610,SAMN46553610,,CGAS381,impetiginous lesions,Homo sapiens,2015,China: Chongqing,,,,,GCF_054575025.1,Scaffold,ftp://ftp.ncbi.nlm.nih.gov/genomes/all/GCF/054/575/025/GCF_054575025.1_ASM5457502v1,ftp://ftp.ncbi.nlm.nih.gov/genomes/all/GCA/054/575/025/GCA_054575025.1_ASM5457502v1,Streptococcus pyogenes
46553609,SAMN46553609,,CGAS360,impetiginous lesions,Homo sapiens,2014,China: Guangdong,,,,,GCF_054575445.1,Scaffold,ftp://ftp.ncbi.nlm.nih.gov/genomes/all/GCF/054/575/445/GCF_054575445.1_ASM5457544v1,ftp://ftp.ncbi.nlm.nih.gov/genomes/all/GCA/054/575/445/GCA_054575445.1_ASM5457544v1,Streptococcus pyogenes
46553608,SAMN46553608,,CGAS371,drainage,Homo sapiens,2017,China: Guangdong,,,,,GCF_054575225.1,Scaffold,ftp://ftp.ncbi.nlm.nih.gov/genomes/all/GCF/054/575/225/GCF_054575225.1_ASM5457522v1,ftp://ftp.ncbi.nlm.nih.gov/genomes/all/GCA/054/575/225/GCA_054575225.1_ASM5457522v1,Streptococcus pyogenes
46553607,SAMN46553607,,CGAS322,drainage,Homo sapiens,2024,China: Beijing,,,,,GCF_054576225.1,Scaffold,ftp://ftp.ncbi.nlm.nih.gov/genomes/all/GCF/054/576/225/GCF_054576225.1_ASM5457622v1,ftp://ftp.ncbi.nlm.nih.gov/genomes/all/GCA/054/576/225/GCA_054576225.1_ASM5457622v1,Streptococcus pyogenes
46553606,SAMN46553606,,CGAS321,drainage,Homo sapiens,2024,China: Beijing,,,,,GCF_054576205.1,Scaffold,ftp://ftp.ncbi.nlm.nih.gov/genomes/all/GCF/054/576/205/GCF_054576205.1_ASM5457620v1,ftp://ftp.ncbi.nlm.nih.gov/genomes/all/GCA/054/576/205/GCA_054576205.1_ASM5457620v1,Streptococcus pyogenes
